Customer ID,Total_Orders,Total_Revenue,Total_Units,Unique_Products,Recency_Days,Customer_Lifetime_Days,Average_Order_Value,Average_Units_Per_Order,Average_Products_Per_Order,Orders_Per_Month,Revenue_Segment,Activity_Segment
12346.0,1,77183.6,74215,1,326,0,77183.6,74215.0,1.0,1.0,Very High,Inactive
12347.0,7,4310.0,2458,103,2,365,615.7142857142857,351.14285714285717,14.714285714285714,0.5316455696202532,Very High,Active
12348.0,4,1797.24,2341,22,75,282,449.31,585.25,5.5,0.3846153846153846,Very High,Recently Inactive
12349.0,1,1757.55,631,73,19,0,1757.55,631.0,73.0,1.0,Very High,Active
12350.0,1,334.40000000000003,197,17,310,0,334.40000000000003,197.0,17.0,1.0,Medium,Inactive
12352.0,7,1665.74,533,58,36,260,237.96285714285713,76.14285714285714,8.285714285714286,0.7241379310344828,Very High,Recently Inactive
12353.0,1,89.0,20,4,204,0,89.0,20.0,4.0,1.0,Low,Inactive
12354.0,1,1079.4,530,58,232,0,1079.4,530.0,58.0,1.0,High,Inactive
12355.0,1,459.40000000000003,240,13,214,0,459.40000000000003,240.0,13.0,1.0,Medium,Inactive
12356.0,3,2811.43,1591,53,23,302,937.1433333333333,530.3333333333334,17.666666666666668,0.2710843373493976,Very High,Active
12357.0,1,6207.67,2708,131,33,0,6207.67,2708.0,131.0,1.0,Very High,Recently Inactive
12358.0,2,1168.06,248,13,2,149,584.03,124.0,6.5,0.33519553072625696,High,Active
12359.0,4,6310.03,1609,214,58,274,1577.5075,402.25,53.5,0.39473684210526316,Very High,Recently Inactive
12360.0,3,2662.06,1165,105,52,148,887.3533333333334,388.3333333333333,35.0,0.5056179775280899,Very High,Recently Inactive
12361.0,1,189.9,91,10,287,0,189.9,91.0,10.0,1.0,Low,Inactive
12362.0,10,5226.2300000000005,2229,201,3,292,522.623,222.9,20.1,0.9316770186335405,Very High,Active
12363.0,2,552.0,408,23,110,132,276.0,204.0,11.5,0.37037037037037035,Medium,At Risk
12364.0,4,1313.1,1506,70,8,104,328.275,376.5,17.5,0.8955223880597015,High,Active
12365.0,1,320.69,173,21,291,0,320.69,173.0,21.0,1.0,Medium,Inactive
12367.0,1,168.9,173,11,4,0,168.9,173.0,11.0,1.0,Low,Active
12370.0,4,3541.94,2352,143,51,309,885.485,588.0,35.75,0.35398230088495575,Very High,Recently Inactive
12371.0,2,1887.96,591,63,45,14,943.98,295.5,31.5,1.3636363636363635,Very High,Recently Inactive
12372.0,3,1298.04,794,34,72,224,432.68,264.6666666666667,11.333333333333334,0.3543307086614173,High,Recently Inactive
12373.0,1,364.6,197,14,311,0,364.6,197.0,14.0,1.0,Medium,Inactive
12374.0,1,742.9300000000001,342,33,25,0,742.9300000000001,342.0,33.0,1.0,High,Active
12375.0,2,457.5,178,14,11,87,228.75,89.0,7.0,0.5128205128205129,Medium,Active
12377.0,2,1628.1200000000001,944,72,315,39,814.0600000000001,472.0,36.0,0.8695652173913044,High,Inactive
12378.0,1,4008.62,2529,219,130,0,4008.62,2529.0,219.0,1.0,Very High,At Risk
12379.0,2,852.24,407,39,82,88,426.12,203.5,19.5,0.5084745762711864,High,Recently Inactive
12380.0,4,2724.81,1127,77,22,164,681.2025,281.75,19.25,0.6185567010309279,Very High,Active
12381.0,5,1845.31,808,70,5,115,369.062,161.6,14.0,1.0344827586206895,Very High,Active
12383.0,5,1850.56,1532,84,185,167,370.11199999999997,306.4,16.8,0.7614213197969544,Very High,Inactive
12384.0,2,585.27,126,26,29,92,292.635,63.0,13.0,0.49180327868852464,Medium,Active
12386.0,2,401.9,354,10,338,29,200.95,177.0,5.0,1.0169491525423728,Medium,Inactive
12388.0,6,2780.6600000000003,1462,57,16,311,463.4433333333334,243.66666666666666,9.5,0.5278592375366569,Very High,Active
12390.0,1,549.84,353,32,80,0,549.84,353.0,32.0,1.0,Medium,Recently Inactive
12391.0,1,439.66,293,92,22,0,439.66,293.0,92.0,1.0,Medium,Active
12393.0,4,1582.6000000000001,816,47,72,260,395.65000000000003,204.0,11.75,0.4137931034482759,High,Recently Inactive
12394.0,2,1272.48,819,26,64,153,636.24,409.5,13.0,0.3278688524590164,High,Recently Inactive
12395.0,12,3018.63,2118,91,19,351,251.5525,176.5,7.583333333333333,0.9448818897637796,Very High,Active
12397.0,2,2409.9,1263,110,36,99,1204.95,631.5,55.0,0.46511627906976744,Very High,Recently Inactive
12398.0,1,1635.6599999999999,1394,85,46,0,1635.6599999999999,1394.0,85.0,1.0,High,Recently Inactive
12399.0,4,1108.65,1178,47,119,142,277.1625,294.5,11.75,0.6976744186046512,High,At Risk
12401.0,1,84.3,11,5,303,0,84.3,11.0,5.0,1.0,Low,Inactive
12402.0,1,225.60000000000002,94,11,323,0,225.60000000000002,94.0,11.0,1.0,Low,Inactive
12403.0,1,427.7,96,5,50,0,427.7,96.0,5.0,1.0,Medium,Recently Inactive
12405.0,1,1710.39,857,54,149,0,1710.39,857.0,54.0,1.0,Very High,At Risk
12406.0,2,3415.3,1818,92,22,161,1707.65,909.0,46.0,0.31413612565445026,Very High,Active
12407.0,5,1708.12,1416,57,50,214,341.62399999999997,283.2,11.4,0.6147540983606558,Very High,Recently Inactive
12408.0,5,2888.55,1409,81,33,227,577.71,281.8,16.2,0.5836575875486382,Very High,Recently Inactive
12409.0,3,11072.67,5551,91,79,103,3690.89,1850.3333333333333,30.333333333333332,0.6766917293233082,Very High,Recently Inactive
12410.0,2,693.33,211,26,309,0,346.665,105.5,13.0,2.0,High,Inactive
12412.0,3,1226.88,829,43,75,94,408.96000000000004,276.3333333333333,14.333333333333334,0.7258064516129034,High,Recently Inactive
12413.0,3,758.1,286,29,67,270,252.70000000000002,95.33333333333333,9.666666666666666,0.3,High,Recently Inactive
12414.0,3,562.4100000000001,300,16,217,93,187.47000000000003,100.0,5.333333333333333,0.7317073170731708,Medium,Inactive
12415.0,21,124914.53,77374,444,24,313,5948.310952380953,3684.4761904761904,21.142857142857142,1.836734693877551,Very High,Active
12417.0,9,3649.1,1552,158,3,354,405.4555555555555,172.44444444444446,17.555555555555557,0.703125,Very High,Active
12418.0,1,668.58,407,34,113,0,668.58,407.0,34.0,1.0,High,At Risk
12420.0,1,600.39,345,29,64,0,600.39,345.0,29.0,1.0,Medium,Recently Inactive
12421.0,4,807.04,484,32,16,303,201.76,121.0,8.0,0.3603603603603604,High,Active
12422.0,3,803.5600000000001,370,39,96,229,267.85333333333335,123.33333333333333,13.0,0.3474903474903475,High,At Risk
12423.0,8,1859.31,1339,97,1,352,232.41375,167.375,12.125,0.6282722513089005,Very High,Active
12424.0,2,1760.96,740,30,163,0,880.48,370.0,15.0,2.0,Very High,At Risk
12425.0,1,777.2,496,36,78,0,777.2,496.0,36.0,1.0,High,Recently Inactive
12426.0,1,582.73,258,30,195,0,582.73,258.0,30.0,1.0,Medium,Inactive
12427.0,3,825.8000000000001,533,26,22,349,275.2666666666667,177.66666666666666,8.666666666666666,0.237467018469657,High,Active
12428.0,8,7405.26,3534,257,26,257,925.6575,441.75,32.125,0.8362369337979094,Very High,Active
12429.0,4,3750.4,1557,82,9,356,937.6,389.25,20.5,0.31088082901554404,Very High,Active
12430.0,1,256.4,117,11,43,0,256.4,117.0,11.0,1.0,Low,Recently Inactive
12431.0,15,6419.95,2896,163,36,338,427.99666666666667,193.06666666666666,10.866666666666667,1.2228260869565217,Very High,Recently Inactive
12432.0,5,5059.32,1801,107,43,129,1011.8639999999999,360.2,21.4,0.9433962264150944,Very High,Recently Inactive
12433.0,7,13375.87,11071,219,1,372,1910.8385714285716,1581.5714285714287,31.285714285714285,0.5223880597014925,Very High,Active
12434.0,2,806.14,394,46,85,175,403.07,197.0,23.0,0.29268292682926833,High,Recently Inactive
12435.0,2,7829.89,2055,31,80,188,3914.945,1027.5,15.5,0.27522935779816515,Very High,Recently Inactive
12436.0,1,509.01,211,16,100,0,509.01,211.0,16.0,1.0,Medium,At Risk
12437.0,18,4951.41,2922,118,2,329,275.0783333333333,162.33333333333334,6.555555555555555,1.5041782729805013,Very High,Active
12438.0,2,2906.85,1180,84,14,125,1453.425,590.0,42.0,0.3870967741935484,Very High,Active
12441.0,1,173.55,121,11,367,0,173.55,121.0,11.0,1.0,Low,Inactive
12442.0,1,172.06,182,12,3,0,172.06,182.0,12.0,1.0,Low,Active
12444.0,5,5005.46,1153,138,21,149,1001.092,230.6,27.6,0.8379888268156425,Very High,Active
12445.0,1,133.4,62,4,22,0,133.4,62.0,4.0,1.0,Low,Active
12446.0,1,1002.3100000000001,351,57,58,0,1002.3100000000001,351.0,57.0,1.0,High,Recently Inactive
12447.0,1,476.49,190,26,243,0,476.49,190.0,26.0,1.0,Medium,Inactive
12448.0,1,449.45,243,22,44,0,449.45,243.0,22.0,1.0,Medium,Recently Inactive
12449.0,4,4067.29,1553,118,22,164,1016.8225,388.25,29.5,0.6185567010309279,Very High,Active
12450.0,2,197.88,128,7,156,17,98.94,64.0,3.5,1.2765957446808511,Low,At Risk
12451.0,5,9035.52,6575,265,11,313,1807.104,1315.0,53.0,0.43731778425655976,Very High,Active
12452.0,2,430.57000000000005,185,21,17,0,215.28500000000003,92.5,10.5,2.0,Medium,Active
12453.0,1,707.09,473,43,134,0,707.09,473.0,43.0,1.0,High,At Risk
12454.0,1,3528.34,1006,15,56,0,3528.34,1006.0,15.0,1.0,Very High,Recently Inactive
12455.0,6,2466.86,2089,85,73,223,411.1433333333334,348.1666666666667,14.166666666666666,0.7114624505928854,Very High,Recently Inactive
12456.0,3,3181.04,1633,105,44,210,1060.3466666666666,544.3333333333334,35.0,0.375,Very High,Recently Inactive
12457.0,7,2363.23,843,53,66,172,337.6042857142857,120.42857142857143,7.571428571428571,1.0396039603960396,Very High,Recently Inactive
12458.0,2,947.4,506,35,71,213,473.7,253.0,17.5,0.2469135802469136,High,Recently Inactive
12461.0,2,826.88,287,35,94,60,413.44,143.5,17.5,0.6666666666666666,High,At Risk
12462.0,2,1189.59,536,51,19,284,594.795,268.0,25.5,0.19108280254777069,High,Active
12463.0,4,1344.78,776,65,53,188,336.195,194.0,16.25,0.5504587155963303,High,Recently Inactive
12464.0,8,1212.05,112,6,10,299,151.50625,14.0,0.75,0.729483282674772,High,Active
12465.0,2,742.19,479,46,17,152,371.095,239.5,23.0,0.32967032967032966,High,Active
12468.0,2,729.54,366,36,188,128,364.77,183.0,18.0,0.379746835443038,High,Inactive
12471.0,29,19758.65,8199,149,2,362,681.3327586206897,282.7241379310345,5.137931034482759,2.2193877551020407,Very High,Active
12472.0,7,6572.11,4148,219,32,336,938.8728571428571,592.5714285714286,31.285714285714285,0.5737704918032788,Very High,Recently Inactive
12473.0,3,2873.73,2410,139,54,138,957.91,803.3333333333334,46.333333333333336,0.5357142857142857,Very High,Recently Inactive
12474.0,18,7324.09,4833,253,17,312,406.8938888888889,268.5,14.055555555555555,1.5789473684210527,Very High,Active
12475.0,1,723.38,535,36,54,0,723.38,535.0,36.0,1.0,High,Recently Inactive
12476.0,11,6816.42,2408,177,16,345,619.6745454545454,218.9090909090909,16.09090909090909,0.88,Very High,Active
12477.0,6,13219.74,3653,191,23,278,2203.29,608.8333333333334,31.833333333333332,0.5844155844155844,Very High,Active
12478.0,1,680.99,236,36,4,0,680.99,236.0,36.0,1.0,High,Active
12479.0,1,527.2,385,31,11,0,527.2,385.0,31.0,1.0,Medium,Active
12480.0,4,3281.63,1707,129,28,307,820.4075,426.75,32.25,0.3560830860534125,Very High,Active
12481.0,10,5579.82,3294,150,23,342,557.982,329.4,15.0,0.8064516129032258,Very High,Active
12483.0,8,2484.98,1110,46,17,322,310.6225,138.75,5.75,0.6818181818181819,Very High,Active
12484.0,6,4527.32,2187,256,33,303,754.5533333333333,364.5,42.666666666666664,0.5405405405405406,Very High,Recently Inactive
12488.0,3,1298.66,529,46,10,65,432.8866666666667,176.33333333333334,15.333333333333334,0.9473684210526316,High,Active
12489.0,1,334.93,105,15,336,0,334.93,105.0,15.0,1.0,Medium,Inactive
12490.0,10,5417.93,3064,131,5,324,541.793,306.4,13.1,0.847457627118644,Very High,Active
12491.0,1,460.40000000000003,260,25,39,0,460.40000000000003,260.0,25.0,1.0,Medium,Recently Inactive
12492.0,2,263.21000000000004,192,19,63,42,131.60500000000002,96.0,9.5,0.8333333333333334,Low,Recently Inactive
12493.0,2,433.74,207,20,166,31,216.87,103.5,10.0,0.9836065573770493,Medium,At Risk
12494.0,7,1246.1,707,63,16,349,178.0142857142857,101.0,9.0,0.554089709762533,High,Active
12497.0,1,1043.1,1236,14,82,0,1043.1,1236.0,14.0,1.0,High,Recently Inactive
12498.0,3,403.70000000000005,159,21,21,36,134.5666666666667,53.0,7.0,1.3636363636363635,Medium,Active
12500.0,11,4257.82,2678,34,23,310,387.07454545454544,243.45454545454547,3.090909090909091,0.9705882352941176,Very High,Active
12501.0,1,2169.39,1783,149,337,0,2169.39,1783.0,149.0,1.0,Very High,Inactive
12502.0,5,3723.87,820,102,96,214,744.774,164.0,20.4,0.6147540983606558,Very High,At Risk
12504.0,2,482.04999999999995,90,6,18,12,241.02499999999998,45.0,3.0,1.4285714285714286,Medium,Active
12506.0,1,73.5,23,23,233,0,73.5,23.0,23.0,1.0,Low,Inactive
12507.0,3,1304.81,894,19,134,164,434.93666666666667,298.0,6.333333333333333,0.4639175257731959,High,At Risk
12508.0,2,397.88,271,57,26,2,198.94,135.5,28.5,1.875,Medium,Active
12509.0,1,176.5,55,7,284,0,176.5,55.0,7.0,1.0,Low,Inactive
12510.0,2,982.5699999999999,353,29,143,182,491.28499999999997,176.5,14.5,0.2830188679245283,High,At Risk
12512.0,2,132.18,96,31,66,0,66.09,48.0,15.5,2.0,Low,Recently Inactive
12513.0,1,612.29,462,35,113,0,612.29,462.0,35.0,1.0,Medium,At Risk
12514.0,1,1017.6800000000001,440,51,267,0,1017.6800000000001,440.0,51.0,1.0,High,Inactive
12515.0,1,383.7,131,16,353,0,383.7,131.0,16.0,1.0,Medium,Inactive
12516.0,2,1312.06,875,20,78,102,656.03,437.5,10.0,0.45454545454545453,High,Recently Inactive
12517.0,5,2481.6,1361,232,28,161,496.32,272.2,46.4,0.7853403141361257,Very High,Active
12518.0,5,2056.89,1318,84,1,109,411.378,263.6,16.8,1.0791366906474822,Very High,Active
12519.0,1,330.84000000000003,175,17,64,0,330.84000000000003,175.0,17.0,1.0,Medium,Recently Inactive
12520.0,5,2634.26,1439,121,79,194,526.8520000000001,287.8,24.2,0.6696428571428571,Very High,Recently Inactive
12521.0,1,599.68,309,38,143,0,599.68,309.0,38.0,1.0,Medium,At Risk
12522.0,2,192.72,194,11,39,12,96.36,97.0,5.5,1.4285714285714286,Low,Recently Inactive
12523.0,11,1789.77,865,84,19,312,162.70636363636365,78.63636363636364,7.636363636363637,0.9649122807017544,Very High,Active
12524.0,8,4485.72,3699,113,9,324,560.715,462.375,14.125,0.6779661016949152,Very High,Active
12526.0,3,1316.66,632,64,1,93,438.8866666666667,210.66666666666666,21.333333333333332,0.7317073170731708,High,Active
12527.0,3,348.71000000000004,234,18,82,243,116.23666666666668,78.0,6.0,0.32967032967032966,Medium,Recently Inactive
12528.0,6,1933.48,756,50,9,303,322.24666666666667,126.0,8.333333333333334,0.5405405405405406,Very High,Active
12530.0,4,1662.28,913,51,60,277,415.57,228.25,12.75,0.39087947882736157,Very High,Recently Inactive
12531.0,1,125.22,45,17,15,0,125.22,45.0,17.0,1.0,Low,Active
12532.0,1,349.83000000000004,153,16,30,0,349.83000000000004,153.0,16.0,1.0,Medium,Active
12534.0,1,1089.18,651,63,131,0,1089.18,651.0,63.0,1.0,High,At Risk
12535.0,2,716.35,219,28,92,94,358.175,109.5,14.0,0.48387096774193555,High,At Risk
12536.0,1,4279.71,2801,259,59,0,4279.71,2801.0,259.0,1.0,Very High,Recently Inactive
12538.0,1,363.95,191,21,29,0,363.95,191.0,21.0,1.0,Medium,Active
12539.0,4,5568.35,2067,157,22,311,1392.0875,516.75,39.25,0.3519061583577712,Very High,Active
12540.0,17,13400.24,6685,277,20,342,788.2494117647059,393.2352941176471,16.294117647058822,1.3709677419354838,Very High,Active
12541.0,3,981.18,680,46,30,251,327.06,226.66666666666666,15.333333333333334,0.32028469750889677,High,Active
12544.0,1,372.7,136,19,36,0,372.7,136.0,19.0,1.0,Medium,Recently Inactive
12545.0,2,1000.39,523,42,75,184,500.195,261.5,21.0,0.2803738317757009,High,Recently Inactive
12546.0,2,1161.5,633,59,47,31,580.75,316.5,29.5,0.9836065573770493,High,Recently Inactive
12547.0,2,207.8,134,7,198,82,103.9,67.0,3.5,0.5357142857142857,Low,Inactive
12548.0,1,95.19999999999999,49,5,166,0,95.19999999999999,49.0,5.0,1.0,Low,At Risk
12550.0,1,964.83,569,57,79,0,964.83,569.0,57.0,1.0,High,Recently Inactive
12551.0,1,168.0,100,10,358,0,168.0,100.0,10.0,1.0,Low,Inactive
12552.0,2,437.82,88,20,39,0,218.91,44.0,10.0,2.0,Medium,Recently Inactive
12553.0,10,3692.28,1965,95,8,321,369.228,196.5,9.5,0.8547008547008548,Very High,Active
12556.0,2,599.56,355,100,50,100,299.78,177.5,50.0,0.46153846153846145,Medium,Recently Inactive
12557.0,5,11990.960000000001,4384,15,16,355,2398.192,876.8,3.0,0.3896103896103896,Very High,Active
12558.0,1,269.96,196,11,8,0,269.96,196.0,11.0,1.0,Low,Active
12559.0,2,561.71,283,21,311,8,280.855,141.5,10.5,1.5789473684210527,Medium,Inactive
12560.0,3,2134.01,1110,91,5,137,711.3366666666667,370.0,30.333333333333332,0.5389221556886228,Very High,Active
12561.0,1,238.85,177,16,303,0,238.85,177.0,16.0,1.0,Low,Inactive
12562.0,7,3781.7400000000002,1779,99,8,190,540.2485714285715,254.14285714285714,14.142857142857142,0.9545454545454546,Very High,Active
12564.0,1,456.90000000000003,133,21,261,0,456.90000000000003,133.0,21.0,1.0,Medium,Inactive
12565.0,1,145.92000000000002,80,9,289,0,145.92000000000002,80.0,9.0,1.0,Low,Inactive
12566.0,1,351.65,265,19,86,0,351.65,265.0,19.0,1.0,Medium,Recently Inactive
12567.0,10,9401.28,4305,323,23,346,940.128,430.5,32.3,0.7978723404255319,Very High,Active
12569.0,32,4124.6900000000005,1801,92,2,250,128.89656250000002,56.28125,2.875,3.4285714285714284,Very High,Active
12571.0,2,519.61,523,31,40,81,259.805,261.5,15.5,0.5405405405405405,Medium,Recently Inactive
12572.0,2,1020.4200000000001,452,53,9,43,510.21000000000004,226.0,26.5,0.821917808219178,High,Active
12573.0,1,160.54000000000002,84,26,227,0,160.54000000000002,84.0,26.0,1.0,Low,Inactive
12574.0,1,218.45000000000002,61,11,316,0,218.45000000000002,61.0,11.0,1.0,Low,Inactive
12576.0,5,1315.83,967,72,36,268,263.166,193.4,14.4,0.5033557046979865,High,Recently Inactive
12577.0,3,622.65,468,136,35,323,207.54999999999998,156.0,45.333333333333336,0.254957507082153,Medium,Recently Inactive
12578.0,2,2794.51,1196,111,21,308,1397.255,598.0,55.5,0.17751479289940827,Very High,Active
12579.0,1,440.42,285,29,78,0,440.42,285.0,29.0,1.0,Medium,Recently Inactive
12580.0,1,415.7,238,24,247,0,415.7,238.0,24.0,1.0,Medium,Inactive
12581.0,1,197.71,161,15,40,0,197.71,161.0,15.0,1.0,Low,Recently Inactive
12582.0,2,511.36,300,21,239,49,255.68,150.0,10.5,0.759493670886076,Medium,Inactive
12583.0,15,7281.38,5060,115,3,370,485.42533333333336,337.3333333333333,7.666666666666667,1.125,Very High,Active
12584.0,9,2338.15,416,44,4,276,259.7944444444445,46.22222222222222,4.888888888888889,0.8823529411764707,Very High,Active
12585.0,2,2040.1,1279,77,234,117,1020.05,639.5,38.5,0.4081632653061224,Very High,Inactive
12586.0,1,196.94000000000003,79,11,17,0,196.94000000000003,79.0,11.0,1.0,Low,Active
12587.0,1,144.0,51,4,8,0,144.0,51.0,4.0,1.0,Low,Active
12588.0,1,214.89999999999998,53,10,39,0,214.89999999999998,53.0,10.0,1.0,Low,Recently Inactive
12589.0,2,646.68,306,29,29,115,323.34,153.0,14.5,0.4137931034482758,Medium,Active
12590.0,2,9864.26,4283,68,211,0,4932.13,2141.5,34.0,2.0,Very High,Inactive
12591.0,1,452.84999999999997,228,26,317,0,452.84999999999997,228.0,26.0,1.0,Medium,Inactive
12592.0,2,437.6,290,11,92,121,218.8,145.0,5.5,0.3973509933774835,Medium,At Risk
12593.0,3,418.1,206,14,109,110,139.36666666666667,68.66666666666667,4.666666666666667,0.6428571428571429,Medium,At Risk
12594.0,10,3338.2200000000003,1777,50,38,285,333.822,177.7,5.0,0.9523809523809523,Very High,Recently Inactive
12596.0,2,618.27,474,25,51,190,309.135,237.0,12.5,0.27272727272727276,Medium,Recently Inactive
12597.0,4,3811.22,2236,184,19,248,952.805,559.0,46.0,0.4316546762589928,Very High,Active
12598.0,8,3023.08,1964,84,10,275,377.885,245.5,10.5,0.7868852459016394,Very High,Active
12599.0,7,1032.58,956,32,29,275,147.51142857142855,136.57142857142858,4.571428571428571,0.6885245901639344,High,Active
12600.0,10,2599.04,774,32,29,342,259.904,77.4,3.2,0.8064516129032258,Very High,Active
12601.0,5,577.0600000000001,245,21,190,142,115.412,49.0,4.2,0.872093023255814,Medium,Inactive
12602.0,1,153.12,162,12,59,0,153.12,162.0,12.0,1.0,Low,Recently Inactive
12603.0,1,739.1999999999999,63,2,22,0,739.1999999999999,63.0,2.0,1.0,High,Active
12604.0,2,254.18,201,15,79,182,127.09,100.5,7.5,0.2830188679245283,Low,Recently Inactive
12607.0,1,1579.51,1228,101,60,0,1579.51,1228.0,101.0,1.0,High,Recently Inactive
12609.0,3,1126.85,648,57,78,240,375.6166666666666,216.0,19.0,0.3333333333333333,High,Recently Inactive
12610.0,5,2099.54,1049,85,23,103,419.908,209.8,17.0,1.1278195488721805,Very High,Active
12611.0,1,1193.32,846,65,52,0,1193.32,846.0,65.0,1.0,High,Recently Inactive
12612.0,1,704.04,262,19,74,0,704.04,262.0,19.0,1.0,High,Recently Inactive
12613.0,5,3344.38,1644,124,57,204,668.876,328.8,24.8,0.6410256410256411,Very High,Recently Inactive
12614.0,1,315.6,76,20,278,0,315.6,76.0,20.0,1.0,Medium,Inactive
12615.0,4,2291.19,1376,82,2,166,572.7975,344.0,20.5,0.6122448979591837,Very High,Active
12616.0,2,713.3,284,25,95,202,356.65,142.0,12.5,0.25862068965517243,High,At Risk
12617.0,1,352.98,210,39,29,0,352.98,210.0,39.0,1.0,Medium,Active
12618.0,1,177.31,96,11,22,0,177.31,96.0,11.0,1.0,Low,Active
12619.0,8,3251.56,3377,49,16,237,406.445,422.125,6.125,0.898876404494382,Very High,Active
12620.0,3,1339.41,1181,89,15,189,446.47,393.6666666666667,29.666666666666668,0.4109589041095891,High,Active
12621.0,20,13689.67,7440,261,2,364,684.4835,372.0,13.05,1.5228426395939088,Very High,Active
12622.0,1,180.1,69,11,232,0,180.1,69.0,11.0,1.0,Low,Inactive
12623.0,1,305.1,191,18,276,0,305.1,191.0,18.0,1.0,Low,Inactive
12624.0,2,641.13,355,36,106,71,320.565,177.5,18.0,0.594059405940594,Medium,At Risk
12625.0,2,2683.82,1612,73,212,107,1341.91,806.0,36.5,0.43795620437956206,Very High,Inactive
12626.0,9,6620.4800000000005,3453,232,23,303,735.6088888888889,383.6666666666667,25.77777777777778,0.8108108108108109,Very High,Active
12627.0,7,4478.53,2752,162,11,129,639.79,393.14285714285717,23.142857142857142,1.3207547169811322,Very High,Active
12628.0,3,786.46,448,34,4,60,262.15333333333336,149.33333333333334,11.333333333333334,1.0,High,Active
12630.0,2,1270.88,548,60,10,34,635.44,274.0,30.0,0.9375,High,Active
12631.0,1,640.5,236,31,57,0,640.5,236.0,31.0,1.0,Medium,Recently Inactive
12633.0,4,2163.98,1162,73,59,229,540.995,290.5,18.25,0.46332046332046334,Very High,Recently Inactive
12635.0,2,1689.18,1172,96,90,65,844.59,586.0,48.0,0.6315789473684211,Very High,Recently Inactive
12637.0,8,6002.9,2994,205,67,256,750.3625,374.25,25.625,0.8391608391608392,Very High,Recently Inactive
12638.0,1,671.69,577,39,33,0,671.69,577.0,39.0,1.0,High,Recently Inactive
12639.0,1,486.1,201,22,239,0,486.1,201.0,22.0,1.0,Medium,Inactive
12640.0,3,1174.58,311,47,24,57,391.52666666666664,103.66666666666667,15.666666666666666,1.0344827586206897,High,Active
12641.0,1,185.9,72,10,115,0,185.9,72.0,10.0,1.0,Low,At Risk
12642.0,3,1013.26,552,39,25,82,337.75333333333333,184.0,13.0,0.8035714285714286,High,Active
12643.0,6,3344.64,1808,11,128,204,557.4399999999999,301.3333333333333,1.8333333333333333,0.7692307692307693,Very High,At Risk
12644.0,1,477.90999999999997,325,31,130,0,477.90999999999997,325.0,31.0,1.0,Medium,At Risk
12645.0,4,1775.18,1084,58,34,282,443.795,271.0,14.5,0.3846153846153846,Very High,Recently Inactive
12646.0,2,1346.97,897,43,5,44,673.485,448.5,21.5,0.8108108108108107,High,Active
12647.0,12,3722.82,1431,78,22,346,310.235,119.25,6.5,0.9574468085106383,Very High,Active
12648.0,1,318.05,160,21,155,0,318.05,160.0,21.0,1.0,Medium,At Risk
12649.0,3,623.51,586,28,107,105,207.83666666666667,195.33333333333334,9.333333333333334,0.6666666666666666,Medium,At Risk
12650.0,1,314.44,254,20,3,0,314.44,254.0,20.0,1.0,Medium,Active
12651.0,1,114.0,78,9,335,0,114.0,78.0,9.0,1.0,Low,Inactive
12652.0,1,919.98,505,48,331,0,919.98,505.0,48.0,1.0,High,Inactive
12653.0,2,2209.85,919,37,149,147,1104.925,459.5,18.5,0.3389830508474576,Very High,At Risk
12654.0,5,601.98,264,31,11,284,120.396,52.8,6.2,0.47770700636942676,Medium,Active
12656.0,5,4051.17,1723,89,17,216,810.234,344.6,17.8,0.6097560975609757,Very High,Active
12657.0,4,1643.18,1044,35,11,67,410.795,261.0,8.75,1.2371134020618557,High,Active
12658.0,1,686.05,320,36,19,0,686.05,320.0,36.0,1.0,High,Active
12659.0,1,91.68,105,5,30,0,91.68,105.0,5.0,1.0,Low,Active
12660.0,1,245.10000000000002,127,13,11,0,245.10000000000002,127.0,13.0,1.0,Low,Active
12662.0,11,3849.78,2058,129,1,372,349.98,187.0909090909091,11.727272727272727,0.8208955223880596,Very High,Active
12664.0,9,4881.88,1203,10,8,314,542.4311111111111,133.66666666666666,1.1111111111111112,0.7848837209302325,Very High,Active
12665.0,1,63.0,37,3,325,0,63.0,37.0,3.0,1.0,Low,Inactive
12667.0,1,620.13,395,33,58,0,620.13,395.0,33.0,1.0,Medium,Recently Inactive
12668.0,4,3807.15,1634,115,12,343,951.7875,408.5,28.75,0.32171581769436997,Very High,Active
12669.0,2,1607.73,1114,97,151,105,803.865,557.0,48.5,0.4444444444444444,High,At Risk
12670.0,5,2996.05,1397,58,10,222,599.21,279.4,11.6,0.5952380952380952,Very High,Active
12672.0,1,225.9,78,10,330,0,225.9,78.0,10.0,1.0,Low,Inactive
12673.0,2,610.52,351,42,5,321,305.26,175.5,21.0,0.17094017094017094,Medium,Active
12674.0,4,1970.6,1133,52,39,169,492.65,283.25,13.0,0.6030150753768844,Very High,Recently Inactive
12676.0,6,1331.39,670,33,25,286,221.89833333333334,111.66666666666667,5.5,0.569620253164557,High,Active
12678.0,12,17628.46,10923,105,42,311,1469.0383333333332,910.25,8.75,1.0557184750733137,Very High,Recently Inactive
12679.0,4,1113.02,554,43,59,225,278.255,138.5,10.75,0.47058823529411764,High,Recently Inactive
12680.0,4,880.81,444,33,1,112,220.2025,111.0,8.25,0.8450704225352113,High,Active
12681.0,22,13787.54,7536,267,15,353,626.7063636363637,342.54545454545456,12.136363636363637,1.723237597911227,Very High,Active
12682.0,31,12279.82,5555,209,4,367,396.1232258064516,179.19354838709677,6.741935483870968,2.3425692695214106,Very High,Active
12683.0,15,8476.57,4987,177,4,361,565.1046666666666,332.46666666666664,11.8,1.1508951406649617,Very High,Active
12684.0,6,2253.63,1983,60,8,205,375.605,330.5,10.0,0.7659574468085106,Very High,Active
12685.0,6,2863.08,1523,117,28,65,477.18,253.83333333333334,19.5,1.8947368421052633,Very High,Active
12686.0,1,89.14,107,7,372,0,89.14,107.0,7.0,1.0,Low,Inactive
12688.0,1,4873.81,3028,171,114,0,4873.81,3028.0,171.0,1.0,Very High,At Risk
12689.0,2,1247.6100000000001,628,57,26,101,623.8050000000001,314.0,28.5,0.45801526717557245,High,Active
12690.0,1,389.01,106,16,206,0,389.01,106.0,16.0,1.0,Medium,Inactive
12691.0,6,1035.8,394,21,28,329,172.63333333333333,65.66666666666667,3.5,0.5013927576601671,High,Active
12693.0,4,855.91,255,35,127,192,213.9775,63.75,8.75,0.5405405405405405,High,At Risk
12694.0,2,869.67,509,32,70,112,434.835,254.5,16.0,0.4225352112676056,High,Recently Inactive
12695.0,4,582.1,220,23,7,203,145.525,55.0,5.75,0.5150214592274678,Medium,Active
12697.0,3,957.59,508,37,29,140,319.19666666666666,169.33333333333334,12.333333333333334,0.5294117647058824,High,Active
12700.0,4,4939.99,2967,193,8,207,1234.9975,741.75,48.25,0.5063291139240506,Very High,Active
12701.0,2,797.71,678,50,80,162,398.855,339.0,25.0,0.3125,High,Recently Inactive
12702.0,1,219.0,53,12,20,0,219.0,53.0,12.0,1.0,Low,Active
12703.0,1,283.55,164,21,71,0,283.55,164.0,21.0,1.0,Low,Recently Inactive
12704.0,8,2340.84,1006,64,7,162,292.605,125.75,8.0,1.25,Very High,Active
12705.0,9,6868.29,3997,228,15,341,763.1433333333333,444.1111111111111,25.333333333333332,0.7277628032345013,Very High,Active
12707.0,1,603.42,256,33,292,0,603.42,256.0,33.0,1.0,Medium,Inactive
12708.0,10,2712.91,1307,86,30,338,271.291,130.7,8.6,0.8152173913043478,Very High,Active
12709.0,15,9706.52,3912,93,15,351,647.1013333333334,260.8,6.2,1.1811023622047245,Very High,Active
12710.0,3,1149.02,851,75,97,104,383.00666666666666,283.6666666666667,25.0,0.6716417910447761,High,At Risk
12712.0,13,4396.13,1062,58,29,342,338.1638461538462,81.6923076923077,4.461538461538462,1.0483870967741935,Very High,Active
12713.0,1,848.55,508,38,1,0,848.55,508.0,38.0,1.0,High,Active
12714.0,5,4708.86,3069,216,9,285,941.7719999999999,613.8,43.2,0.47619047619047616,Very High,Active
12715.0,1,343.36,192,20,106,0,343.36,192.0,20.0,1.0,Medium,At Risk
12716.0,2,1053.49,708,60,4,129,526.745,354.0,30.0,0.37735849056603776,High,Active
12717.0,2,1030.98,506,49,151,94,515.49,253.0,24.5,0.48387096774193555,High,At Risk
12718.0,1,238.25,203,19,71,0,238.25,203.0,19.0,1.0,Low,Recently Inactive
12719.0,2,644.95,374,34,5,59,322.475,187.0,17.0,0.6741573033707865,Medium,Active
12720.0,25,5781.7300000000005,4672,211,3,366,231.2692,186.88,8.44,1.893939393939394,Very High,Active
12721.0,6,2656.13,1959,133,32,323,442.68833333333333,326.5,22.166666666666668,0.509915014164306,Very High,Recently Inactive
12722.0,4,997.63,566,50,85,65,249.4075,141.5,12.5,1.2631578947368423,High,Recently Inactive
12723.0,5,725.07,434,53,4,61,145.014,86.8,10.6,1.6483516483516485,High,Active
12724.0,4,1031.41,445,47,5,327,257.8525,111.25,11.75,0.3361344537815126,High,Active
12725.0,1,427.8,164,24,371,0,427.8,164.0,24.0,1.0,Medium,Inactive
12726.0,7,2609.1,3143,57,28,329,372.7285714285714,449.0,8.142857142857142,0.584958217270195,Very High,Active
12727.0,7,3980.7000000000003,2098,109,11,309,568.6714285714286,299.7142857142857,15.571428571428571,0.6194690265486725,Very High,Active
12728.0,4,836.33,419,38,71,261,209.0825,104.75,9.5,0.4123711340206186,High,Recently Inactive
12729.0,1,453.01,233,26,114,0,453.01,233.0,26.0,1.0,Medium,At Risk
12731.0,12,18895.91,8437,109,24,341,1574.6591666666666,703.0833333333334,9.083333333333334,0.9703504043126684,Very High,Active
12732.0,1,236.26000000000002,111,12,180,0,236.26000000000002,111.0,12.0,1.0,Low,At Risk
12733.0,1,383.95,137,22,234,0,383.95,137.0,22.0,1.0,Medium,Inactive
12734.0,1,110.39999999999999,88,4,353,0,110.39999999999999,88.0,4.0,1.0,Low,Inactive
12735.0,2,779.5699999999999,368,38,315,21,389.78499999999997,184.0,19.0,1.1764705882352942,High,Inactive
12736.0,1,234.0,173,4,333,0,234.0,173.0,4.0,1.0,Low,Inactive
12738.0,1,155.35,148,11,372,0,155.35,148.0,11.0,1.0,Low,Inactive
12739.0,2,1013.04,486,38,78,20,506.52,243.0,19.0,1.2000000000000002,High,Recently Inactive
12740.0,1,427.6,342,27,64,0,427.6,342.0,27.0,1.0,Medium,Recently Inactive
12743.0,2,540.13,315,114,134,0,270.065,157.5,57.0,2.0,Medium,At Risk
12744.0,4,9120.39,5234,177,56,262,2280.0975,1308.5,44.25,0.4109589041095891,Very High,Recently Inactive
12747.0,11,4196.01,1275,42,2,366,381.4554545454546,115.9090909090909,3.8181818181818183,0.8333333333333334,Very High,Active
12748.0,206,31654.78,25052,1767,1,372,153.66398058252426,121.6116504854369,8.577669902912621,15.373134328358208,Very High,Active
12749.0,5,4090.88,1471,160,4,209,818.176,294.2,32.0,0.6276150627615062,Very High,Active
12750.0,1,275.88,137,15,129,0,275.88,137.0,15.0,1.0,Low,At Risk
12752.0,1,4366.78,2262,53,81,0,4366.78,2262.0,53.0,1.0,Very High,Recently Inactive
12753.0,6,21429.39,11421,132,23,339,3571.565,1903.5,22.0,0.4878048780487805,Very High,Active
12754.0,3,3010.74,6481,49,236,72,1003.5799999999999,2160.3333333333335,16.333333333333332,0.8823529411764706,Very High,Inactive
12755.0,2,3811.9500000000003,1491,4,281,85,1905.9750000000001,745.5,2.0,0.5217391304347826,Very High,Inactive
12756.0,1,112.08,144,4,87,0,112.08,144.0,4.0,1.0,Low,Recently Inactive
12757.0,9,4232.75,2389,236,16,195,470.30555555555554,265.44444444444446,26.22222222222222,1.2,Very High,Active
12758.0,2,2791.59,2135,84,117,159,1395.795,1067.5,42.0,0.31746031746031744,Very High,At Risk
12759.0,3,1531.44,902,81,52,223,510.48,300.6666666666667,27.0,0.3557312252964427,High,Recently Inactive
12762.0,2,1898.52,1227,62,8,17,949.26,613.5,31.0,1.2765957446808511,Very High,Active
12763.0,2,494.08,316,16,138,230,247.04,158.0,8.0,0.23076923076923073,Medium,At Risk
12764.0,1,1693.88,386,45,317,0,1693.88,386.0,45.0,1.0,Very High,Inactive
12766.0,7,6989.63,3646,205,4,362,998.5185714285715,520.8571428571429,29.285714285714285,0.5357142857142857,Very High,Active
12769.0,1,1143.6,356,32,239,0,1143.6,356.0,32.0,1.0,High,Inactive
12770.0,1,1351.45,743,12,211,0,1351.45,743.0,12.0,1.0,High,Inactive
12772.0,1,892.47,556,55,60,0,892.47,556.0,55.0,1.0,High,Recently Inactive
12775.0,5,1386.04,877,47,17,294,277.20799999999997,175.4,9.4,0.4629629629629629,High,Active
12778.0,6,822.23,825,40,20,292,137.03833333333333,137.5,6.666666666666667,0.5590062111801243,High,Active
12779.0,8,3981.36,2024,88,38,333,497.67,253.0,11.0,0.6611570247933884,Very High,Recently Inactive
12781.0,2,826.74,671,25,64,221,413.37,335.5,12.5,0.2390438247011952,High,Recently Inactive
12782.0,5,2330.92,1086,81,5,352,466.184,217.2,16.2,0.39267015706806285,Very High,Active
12783.0,4,1603.87,622,75,2,73,400.9675,155.5,18.75,1.1650485436893205,High,Active
12784.0,2,532.82,280,54,9,6,266.41,140.0,27.0,1.6666666666666667,Medium,Active
12785.0,1,311.95,131,14,364,0,311.95,131.0,14.0,1.0,Medium,Inactive
12787.0,3,463.66,261,17,10,182,154.55333333333334,87.0,5.666666666666667,0.42452830188679247,Medium,Active
12789.0,1,91.85,4,4,65,0,91.85,4.0,4.0,1.0,Low,Recently Inactive
12790.0,1,324.92,166,21,192,0,324.92,166.0,21.0,1.0,Medium,Inactive
12791.0,1,192.60000000000002,97,2,374,0,192.60000000000002,97.0,2.0,1.0,Low,Inactive
12792.0,1,400.54,217,25,257,0,400.54,217.0,25.0,1.0,Medium,Inactive
12793.0,2,545.48,295,21,335,36,272.74,147.5,10.5,0.9090909090909091,Medium,Inactive
12794.0,2,860.41,592,43,53,45,430.205,296.0,21.5,0.8,High,Recently Inactive
12795.0,1,430.48,68,14,19,0,430.48,68.0,14.0,1.0,Medium,Active
12797.0,1,254.03,118,13,366,0,254.03,118.0,13.0,1.0,Low,Inactive
12798.0,3,6977.04,5256,6,10,160,2325.68,1752.0,2.0,0.4736842105263158,Very High,Active
12802.0,1,427.58,314,25,187,0,427.58,314.0,25.0,1.0,Medium,Inactive
12808.0,3,483.65000000000003,188,27,37,331,161.21666666666667,62.666666666666664,9.0,0.24930747922437674,Medium,Recently Inactive
12809.0,1,489.31,220,25,178,0,489.31,220.0,25.0,1.0,Medium,At Risk
12811.0,3,514.85,230,27,261,23,171.61666666666667,76.66666666666667,9.0,1.6981132075471699,Medium,Inactive
12812.0,1,229.64000000000001,164,15,45,0,229.64000000000001,164.0,15.0,1.0,Low,Recently Inactive
12814.0,1,125.92,49,2,102,0,125.92,49.0,2.0,1.0,Low,At Risk
12815.0,2,1063.46,379,38,148,50,531.73,189.5,19.0,0.7499999999999999,High,At Risk
12816.0,2,572.2,128,27,96,80,286.1,64.0,13.5,0.5454545454545455,Medium,At Risk
12817.0,1,166.04000000000002,53,4,281,0,166.04000000000002,53.0,4.0,1.0,Low,Inactive
12818.0,1,1542.08,929,14,262,0,1542.08,929.0,14.0,1.0,High,Inactive
12820.0,4,942.34,722,55,3,323,235.585,180.5,13.75,0.3399433427762039,High,Active
12821.0,1,92.72,70,6,214,0,92.72,70.0,6.0,1.0,Low,Inactive
12822.0,2,948.88,550,41,71,16,474.44,275.0,20.5,1.3043478260869565,High,Recently Inactive
12823.0,5,1759.5,230,1,75,221,351.9,46.0,0.2,0.597609561752988,Very High,Recently Inactive
12824.0,1,397.12,232,25,60,0,397.12,232.0,25.0,1.0,Medium,Recently Inactive
12826.0,7,1474.72,1058,58,3,362,210.67428571428573,151.14285714285714,8.285714285714286,0.5357142857142857,High,Active
12827.0,3,430.15,197,19,6,38,143.38333333333333,65.66666666666667,6.333333333333333,1.3235294117647058,Medium,Active
12828.0,6,1018.71,494,46,3,127,169.785,82.33333333333333,7.666666666666667,1.1464968152866242,High,Active
12829.0,2,293.0,376,9,337,23,146.5,188.0,4.5,1.1320754716981132,Low,Inactive
12830.0,6,6814.64,9848,13,38,134,1135.7733333333333,1641.3333333333333,2.1666666666666665,1.0975609756097562,Very High,Recently Inactive
12831.0,1,215.05,135,9,262,0,215.05,135.0,9.0,1.0,Low,Inactive
12832.0,2,383.03000000000003,195,27,32,65,191.51500000000001,97.5,13.5,0.6315789473684211,Medium,Recently Inactive
12833.0,1,417.38,156,24,145,0,417.38,156.0,24.0,1.0,Medium,At Risk
12834.0,1,312.38,110,18,283,0,312.38,110.0,18.0,1.0,Medium,Inactive
12836.0,4,2610.36,1062,148,59,252,652.59,265.5,37.0,0.425531914893617,Very High,Recently Inactive
12837.0,1,134.1,24,12,173,0,134.1,24.0,12.0,1.0,Low,At Risk
12838.0,2,671.95,355,115,34,340,335.975,177.5,57.5,0.16216216216216214,High,Recently Inactive
12839.0,14,5591.42,3807,95,3,364,399.38714285714286,271.92857142857144,6.785714285714286,1.0659898477157361,Very High,Active
12840.0,4,2726.77,1511,67,144,82,681.6925,377.75,16.75,1.0714285714285714,Very High,At Risk
12841.0,25,3991.58,2720,229,5,367,159.6632,108.8,9.16,1.8891687657430731,Very High,Active
12842.0,2,1118.99,547,34,70,238,559.495,273.5,17.0,0.22388059701492538,High,Recently Inactive
12843.0,8,1702.26,781,69,66,198,212.7825,97.625,8.625,1.0526315789473684,Very High,Recently Inactive
12844.0,2,325.96000000000004,125,47,29,101,162.98000000000002,62.5,23.5,0.45801526717557245,Medium,Active
12845.0,4,354.09000000000003,204,26,267,22,88.52250000000001,51.0,6.5,2.3076923076923075,Medium,Inactive
12847.0,1,843.64,873,72,22,0,843.64,873.0,72.0,1.0,High,Active
12849.0,2,992.65,579,46,31,237,496.325,289.5,23.0,0.2247191011235955,High,Recently Inactive
12851.0,1,131.81,106,43,97,0,131.81,106.0,43.0,1.0,Low,At Risk
12852.0,1,311.55,149,17,295,0,311.55,149.0,17.0,1.0,Medium,Inactive
12853.0,6,1957.1000000000001,800,66,135,181,326.18333333333334,133.33333333333334,11.0,0.8530805687203792,Very High,At Risk
12854.0,3,1316.25,626,95,79,239,438.75,208.66666666666666,31.666666666666668,0.3345724907063197,High,Recently Inactive
12855.0,1,38.1,30,3,373,0,38.1,30.0,3.0,1.0,Low,Inactive
12856.0,6,2170.78,1076,155,8,55,361.7966666666667,179.33333333333334,25.833333333333332,2.1176470588235294,Very High,Active
12857.0,2,1106.4,343,37,211,91,553.2,171.5,18.5,0.49586776859504134,High,Inactive
12863.0,1,521.2,188,5,52,0,521.2,188.0,5.0,1.0,Medium,Recently Inactive
12864.0,1,147.12,216,3,138,0,147.12,216.0,3.0,1.0,Low,At Risk
12865.0,2,1568.23,925,86,26,97,784.115,462.5,43.0,0.47244094488188976,High,Active
12866.0,1,559.12,171,26,283,0,559.12,171.0,26.0,1.0,Medium,Inactive
12867.0,7,4009.34,4284,240,26,333,572.7628571428571,612.0,34.285714285714285,0.578512396694215,Very High,Active
12868.0,6,1607.0600000000002,928,72,186,187,267.84333333333336,154.66666666666666,12.0,0.8294930875576036,High,Inactive
12871.0,2,380.64,200,8,84,123,190.32,100.0,4.0,0.3921568627450981,Medium,Recently Inactive
12872.0,2,599.97,319,58,327,38,299.985,159.5,29.0,0.8823529411764706,Medium,Inactive
12873.0,1,374.0,128,4,282,0,374.0,128.0,4.0,1.0,Medium,Inactive
12875.0,2,343.2300000000001,2019,1,143,219,171.61500000000004,1009.5,0.5,0.24096385542168672,Medium,At Risk
12876.0,2,2218.02,1941,67,58,138,1109.01,970.5,33.5,0.35714285714285715,Very High,Recently Inactive
12877.0,12,1535.77,1178,100,4,354,127.98083333333334,98.16666666666667,8.333333333333334,0.9375,High,Active
12878.0,2,854.99,547,38,236,29,427.495,273.5,19.0,1.0169491525423728,High,Inactive
12879.0,3,573.22,370,7,45,47,191.07333333333335,123.33333333333333,2.3333333333333335,1.168831168831169,Medium,Recently Inactive
12881.0,1,298.0,21,7,276,0,298.0,21.0,7.0,1.0,Low,Inactive
12882.0,2,1463.04,246,12,9,24,731.52,123.0,6.0,1.1111111111111112,High,Active
12883.0,4,703.47,196,39,25,64,175.8675,49.0,9.75,1.2765957446808511,High,Active
12884.0,1,309.05,43,7,88,0,309.05,43.0,7.0,1.0,Medium,Recently Inactive
12885.0,3,1175.22,655,66,63,60,391.74,218.33333333333334,22.0,1.0,High,Recently Inactive
12886.0,2,1378.4,770,75,68,151,689.2,385.0,37.5,0.3314917127071823,High,Recently Inactive
12888.0,2,354.12,76,4,214,41,177.06,38.0,2.0,0.8450704225352113,Medium,Inactive
12890.0,1,376.71999999999997,256,78,24,0,376.71999999999997,256.0,78.0,1.0,Medium,Active
12891.0,3,331.0,950,2,186,107,110.33333333333333,316.6666666666667,0.6666666666666666,0.6569343065693432,Medium,Inactive
12893.0,1,176.55,90,27,31,0,176.55,90.0,27.0,1.0,Low,Recently Inactive
12895.0,2,372.8,210,22,42,44,186.4,105.0,11.0,0.8108108108108107,Medium,Recently Inactive
12897.0,2,216.5,110,3,205,97,108.25,55.0,1.5,0.47244094488188976,Low,Inactive
12901.0,28,17654.54,23075,30,9,261,630.5192857142857,824.1071428571429,1.0714285714285714,2.8865979381443303,Very High,Active
12902.0,1,138.68,66,10,265,0,138.68,66.0,10.0,1.0,Low,Inactive
12904.0,2,496.06,294,59,18,154,248.03,147.0,29.5,0.32608695652173914,Medium,Active
12906.0,5,2919.81,1749,55,12,66,583.962,349.8,11.0,1.5625,Very High,Active
12908.0,2,750.0,1200,1,176,136,375.0,600.0,0.5,0.3614457831325301,High,At Risk
12909.0,5,2178.67,1280,78,40,213,435.73400000000004,256.0,15.6,0.617283950617284,Very High,Recently Inactive
12910.0,8,3075.04,1692,48,23,218,384.38,211.5,6.0,0.9677419354838711,Very High,Active
12912.0,5,1662.3,670,17,3,37,332.46,134.0,3.4,2.2388059701492535,Very High,Active
12913.0,5,2483.63,1419,37,5,363,496.726,283.8,7.4,0.3816793893129771,Very High,Active
12915.0,2,363.65,93,19,149,223,181.825,46.5,9.5,0.23715415019762845,Medium,At Risk
12916.0,4,2944.95,1083,53,139,181,736.2375,270.75,13.25,0.5687203791469194,Very High,At Risk
12917.0,1,594.0,120,2,128,0,594.0,120.0,2.0,1.0,Medium,At Risk
12919.0,6,1335.19,673,34,8,161,222.53166666666667,112.16666666666667,5.666666666666667,0.9424083769633509,High,Active
12920.0,1,162.78,128,27,17,0,162.78,128.0,27.0,1.0,Low,Active
12921.0,37,16587.09,9526,233,9,364,448.29972972972973,257.4594594594595,6.297297297297297,2.817258883248731,Very High,Active
12922.0,1,405.38,370,28,161,0,405.38,370.0,28.0,1.0,Medium,At Risk
12923.0,1,171.57,67,27,64,0,171.57,67.0,27.0,1.0,Low,Recently Inactive
12924.0,4,925.75,480,21,88,239,231.4375,120.0,5.25,0.44609665427509293,High,Recently Inactive
12925.0,2,694.05,541,42,5,70,347.025,270.5,21.0,0.6,High,Active
12928.0,5,2062.7,1472,59,35,323,412.53999999999996,294.4,11.8,0.4249291784702549,Very High,Recently Inactive
12929.0,1,117.85,37,8,312,0,117.85,37.0,8.0,1.0,Low,Inactive
12930.0,2,415.8,252,20,78,93,207.9,126.0,10.0,0.48780487804878053,Medium,Recently Inactive
12931.0,15,42055.96,28004,28,22,336,2803.730666666667,1866.9333333333334,1.8666666666666667,1.2295081967213115,Very High,Active
12933.0,3,607.53,499,102,24,259,202.51,166.33333333333334,34.0,0.31141868512110726,Medium,Active
12935.0,7,2160.7,1853,80,2,317,308.6714285714285,264.7142857142857,11.428571428571429,0.6051873198847262,Very High,Active
12936.0,4,1063.9,559,56,17,61,265.975,139.75,14.0,1.3186813186813187,High,Active
12937.0,4,1504.27,1007,81,15,252,376.0675,251.75,20.25,0.425531914893617,High,Active
12938.0,1,114.14,140,9,26,0,114.14,140.0,9.0,1.0,Low,Active
12939.0,8,11581.8,4876,21,64,270,1447.725,609.5,2.625,0.8,Very High,Recently Inactive
12940.0,2,899.69,404,87,55,33,449.845,202.0,43.5,0.9523809523809523,High,Recently Inactive
12942.0,3,675.6,198,68,131,234,225.20000000000002,66.0,22.666666666666668,0.3409090909090909,High,At Risk
12944.0,2,604.51,289,29,36,319,302.255,144.5,14.5,0.17191977077363899,Medium,Recently Inactive
12945.0,1,462.95,165,23,288,0,462.95,165.0,23.0,1.0,Medium,Inactive
12947.0,6,1603.99,1165,83,144,229,267.33166666666665,194.16666666666666,13.833333333333334,0.694980694980695,High,At Risk
12948.0,7,2064.95,1080,82,16,248,294.99285714285713,154.28571428571428,11.714285714285714,0.7553956834532374,Very High,Active
12949.0,8,4167.22,2381,166,31,221,520.9025,297.625,20.75,0.9561752988047808,Very High,Recently Inactive
12950.0,3,1843.0,1380,13,2,21,614.3333333333334,460.0,4.333333333333333,1.7647058823529411,Very High,Active
12951.0,6,1064.07,503,53,9,322,177.345,83.83333333333333,8.833333333333334,0.5113636363636364,High,Active
12952.0,4,1387.79,653,64,6,72,346.9475,163.25,16.0,1.1764705882352942,High,Active
12953.0,1,329.85,84,17,10,0,329.85,84.0,17.0,1.0,Medium,Active
12955.0,11,4757.16,3664,81,1,266,432.4690909090909,333.09090909090907,7.363636363636363,1.114864864864865,Very High,Active
12956.0,1,108.07,34,19,306,0,108.07,34.0,19.0,1.0,Low,Inactive
12957.0,8,4017.54,2549,208,10,329,502.1925,318.625,26.0,0.6685236768802229,Very High,Active
12962.0,2,266.39,129,15,7,106,133.195,64.5,7.5,0.4411764705882353,Low,Active
12963.0,8,1856.63,881,75,8,357,232.07875,110.125,9.375,0.6201550387596899,Very High,Active
12965.0,1,769.8100000000001,282,108,89,0,769.8100000000001,282.0,108.0,1.0,High,Recently Inactive
12966.0,1,160.18,75,10,10,0,160.18,75.0,10.0,1.0,Low,Active
12967.0,2,1660.9,438,19,358,13,830.45,219.0,9.5,1.3953488372093024,Very High,Inactive
12968.0,1,135.95,73,5,112,0,135.95,73.0,5.0,1.0,Low,At Risk
12970.0,4,405.47,268,116,7,315,101.3675,67.0,29.0,0.34782608695652173,Medium,Active
12971.0,86,11189.91,9289,94,4,368,130.11523255813952,108.01162790697674,1.0930232558139534,6.482412060301507,Very High,Active
12974.0,1,144.8,24,8,198,0,144.8,24.0,8.0,1.0,Low,Inactive
12976.0,1,738.6,561,22,212,0,738.6,561.0,22.0,1.0,High,Inactive
12977.0,1,39.239999999999995,12,9,156,0,39.239999999999995,12.0,9.0,1.0,Low,At Risk
12980.0,9,7374.900000000001,886,6,158,200,819.4333333333334,98.44444444444444,0.6666666666666666,1.1739130434782608,Very High,At Risk
12981.0,2,372.21999999999997,242,12,30,103,186.10999999999999,121.0,6.0,0.45112781954887216,Medium,Active
12982.0,1,390.54,288,28,243,0,390.54,288.0,28.0,1.0,Medium,Inactive
12984.0,1,97.5,26,4,19,0,97.5,26.0,4.0,1.0,Low,Active
12985.0,2,1239.38,1533,73,1,27,619.69,766.5,36.5,1.0526315789473684,High,Active
12987.0,2,558.7,219,27,74,124,279.35,109.5,13.5,0.3896103896103896,Medium,Recently Inactive
12988.0,1,505.82,126,75,292,0,505.82,126.0,75.0,1.0,Medium,Inactive
12989.0,15,6924.11,2943,41,3,361,461.6073333333333,196.2,2.7333333333333334,1.1508951406649617,Very High,Active
12990.0,3,409.5,200,8,31,278,136.5,66.66666666666667,2.6666666666666665,0.2922077922077922,Medium,Recently Inactive
12991.0,2,503.76,405,31,23,89,251.88,202.5,15.5,0.5042016806722689,Medium,Active
12993.0,4,414.76,240,26,23,275,103.69,60.0,6.5,0.3934426229508197,Medium,Active
12994.0,3,974.42,459,52,4,264,324.8066666666667,153.0,17.333333333333332,0.3061224489795918,High,Active
12995.0,1,211.32,108,3,85,0,211.32,108.0,3.0,1.0,Low,Recently Inactive
12997.0,4,1226.89,664,45,22,294,306.7225,166.0,11.25,0.37037037037037035,High,Active
12999.0,3,455.88,342,25,196,49,151.96,114.0,8.333333333333334,1.139240506329114,Medium,Inactive
13000.0,3,534.85,379,30,107,258,178.28333333333333,126.33333333333333,10.0,0.3125,Medium,At Risk
13001.0,13,9785.970000000001,5490,166,4,322,752.7669230769231,422.3076923076923,12.76923076923077,1.1079545454545456,Very High,Active
13002.0,1,120.95,73,7,318,0,120.95,73.0,7.0,1.0,Low,Inactive
13003.0,3,149.05,103,4,106,109,49.68333333333334,34.333333333333336,1.3333333333333333,0.6474820143884893,Low,At Risk
13004.0,18,5655.91,4822,277,12,346,314.21722222222223,267.8888888888889,15.38888888888889,1.4361702127659575,Very High,Active
13005.0,2,513.7,172,21,174,72,256.85,86.0,10.5,0.5882352941176471,Medium,At Risk
13006.0,1,81.57,55,4,56,0,81.57,55.0,4.0,1.0,Low,Recently Inactive
13008.0,1,229.47,175,14,323,0,229.47,175.0,14.0,1.0,Low,Inactive
13011.0,1,50.550000000000004,13,3,372,0,50.550000000000004,13.0,3.0,1.0,Low,Inactive
13012.0,8,1646.8400000000001,820,67,9,285,205.85500000000002,102.5,8.375,0.7619047619047619,High,Active
13013.0,13,4810.9400000000005,2224,155,1,370,370.07230769230773,171.07692307692307,11.923076923076923,0.975,Very High,Active
13014.0,10,3466.28,905,67,11,270,346.62800000000004,90.5,6.7,1.0,Very High,Active
13015.0,5,3339.64,1609,156,53,195,667.928,321.8,31.2,0.6666666666666666,Very High,Recently Inactive
13016.0,3,789.89,527,39,73,49,263.2966666666667,175.66666666666666,13.0,1.139240506329114,High,Recently Inactive
13017.0,1,204.0,48,1,7,0,204.0,48.0,1.0,1.0,Low,Active
13018.0,28,7277.7,5435,313,16,279,259.91785714285714,194.10714285714286,11.178571428571429,2.7184466019417473,Very High,Active
13021.0,9,2616.38,1352,101,4,354,290.7088888888889,150.22222222222223,11.222222222222221,0.703125,Very High,Active
13023.0,2,689.9,286,36,64,65,344.95,143.0,18.0,0.6315789473684211,High,Recently Inactive
13026.0,5,975.36,1620,32,1,274,195.072,324.0,6.4,0.493421052631579,High,Active
13027.0,6,6912.0,17280,6,114,240,1152.0,2880.0,1.0,0.6666666666666666,Very High,At Risk
13028.0,2,661.3199999999999,798,40,23,22,330.65999999999997,399.0,20.0,1.1538461538461537,Medium,Active
13029.0,3,1247.5,134,8,31,322,415.8333333333333,44.666666666666664,2.6666666666666665,0.2556818181818182,High,Recently Inactive
13030.0,2,752.44,348,76,11,356,376.22,174.0,38.0,0.15544041450777202,High,Active
13032.0,2,1010.1800000000001,375,55,52,34,505.09000000000003,187.5,27.5,0.9375,High,Recently Inactive
13033.0,1,190.55,83,11,357,0,190.55,83.0,11.0,1.0,Low,Inactive
13034.0,2,642.77,369,37,55,314,321.385,184.5,18.5,0.1744186046511628,Medium,Recently Inactive
13035.0,2,921.88,644,23,74,186,460.94,322.0,11.5,0.2777777777777778,High,Recently Inactive
13037.0,3,881.07,431,44,138,118,293.69,143.66666666666666,14.666666666666666,0.6081081081081081,High,At Risk
13038.0,3,908.46,360,24,80,210,302.82,120.0,8.0,0.375,High,Recently Inactive
13040.0,2,676.99,355,38,9,24,338.495,177.5,19.0,1.1111111111111112,High,Active
13043.0,1,516.42,254,13,273,0,516.42,254.0,13.0,1.0,Medium,Inactive
13044.0,1,560.47,429,33,291,0,560.47,429.0,33.0,1.0,Medium,Inactive
13045.0,1,305.28000000000003,221,18,99,0,305.28000000000003,221.0,18.0,1.0,Low,At Risk
13046.0,2,629.31,264,33,31,235,314.655,132.0,16.5,0.22641509433962267,Medium,Recently Inactive
13047.0,9,3232.59,1390,105,57,317,359.1766666666667,154.44444444444446,11.666666666666666,0.7780979827089337,Very High,Recently Inactive
13048.0,4,1819.41,1228,77,14,312,454.8525,307.0,19.25,0.3508771929824561,Very High,Active
13049.0,2,656.6800000000001,268,14,64,253,328.34000000000003,134.0,7.0,0.21201413427561838,Medium,Recently Inactive
13050.0,17,5833.11,3747,245,15,351,343.1241176470588,220.41176470588235,14.411764705882353,1.3385826771653544,Very High,Active
13052.0,1,348.15000000000003,222,18,212,0,348.15000000000003,222.0,18.0,1.0,Medium,Inactive
13055.0,3,1214.41,894,74,78,135,404.80333333333334,298.0,24.666666666666668,0.5454545454545454,High,Recently Inactive
13058.0,3,271.40000000000003,52,5,25,127,90.46666666666668,17.333333333333332,1.6666666666666667,0.5732484076433121,Low,Active
13059.0,1,183.4,35,8,250,0,183.4,35.0,8.0,1.0,Low,Inactive
13060.0,1,307.53000000000003,123,15,254,0,307.53000000000003,123.0,15.0,1.0,Medium,Inactive
13061.0,1,248.61,107,10,72,0,248.61,107.0,10.0,1.0,Low,Recently Inactive
13062.0,1,346.98,343,11,191,0,346.98,343.0,11.0,1.0,Medium,Inactive
13064.0,4,1105.59,514,51,13,314,276.3975,128.5,12.75,0.3488372093023256,High,Active
13065.0,1,205.86,74,14,373,0,205.86,74.0,14.0,1.0,Low,Inactive
13066.0,2,470.8,322,48,24,7,235.4,161.0,24.0,1.6216216216216215,Medium,Active
13067.0,1,115.46000000000001,32,14,82,0,115.46000000000001,32.0,14.0,1.0,Low,Recently Inactive
13068.0,2,344.0,200,1,10,309,172.0,100.0,0.5,0.17699115044247787,Medium,Active
13069.0,24,4431.44,5873,281,1,368,184.64333333333332,244.70833333333334,11.708333333333334,1.809045226130653,Very High,Active
13070.0,1,228.8,110,9,192,0,228.8,110.0,9.0,1.0,Low,Inactive
13072.0,1,177.15,69,7,267,0,177.15,69.0,7.0,1.0,Low,Inactive
13075.0,1,919.61,485,22,130,0,919.61,485.0,22.0,1.0,High,At Risk
13077.0,4,728.02,862,99,1,365,182.005,215.5,24.75,0.3037974683544304,High,Active
13078.0,26,12627.94,5630,95,3,363,485.69,216.53846153846155,3.6538461538461537,1.984732824427481,Very High,Active
13079.0,5,220.10000000000002,62,2,4,136,44.02,12.4,0.4,0.9036144578313253,Low,Active
13080.0,1,58.08,120,6,179,0,58.08,120.0,6.0,1.0,Low,At Risk
13081.0,11,28337.38,19068,503,12,359,2576.1254545454544,1733.4545454545455,45.72727272727273,0.8483290488431876,Very High,Active
13082.0,9,3613.63,4324,63,126,212,401.51444444444445,480.44444444444446,7.0,1.115702479338843,Very High,At Risk
13083.0,2,303.75,187,15,4,71,151.875,93.5,7.5,0.594059405940594,Low,Active
13085.0,2,416.08,216,17,158,137,208.04,108.0,8.5,0.3592814371257485,Medium,At Risk
13089.0,97,58762.08,31025,636,3,366,605.7946391752578,319.8453608247423,6.556701030927835,7.348484848484849,Very High,Active
13090.0,13,8895.82,2262,97,9,364,684.2938461538462,174.0,7.461538461538462,0.9898477157360407,Very High,Active
13091.0,1,345.82,466,21,28,0,345.82,466.0,21.0,1.0,Medium,Active
13092.0,5,477.83,279,19,71,288,95.566,55.8,3.8,0.4716981132075472,Medium,Recently Inactive
13093.0,8,7832.47,3961,97,276,97,979.05875,495.125,12.125,1.889763779527559,Very High,Inactive
13094.0,12,1927.3200000000002,1716,4,21,347,160.61,143.0,0.3333333333333333,0.9549071618037136,Very High,Active
13095.0,1,74.39999999999999,144,6,71,0,74.39999999999999,144.0,6.0,1.0,Low,Recently Inactive
13097.0,10,6003.22,2360,214,33,327,600.322,236.0,21.4,0.8403361344537815,Very High,Recently Inactive
13098.0,28,28882.44,15968,156,1,316,1031.5157142857142,570.2857142857143,5.571428571428571,2.4277456647398843,Very High,Active
13099.0,1,207.36,288,1,99,0,207.36,288.0,1.0,1.0,Low,At Risk
13101.0,1,101.19,113,8,234,0,101.19,113.0,8.0,1.0,Low,Inactive
13102.0,24,6424.09,4204,140,1,363,267.67041666666665,175.16666666666666,5.833333333333333,1.83206106870229,Very High,Active
13103.0,1,243.94,82,8,40,0,243.94,82.0,8.0,1.0,Low,Recently Inactive
13104.0,6,1098.48,504,14,3,351,183.08,84.0,2.3333333333333335,0.4724409448818898,High,Active
13106.0,1,76.5,18,1,133,0,76.5,18.0,1.0,1.0,Low,At Risk
13107.0,4,1531.6200000000001,1293,54,44,289,382.90500000000003,323.25,13.5,0.3761755485893417,High,Recently Inactive
13108.0,1,350.06,298,10,373,0,350.06,298.0,10.0,1.0,Medium,Inactive
13109.0,2,786.54,520,41,60,97,393.27,260.0,20.5,0.47244094488188976,High,Recently Inactive
13110.0,7,1488.67,388,109,31,279,212.66714285714286,55.42857142857143,15.571428571428571,0.6796116504854368,High,Recently Inactive
13113.0,24,12245.960000000001,3045,95,1,365,510.2483333333334,126.875,3.9583333333333335,1.8227848101265824,Very High,Active
13115.0,4,2294.78,1567,88,12,172,573.695,391.75,22.0,0.594059405940594,Very High,Active
13116.0,1,501.14,291,30,138,0,501.14,291.0,30.0,1.0,Medium,At Risk
13117.0,8,984.91,945,66,22,350,123.11375,118.125,8.25,0.6315789473684211,High,Active
13118.0,5,1197.81,410,68,20,269,239.56199999999998,82.0,13.6,0.5016722408026756,High,Active
13120.0,1,30.6,12,1,239,0,30.6,12.0,1.0,1.0,Low,Inactive
13121.0,1,283.73,252,50,269,0,283.73,252.0,50.0,1.0,Low,Inactive
13122.0,2,922.39,585,54,94,146,461.195,292.5,27.0,0.34090909090909094,High,At Risk
13124.0,3,3756.33,2119,185,90,269,1252.11,706.3333333333334,61.666666666666664,0.3010033444816054,Very High,Recently Inactive
13126.0,8,2099.64,2143,124,5,361,262.455,267.875,15.5,0.6138107416879796,Very High,Active
13127.0,1,259.17,127,15,78,0,259.17,127.0,15.0,1.0,Low,Recently Inactive
13130.0,1,64.0,32,2,94,0,64.0,32.0,2.0,1.0,Low,At Risk
13131.0,3,1073.3,447,30,23,164,357.76666666666665,149.0,10.0,0.4639175257731959,High,Active
13132.0,1,77.3,20,3,262,0,77.3,20.0,3.0,1.0,Low,Inactive
13133.0,2,109.8,32,7,274,30,54.9,16.0,3.5,1.0,Low,Inactive
13134.0,4,1793.58,1059,94,86,154,448.395,264.75,23.5,0.6521739130434783,Very High,Recently Inactive
13135.0,1,3096.0,4300,1,197,0,3096.0,4300.0,1.0,1.0,Very High,Inactive
13136.0,5,2607.61,1328,94,56,156,521.522,265.6,18.8,0.8064516129032258,Very High,Recently Inactive
13137.0,8,3603.29,2204,345,11,298,450.41125,275.5,43.125,0.7317073170731707,Very High,Active
13138.0,6,962.39,473,31,22,350,160.39833333333334,78.83333333333333,5.166666666666667,0.4736842105263158,High,Active
13139.0,7,5064.9400000000005,2425,132,16,243,723.5628571428572,346.42857142857144,18.857142857142858,0.7692307692307693,Very High,Active
13140.0,3,422.47,185,40,108,258,140.82333333333335,61.666666666666664,13.333333333333334,0.3125,Medium,At Risk
13141.0,5,2388.75,1548,113,85,230,477.75,309.6,22.6,0.5769230769230769,Very High,Recently Inactive
13142.0,1,307.09000000000003,258,23,19,0,307.09000000000003,258.0,23.0,1.0,Medium,Active
13144.0,1,110.95,21,3,333,0,110.95,21.0,3.0,1.0,Low,Inactive
13145.0,4,618.52,145,5,40,332,154.63,36.25,1.25,0.3314917127071823,Medium,Recently Inactive
13146.0,1,228.91,154,16,26,0,228.91,154.0,16.0,1.0,Low,Active
13147.0,4,712.8,144,1,10,89,178.2,36.0,0.25,1.0084033613445378,High,Active
13148.0,12,3683.26,1965,231,29,335,306.93833333333333,163.75,19.25,0.9863013698630138,Very High,Active
13149.0,4,1676.06,1280,76,14,274,419.015,320.0,19.0,0.39473684210526316,Very High,Active
13151.0,1,1257.8700000000001,363,73,296,0,1257.8700000000001,363.0,73.0,1.0,High,Inactive
13153.0,1,486.22,418,15,6,0,486.22,418.0,15.0,1.0,Medium,Active
13155.0,4,971.76,497,67,33,335,242.94,124.25,16.75,0.32876712328767127,High,Recently Inactive
13157.0,4,1741.22,1439,69,49,248,435.305,359.75,17.25,0.4316546762589928,Very High,Recently Inactive
13158.0,4,1201.06,784,59,95,224,300.265,196.0,14.75,0.47244094488188976,High,At Risk
13159.0,4,1429.35,1058,114,9,106,357.3375,264.5,28.5,0.8823529411764706,High,Active
13160.0,1,91.8,56,4,22,0,91.8,56.0,4.0,1.0,Low,Active
13161.0,1,112.75,29,8,313,0,112.75,29.0,8.0,1.0,Low,Inactive
13162.0,4,1688.29,1713,74,122,212,422.0725,428.25,18.5,0.49586776859504134,Very High,At Risk
13165.0,2,1021.48,1376,40,46,305,510.74,688.0,20.0,0.17910447761194032,High,Recently Inactive
13166.0,1,417.2,216,39,283,0,417.2,216.0,39.0,1.0,Medium,Inactive
13167.0,4,779.33,773,50,19,125,194.8325,193.25,12.5,0.7741935483870968,High,Active
13168.0,4,1299.59,670,102,36,281,324.8975,167.5,25.5,0.3858520900321543,High,Recently Inactive
13169.0,2,712.88,272,11,64,188,356.44,136.0,5.5,0.27522935779816515,High,Recently Inactive
13170.0,1,108.81,141,29,27,0,108.81,141.0,29.0,1.0,Low,Active
13171.0,3,468.41,229,37,22,277,156.13666666666668,76.33333333333333,12.333333333333334,0.2931596091205212,Medium,Active
13173.0,2,353.65000000000003,277,41,4,363,176.82500000000002,138.5,20.5,0.15267175572519084,Medium,Active
13174.0,3,2738.82,1351,227,16,352,912.94,450.3333333333333,75.66666666666667,0.23560209424083772,Very High,Active
13176.0,1,481.49,448,66,46,0,481.49,448.0,66.0,1.0,Medium,Recently Inactive
13177.0,1,282.45,91,17,65,0,282.45,91.0,17.0,1.0,Low,Recently Inactive
13178.0,11,5725.47,3570,95,26,334,520.4972727272727,324.54545454545456,8.636363636363637,0.9065934065934066,Very High,Active
13182.0,1,121.18,201,11,45,0,121.18,201.0,11.0,1.0,Low,Recently Inactive
13183.0,9,3957.78,2208,51,8,326,439.75333333333333,245.33333333333334,5.666666666666667,0.7584269662921348,Very High,Active
13184.0,10,1667.95,1661,137,15,275,166.79500000000002,166.1,13.7,0.9836065573770493,Very High,Active
13185.0,1,71.4,12,1,268,0,71.4,12.0,1.0,1.0,Low,Inactive
13186.0,3,1575.89,820,69,40,89,525.2966666666667,273.3333333333333,23.0,0.7563025210084033,High,Recently Inactive
13187.0,1,236.02,95,37,337,0,236.02,95.0,37.0,1.0,Low,Inactive
13188.0,1,114.6,25,2,11,0,114.6,25.0,2.0,1.0,Low,Active
13189.0,2,260.68,842,29,19,96,130.34,421.0,14.5,0.47619047619047616,Low,Active
13192.0,2,911.94,595,57,95,109,455.97,297.5,28.5,0.43165467625899284,High,At Risk
13193.0,1,112.08,46,22,61,0,112.08,46.0,22.0,1.0,Low,Recently Inactive
13194.0,1,60.7,26,3,136,0,60.7,26.0,3.0,1.0,Low,At Risk
13196.0,4,1797.78,1224,97,11,250,449.445,306.0,24.25,0.42857142857142855,Very High,Active
13198.0,6,3401.2400000000002,2648,199,10,351,566.8733333333333,441.3333333333333,33.166666666666664,0.4724409448818898,Very High,Active
13199.0,37,9802.12,6175,47,4,363,264.9221621621622,166.8918918918919,1.2702702702702702,2.8244274809160306,Very High,Active
13200.0,4,870.09,516,42,19,107,217.5225,129.0,10.5,0.8759124087591241,High,Active
13203.0,4,869.46,800,56,10,232,217.365,200.0,14.0,0.45801526717557245,High,Active
13207.0,2,250.26000000000002,130,7,15,135,125.13000000000001,65.0,3.5,0.36363636363636365,Low,Active
13208.0,5,1193.17,767,123,59,249,238.63400000000001,153.4,24.6,0.5376344086021505,High,Recently Inactive
13209.0,8,5891.61,4253,255,30,331,736.45125,531.625,31.875,0.6648199445983379,Very High,Active
13210.0,1,353.48,316,22,94,0,353.48,316.0,22.0,1.0,Medium,At Risk
13211.0,3,1095.42,834,45,10,350,365.14000000000004,278.0,15.0,0.2368421052631579,High,Active
13212.0,3,786.83,309,128,20,41,262.2766666666667,103.0,42.666666666666664,1.267605633802817,High,Active
13213.0,5,1520.58,1360,82,57,142,304.116,272.0,16.4,0.872093023255814,High,Recently Inactive
13216.0,1,333.74,297,5,268,0,333.74,297.0,5.0,1.0,Medium,Inactive
13217.0,3,533.98,262,3,122,34,177.99333333333334,87.33333333333333,1.0,1.40625,Medium,At Risk
13218.0,1,62.64,88,5,127,0,62.64,88.0,5.0,1.0,Low,At Risk
13220.0,4,819.2900000000001,196,18,78,158,204.82250000000002,49.0,4.5,0.6382978723404256,High,Recently Inactive
13221.0,2,844.86,243,61,240,119,422.43,121.5,30.5,0.40268456375838924,High,Inactive
13223.0,2,163.2,88,5,200,31,81.6,44.0,2.5,0.9836065573770493,Low,Inactive
13224.0,2,2152.95,1515,100,60,91,1076.475,757.5,50.0,0.49586776859504134,Very High,Recently Inactive
13225.0,7,6463.84,3416,23,3,358,923.4057142857143,488.0,3.2857142857142856,0.5412371134020618,Very High,Active
13226.0,1,108.21000000000001,80,16,273,0,108.21000000000001,80.0,16.0,1.0,Low,Inactive
13227.0,1,257.7,99,9,202,0,257.7,99.0,9.0,1.0,Low,Inactive
13228.0,1,358.0,200,2,81,0,358.0,200.0,2.0,1.0,Medium,Recently Inactive
13229.0,1,160.95,63,10,226,0,160.95,63.0,10.0,1.0,Low,Inactive
13230.0,14,2755.63,1638,393,4,360,196.8307142857143,117.0,28.071428571428573,1.0769230769230769,Very High,Active
13232.0,7,1327.75,771,146,13,230,189.67857142857142,110.14285714285714,20.857142857142858,0.8076923076923076,High,Active
13233.0,2,605.12,1004,43,74,261,302.56,502.0,21.5,0.2061855670103093,Medium,Recently Inactive
13235.0,1,1031.07,441,53,212,0,1031.07,441.0,53.0,1.0,High,Inactive
13236.0,2,744.85,416,34,25,82,372.425,208.0,17.0,0.5357142857142857,High,Active
13238.0,4,700.73,298,20,17,343,175.1825,74.5,5.0,0.32171581769436997,High,Active
13239.0,1,329.56,327,21,262,0,329.56,327.0,21.0,1.0,Medium,Inactive
13240.0,4,648.7,297,58,96,269,162.175,74.25,14.5,0.4013377926421405,Medium,At Risk
13242.0,3,270.40000000000003,130,12,112,101,90.13333333333334,43.333333333333336,4.0,0.6870229007633587,Low,At Risk
13243.0,1,585.12,232,56,203,0,585.12,232.0,56.0,1.0,Medium,Inactive
13244.0,1,121.74000000000001,38,27,93,0,121.74000000000001,38.0,27.0,1.0,Low,At Risk
13245.0,1,430.5,125,16,51,0,430.5,125.0,16.0,1.0,Medium,Recently Inactive
13246.0,6,1961.52,1587,110,18,312,326.92,264.5,18.333333333333332,0.5263157894736842,Very High,Active
13247.0,4,501.12,328,18,18,64,125.28,82.0,4.5,1.2765957446808511,Medium,Active
13248.0,2,465.68,305,25,125,64,232.84,152.5,12.5,0.6382978723404256,Medium,At Risk
13249.0,3,711.41,546,21,92,168,237.13666666666666,182.0,7.0,0.4545454545454546,High,At Risk
13253.0,2,1030.4,1572,35,157,182,515.2,786.0,17.5,0.2830188679245283,High,At Risk
13255.0,2,399.51,177,13,9,364,199.755,88.5,6.5,0.15228426395939088,Medium,Active
13258.0,3,672.83,282,28,12,193,224.27666666666667,94.0,9.333333333333334,0.40358744394618834,High,Active
13259.0,1,283.18,126,77,62,0,283.18,126.0,77.0,1.0,Low,Recently Inactive
13260.0,1,557.62,142,8,61,0,557.62,142.0,8.0,1.0,Medium,Recently Inactive
13261.0,2,944.1,210,8,269,17,472.05,105.0,4.0,1.2765957446808511,High,Inactive
13262.0,1,200.29,125,11,263,0,200.29,125.0,11.0,1.0,Low,Inactive
13263.0,35,7426.71,4762,449,1,323,212.19171428571428,136.05714285714285,12.82857142857143,2.9745042492917846,Very High,Active
13265.0,5,2092.66,1740,66,53,220,418.532,348.0,13.2,0.6000000000000001,Very High,Recently Inactive
13266.0,12,3834.2599999999998,4428,82,11,245,319.52166666666665,369.0,6.833333333333333,1.309090909090909,Very High,Active
13267.0,19,4521.49,1969,88,3,364,237.97315789473683,103.63157894736842,4.631578947368421,1.4467005076142132,Very High,Active
13268.0,10,3152.71,3548,256,18,249,315.271,354.8,25.6,1.075268817204301,Very High,Active
13269.0,15,5343.28,3513,177,1,368,356.21866666666665,234.2,11.8,1.1306532663316582,Very High,Active
13270.0,1,590.0,200,1,366,0,590.0,200.0,1.0,1.0,Medium,Inactive
13271.0,1,211.49,240,79,37,0,211.49,240.0,79.0,1.0,Low,Recently Inactive
13272.0,2,276.56,96,15,31,58,138.28,48.0,7.5,0.6818181818181818,Low,Recently Inactive
13273.0,1,138.98,153,16,113,0,138.98,153.0,16.0,1.0,Low,At Risk
13276.0,2,590.9300000000001,161,30,64,36,295.46500000000003,80.5,15.0,0.9090909090909091,Medium,Recently Inactive
13277.0,4,258.4,176,5,16,117,64.6,44.0,1.25,0.8163265306122448,Low,Active
13278.0,1,542.73,537,46,41,0,542.73,537.0,46.0,1.0,Medium,Recently Inactive
13279.0,1,137.75,73,9,78,0,137.75,73.0,9.0,1.0,Low,Recently Inactive
13280.0,3,798.46,518,67,122,214,266.15333333333336,172.66666666666666,22.333333333333332,0.36885245901639346,High,At Risk
13282.0,3,1132.14,307,29,18,202,377.38000000000005,102.33333333333333,9.666666666666666,0.3879310344827586,High,Active
13283.0,2,93.66,90,7,60,125,46.83,45.0,3.5,0.3870967741935484,Low,Recently Inactive
13284.0,1,201.19,91,13,331,0,201.19,91.0,13.0,1.0,Low,Inactive
13285.0,4,2709.12,2051,157,23,266,677.28,512.75,39.25,0.4054054054054054,Very High,Active
13291.0,1,361.11,233,41,156,0,361.11,233.0,41.0,1.0,Medium,At Risk
13292.0,2,578.94,347,29,39,245,289.47,173.5,14.5,0.2181818181818182,Medium,Recently Inactive
13294.0,2,873.74,453,48,190,59,436.87,226.5,24.0,0.6741573033707865,High,Inactive
13295.0,1,201.20000000000002,82,10,360,0,201.20000000000002,82.0,10.0,1.0,Low,Inactive
13296.0,1,87.4,78,5,137,0,87.4,78.0,5.0,1.0,Low,At Risk
13297.0,4,2089.85,963,52,8,59,522.4625,240.75,13.0,1.348314606741573,Very High,Active
13298.0,1,360.0,96,2,1,0,360.0,96.0,2.0,1.0,Medium,Active
13299.0,1,142.5,30,5,268,0,142.5,30.0,5.0,1.0,Low,Inactive
13300.0,1,371.89,203,20,169,0,371.89,203.0,20.0,1.0,Medium,At Risk
13301.0,4,600.1899999999999,343,74,104,188,150.04749999999999,85.75,18.5,0.5504587155963303,Medium,At Risk
13302.0,1,63.75,5,1,155,0,63.75,5.0,1.0,1.0,Low,At Risk
13304.0,1,300.42,238,21,351,0,300.42,238.0,21.0,1.0,Low,Inactive
13305.0,10,2000.86,1232,50,4,368,200.08599999999998,123.2,5.0,0.7537688442211055,Very High,Active
13307.0,1,15.0,4,1,120,0,15.0,4.0,1.0,1.0,Low,At Risk
13308.0,3,1385.51,843,49,23,180,461.83666666666664,281.0,16.333333333333332,0.42857142857142855,High,Active
13309.0,5,1456.79,1544,82,7,301,291.358,308.8,16.4,0.45317220543806647,High,Active
13310.0,3,1132.03,587,65,28,296,377.3433333333333,195.66666666666666,21.666666666666668,0.2760736196319018,High,Active
13311.0,2,598.57,305,25,4,145,299.285,152.5,12.5,0.34285714285714286,Medium,Active
13313.0,5,1555.3200000000002,851,47,22,317,311.064,170.2,9.4,0.43227665706051877,High,Active
13314.0,3,775.94,560,55,2,72,258.6466666666667,186.66666666666666,18.333333333333332,0.8823529411764706,High,Active
13316.0,4,5732.93,5508,66,37,217,1433.2325,1377.0,16.5,0.48582995951416996,Very High,Recently Inactive
13317.0,6,2273.68,1035,100,66,292,378.94666666666666,172.5,16.666666666666668,0.5590062111801243,Very High,Recently Inactive
13318.0,3,640.76,304,14,1,36,213.58666666666667,101.33333333333333,4.666666666666667,1.3636363636363635,Medium,Active
13319.0,26,10845.550000000001,4724,209,5,360,417.1365384615385,181.69230769230768,8.038461538461538,2.0,Very High,Active
13320.0,4,1532.2,1086,77,78,135,383.05,271.5,19.25,0.7272727272727273,High,Recently Inactive
13321.0,2,567.36,372,10,72,14,283.68,186.0,5.0,1.3636363636363635,Medium,Recently Inactive
13322.0,1,199.48000000000002,117,25,17,0,199.48000000000002,117.0,25.0,1.0,Low,Active
13323.0,5,787.85,175,6,3,81,157.57,35.0,1.2,1.3513513513513513,High,Active
13324.0,10,7121.95,5205,25,36,324,712.1949999999999,520.5,2.5,0.847457627118644,Very High,Recently Inactive
13325.0,1,675.3,240,12,82,0,675.3,240.0,12.0,1.0,High,Recently Inactive
13327.0,8,3627.77,1600,74,39,326,453.47125,200.0,9.25,0.6741573033707865,Very High,Recently Inactive
13328.0,1,1308.48,680,17,316,0,1308.48,680.0,17.0,1.0,High,Inactive
13329.0,2,789.0,463,16,32,335,394.5,231.5,8.0,0.16438356164383564,High,Recently Inactive
13330.0,3,1140.93,751,37,93,223,380.31,250.33333333333334,12.333333333333334,0.3557312252964427,High,At Risk
13332.0,1,350.90000000000003,179,21,14,0,350.90000000000003,179.0,21.0,1.0,Medium,Active
13334.0,3,3502.32,1764,207,82,223,1167.44,588.0,69.0,0.3557312252964427,Very High,Recently Inactive
13336.0,1,795.12,559,51,77,0,795.12,559.0,51.0,1.0,High,Recently Inactive
13338.0,1,487.02,256,19,158,0,487.02,256.0,19.0,1.0,Medium,At Risk
13339.0,1,860.12,326,54,201,0,860.12,326.0,54.0,1.0,High,Inactive
13340.0,7,10736.48,5770,128,45,231,1533.782857142857,824.2857142857143,18.285714285714285,0.8045977011494253,Very High,Recently Inactive
13341.0,1,775.85,301,42,261,0,775.85,301.0,42.0,1.0,High,Inactive
13343.0,1,353.43,135,19,178,0,353.43,135.0,19.0,1.0,Medium,At Risk
13344.0,3,2511.69,952,115,68,209,837.23,317.3333333333333,38.333333333333336,0.37656903765690375,Very High,Recently Inactive
13345.0,1,389.5,141,20,288,0,389.5,141.0,20.0,1.0,Medium,Inactive
13347.0,1,341.36,205,8,70,0,341.36,205.0,8.0,1.0,Medium,Recently Inactive
13348.0,1,233.76000000000002,136,14,64,0,233.76000000000002,136.0,14.0,1.0,Low,Recently Inactive
13349.0,1,247.32,225,16,11,0,247.32,225.0,16.0,1.0,Low,Active
13350.0,2,979.12,287,36,16,63,489.56,143.5,18.0,0.6451612903225806,High,Active
13351.0,1,373.94,117,16,66,0,373.94,117.0,16.0,1.0,Medium,Recently Inactive
13352.0,1,397.98,321,24,60,0,397.98,321.0,24.0,1.0,Medium,Recently Inactive
13354.0,1,743.53,604,51,71,0,743.53,604.0,51.0,1.0,High,Recently Inactive
13355.0,1,674.7,314,32,122,0,674.7,314.0,32.0,1.0,High,At Risk
13356.0,1,768.24,325,42,80,0,768.24,325.0,42.0,1.0,High,Recently Inactive
13357.0,1,609.4,321,85,257,0,609.4,321.0,85.0,1.0,Medium,Inactive
13358.0,1,439.03000000000003,285,29,269,0,439.03000000000003,285.0,29.0,1.0,Medium,Inactive
13359.0,1,439.56,161,23,64,0,439.56,161.0,23.0,1.0,Medium,Recently Inactive
13362.0,4,3090.7400000000002,1382,128,9,278,772.6850000000001,345.5,32.0,0.3896103896103896,Very High,Active
13363.0,2,992.5,710,47,18,26,496.25,355.0,23.5,1.0714285714285714,High,Active
13364.0,1,134.96,71,10,71,0,134.96,71.0,10.0,1.0,Low,Recently Inactive
13365.0,2,2225.37,1247,122,34,184,1112.685,623.5,61.0,0.2803738317757009,Very High,Recently Inactive
13366.0,1,56.16,144,1,50,0,56.16,144.0,1.0,1.0,Low,Recently Inactive
13368.0,2,623.4,327,29,257,80,311.7,163.5,14.5,0.5454545454545455,Medium,Inactive
13369.0,1,308.28000000000003,149,14,366,0,308.28000000000003,149.0,14.0,1.0,Medium,Inactive
13370.0,1,754.87,343,39,372,0,754.87,343.0,39.0,1.0,High,Inactive
13372.0,1,378.64,159,23,90,0,378.64,159.0,23.0,1.0,Medium,Recently Inactive
13373.0,3,3312.25,1651,135,61,215,1104.0833333333333,550.3333333333334,45.0,0.36734693877551017,Very High,Recently Inactive
13375.0,1,778.65,442,37,89,0,778.65,442.0,37.0,1.0,High,Recently Inactive
13376.0,3,1019.76,493,45,99,135,339.92,164.33333333333334,15.0,0.5454545454545454,High,At Risk
13379.0,3,572.56,601,85,26,110,190.85333333333332,200.33333333333334,28.333333333333332,0.6428571428571429,Medium,Active
13381.0,6,3639.31,2029,77,32,267,606.5516666666666,338.1666666666667,12.833333333333334,0.6060606060606061,Very High,Recently Inactive
13382.0,1,222.99,131,15,281,0,222.99,131.0,15.0,1.0,Low,Inactive
13384.0,7,4151.93,2422,123,31,147,593.1328571428572,346.0,17.571428571428573,1.1864406779661016,Very High,Recently Inactive
13385.0,1,534.57,281,35,330,0,534.57,281.0,35.0,1.0,Medium,Inactive
13388.0,2,677.1,282,35,131,0,338.55,141.0,17.5,2.0,High,At Risk
13389.0,3,797.96,429,50,11,221,265.9866666666667,143.0,16.666666666666668,0.3585657370517928,High,Active
13390.0,1,544.08,224,13,75,0,544.08,224.0,13.0,1.0,Medium,Recently Inactive
13391.0,1,59.8,4,1,204,0,59.8,4.0,1.0,1.0,Low,Inactive
13394.0,8,2520.02,2392,124,2,308,315.0025,299.0,15.5,0.7100591715976331,Very High,Active
13395.0,1,307.72,336,21,185,0,307.72,336.0,21.0,1.0,Medium,Inactive
13396.0,2,1360.99,600,42,29,290,680.495,300.0,21.0,0.1875,High,Active
13397.0,5,1544.13,430,28,73,266,308.826,86.0,5.6,0.5067567567567567,High,Recently Inactive
13398.0,1,457.34000000000003,281,26,192,0,457.34000000000003,281.0,26.0,1.0,Medium,Inactive
13402.0,2,621.23,479,32,127,244,310.615,239.5,16.0,0.21897810218978103,Medium,At Risk
13403.0,1,75.0,44,3,18,0,75.0,44.0,3.0,1.0,Low,Active
13404.0,2,252.49,111,11,1,211,126.245,55.5,5.5,0.24896265560165975,Low,Active
13405.0,3,572.451,165,25,74,243,190.817,55.0,8.333333333333334,0.32967032967032966,Medium,Recently Inactive
13408.0,62,28117.04,16232,234,2,371,453.5006451612903,261.80645161290323,3.774193548387097,4.638403990024938,Very High,Active
13410.0,5,1003.06,518,15,24,267,200.612,103.6,3.0,0.5050505050505051,High,Active
13411.0,1,213.55,72,17,107,0,213.55,72.0,17.0,1.0,Low,At Risk
13414.0,3,1390.5,1574,23,134,162,463.5,524.6666666666666,7.666666666666667,0.46875,High,At Risk
13416.0,2,712.5,142,11,44,37,356.25,71.0,5.5,0.8955223880597015,High,Recently Inactive
13417.0,2,640.83,162,26,5,200,320.415,81.0,13.0,0.2608695652173913,Medium,Active
13418.0,18,6127.43,3918,223,12,360,340.4127777777778,217.66666666666666,12.38888888888889,1.3846153846153846,Very High,Active
13419.0,1,221.06,275,16,64,0,221.06,275.0,16.0,1.0,Low,Recently Inactive
13420.0,2,159.85,101,8,150,20,79.925,50.5,4.0,1.2000000000000002,Low,At Risk
13421.0,2,1823.21,1103,87,40,249,911.605,551.5,43.5,0.2150537634408602,Very High,Recently Inactive
13422.0,1,2626.3,1326,127,64,0,2626.3,1326.0,127.0,1.0,Very High,Recently Inactive
13425.0,3,1624.21,1123,66,108,186,541.4033333333333,374.3333333333333,22.0,0.41666666666666663,High,At Risk
13426.0,10,3641.32,2245,103,1,358,364.132,224.5,10.3,0.7731958762886598,Very High,Active
13427.0,3,582.6,545,25,19,195,194.20000000000002,181.66666666666666,8.333333333333334,0.4,Medium,Active
13428.0,1,201.78,151,70,10,0,201.78,151.0,70.0,1.0,Low,Active
13429.0,4,1006.8,1390,55,11,64,251.7,347.5,13.75,1.2765957446808511,High,Active
13430.0,2,679.45,751,48,19,67,339.725,375.5,24.0,0.6185567010309279,High,Active
13431.0,2,1269.1,672,44,67,21,634.55,336.0,22.0,1.1764705882352942,High,Recently Inactive
13434.0,2,534.24,300,9,74,22,267.12,150.0,4.5,1.1538461538461537,Medium,Recently Inactive
13435.0,7,3809.89,2129,68,5,183,544.27,304.14285714285717,9.714285714285714,0.9859154929577465,Very High,Active
13436.0,1,196.89,76,12,2,0,196.89,76.0,12.0,1.0,Low,Active
13437.0,7,3408.06,1283,143,14,175,486.86571428571426,183.28571428571428,20.428571428571427,1.024390243902439,Very High,Active
13439.0,1,283.71,242,54,255,0,283.71,242.0,54.0,1.0,Low,Inactive
13441.0,1,296.64,204,13,92,0,296.64,204.0,13.0,1.0,Low,At Risk
13447.0,3,1129.14,584,55,23,12,376.38000000000005,194.66666666666666,18.333333333333332,2.142857142857143,High,Active
13448.0,6,3534.69,1648,137,17,357,589.115,274.6666666666667,22.833333333333332,0.46511627906976744,Very High,Active
13449.0,1,291.88,222,19,24,0,291.88,222.0,19.0,1.0,Low,Active
13450.0,6,2043.72,1982,32,27,191,340.62,330.3333333333333,5.333333333333333,0.8144796380090498,Very High,Active
13451.0,5,2898.2599999999998,2128,315,26,308,579.6519999999999,425.6,63.0,0.4437869822485207,Very High,Active
13452.0,2,590.0,2,1,259,11,295.0,1.0,0.5,1.4634146341463414,Medium,Inactive
13453.0,2,356.98,134,16,166,123,178.49,67.0,8.0,0.3921568627450981,Medium,At Risk
13455.0,2,1058.34,354,42,25,341,529.17,177.0,21.0,0.16172506738544473,High,Active
13456.0,6,1766.72,765,43,18,189,294.4533333333333,127.5,7.166666666666667,0.8219178082191781,Very High,Active
13458.0,14,9646.57,5508,242,7,352,689.0407142857142,393.42857142857144,17.285714285714285,1.099476439790576,Very High,Active
13460.0,2,183.44,286,16,29,20,91.72,143.0,8.0,1.2000000000000002,Low,Active
13461.0,3,1445.0,1170,14,39,124,481.6666666666667,390.0,4.666666666666667,0.5844155844155844,High,Recently Inactive
13462.0,1,151.5,62,9,253,0,151.5,62.0,9.0,1.0,Low,Inactive
13464.0,1,674.68,403,41,58,0,674.68,403.0,41.0,1.0,High,Recently Inactive
13466.0,1,307.90000000000003,259,17,184,0,307.90000000000003,259.0,17.0,1.0,Medium,Inactive
13467.0,2,1071.91,580,89,11,25,535.955,290.0,44.5,1.0909090909090908,High,Active
13468.0,37,5704.97,2589,184,2,371,154.1883783783784,69.97297297297297,4.972972972972973,2.7680798004987532,Very High,Active
13470.0,2,165.0,100,7,99,15,82.5,50.0,3.5,1.3333333333333333,Low,At Risk
13471.0,4,2501.84,1583,214,1,46,625.46,395.75,53.5,1.5789473684210527,Very High,Active
13473.0,2,422.64,266,21,61,272,211.32,133.0,10.5,0.19867549668874174,Medium,Recently Inactive
13474.0,1,226.84,129,59,236,0,226.84,129.0,59.0,1.0,Low,Inactive
13475.0,4,1431.78,1012,64,191,107,357.945,253.0,16.0,0.8759124087591241,High,Inactive
13476.0,2,1238.47,417,56,179,102,619.235,208.5,28.0,0.45454545454545453,High,At Risk
13477.0,6,1454.58,1021,57,38,253,242.42999999999998,170.16666666666666,9.5,0.6360424028268551,High,Recently Inactive
13479.0,2,300.95,134,14,201,33,150.475,67.0,7.0,0.9523809523809523,Low,Inactive
13481.0,5,1804.56,1142,98,46,211,360.912,228.4,19.6,0.6224066390041494,Very High,Recently Inactive
13482.0,1,184.64000000000001,116,11,232,0,184.64000000000001,116.0,11.0,1.0,Low,Inactive
13483.0,1,140.34,160,10,66,0,140.34,160.0,10.0,1.0,Low,Recently Inactive
13484.0,1,313.8,44,8,241,0,313.8,44.0,8.0,1.0,Medium,Inactive
13485.0,1,454.24,277,23,233,0,454.24,277.0,23.0,1.0,Medium,Inactive
13486.0,3,1122.41,669,69,78,76,374.1366666666667,223.0,23.0,0.8490566037735849,High,Recently Inactive
13487.0,3,575.4,265,26,58,295,191.79999999999998,88.33333333333333,8.666666666666666,0.2769230769230769,Medium,Recently Inactive
13488.0,13,8968.31,4518,271,17,350,689.87,347.53846153846155,20.846153846153847,1.0263157894736843,Very High,Active
13489.0,4,449.52,560,11,105,189,112.38,140.0,2.75,0.547945205479452,Medium,At Risk
13491.0,10,1215.82,903,73,52,320,121.582,90.3,7.3,0.8571428571428572,High,Recently Inactive
13492.0,3,1269.84,408,38,136,78,423.28,136.0,12.666666666666666,0.8333333333333333,High,At Risk
13493.0,2,618.63,380,6,275,11,309.315,190.0,3.0,1.4634146341463414,Medium,Inactive
13494.0,1,316.26000000000005,162,18,312,0,316.26000000000005,162.0,18.0,1.0,Medium,Inactive
13495.0,5,2044.8700000000001,829,34,8,360,408.97400000000005,165.8,6.8,0.38461538461538464,Very High,Active
13496.0,2,653.33,341,28,11,349,326.665,170.5,14.0,0.158311345646438,Medium,Active
13497.0,2,348.05,163,19,283,85,174.025,81.5,9.5,0.5217391304347826,Medium,Inactive
13499.0,5,1159.1100000000001,1365,31,18,252,231.82200000000003,273.0,6.2,0.5319148936170213,High,Active
13500.0,3,1166.77,609,60,23,99,388.92333333333335,203.0,20.0,0.6976744186046512,High,Active
13501.0,1,1340.32,560,52,288,0,1340.32,560.0,52.0,1.0,High,Inactive
13502.0,3,292.0,264,17,17,307,97.33333333333333,88.0,5.666666666666667,0.26706231454005935,Low,Active
13503.0,1,216.85,248,17,71,0,216.85,248.0,17.0,1.0,Low,Recently Inactive
13504.0,1,295.93,178,22,64,0,295.93,178.0,22.0,1.0,Low,Recently Inactive
13505.0,4,4393.63,2486,182,73,159,1098.4075,621.5,45.5,0.6349206349206349,Very High,Recently Inactive
13506.0,2,458.52,324,26,316,53,229.26,162.0,13.0,0.7228915662650602,Medium,Inactive
13507.0,4,2479.16,1597,146,3,142,619.79,399.25,36.5,0.6976744186046512,Very High,Active
13508.0,1,110.97,24,12,244,0,110.97,24.0,12.0,1.0,Low,Inactive
13509.0,7,979.72,1106,27,9,275,139.96,158.0,3.857142857142857,0.6885245901639344,High,Active
13510.0,4,1791.56,1386,86,1,182,447.89,346.5,21.5,0.5660377358490566,Very High,Active
13512.0,1,251.21,143,15,261,0,251.21,143.0,15.0,1.0,Low,Inactive
13513.0,1,205.1,109,10,127,0,205.1,109.0,10.0,1.0,Low,At Risk
13514.0,1,152.20000000000002,40,4,74,0,152.20000000000002,40.0,4.0,1.0,Low,Recently Inactive
13515.0,4,891.12,681,50,73,175,222.78,170.25,12.5,0.5853658536585367,High,Recently Inactive
13516.0,3,1389.41,985,43,21,217,463.1366666666667,328.3333333333333,14.333333333333334,0.36437246963562747,High,Active
13517.0,3,2128.42,1369,125,60,120,709.4733333333334,456.3333333333333,41.666666666666664,0.6,Very High,Recently Inactive
13518.0,1,627.16,382,36,86,0,627.16,382.0,36.0,1.0,Medium,Recently Inactive
13519.0,1,122.75,23,8,78,0,122.75,23.0,8.0,1.0,Low,Recently Inactive
13520.0,6,3624.35,1649,49,59,312,604.0583333333333,274.8333333333333,8.166666666666666,0.5263157894736842,Very High,Recently Inactive
13521.0,3,1070.47,715,312,1,8,356.8233333333333,238.33333333333334,104.0,2.368421052631579,High,Active
13522.0,1,125.80000000000001,44,5,30,0,125.80000000000001,44.0,5.0,1.0,Low,Active
13523.0,5,3964.88,1752,157,33,333,792.976,350.4,31.4,0.4132231404958678,Very High,Recently Inactive
13524.0,5,680.1800000000001,324,17,41,179,136.036,64.8,3.4,0.7177033492822966,High,Recently Inactive
13525.0,2,628.78,394,5,15,233,314.39,197.0,2.5,0.2281368821292776,Medium,Active
13527.0,7,2242.36,1683,153,34,293,320.33714285714285,240.42857142857142,21.857142857142858,0.6501547987616099,Very High,Recently Inactive
13529.0,2,307.76,74,15,79,125,153.88,37.0,7.5,0.3870967741935484,Medium,Recently Inactive
13531.0,2,483.8,174,17,205,161,241.9,87.0,8.5,0.31413612565445026,Medium,Inactive
13532.0,1,210.31,129,66,34,0,210.31,129.0,66.0,1.0,Low,Recently Inactive
13533.0,3,269.09,202,61,183,84,89.69666666666666,67.33333333333333,20.333333333333332,0.7894736842105263,Low,Inactive
13534.0,25,5870.08,2961,119,2,355,234.8032,118.44,4.76,1.948051948051948,Very High,Active
13536.0,7,3444.39,2126,91,1,74,492.05571428571426,303.7142857142857,13.0,2.019230769230769,Very High,Active
13538.0,7,1280.85,175,10,43,272,182.97857142857143,25.0,1.4285714285714286,0.695364238410596,High,Recently Inactive
13539.0,3,631.34,320,35,86,223,210.4466666666667,106.66666666666667,11.666666666666666,0.3557312252964427,Medium,Recently Inactive
13544.0,2,276.06,112,76,40,200,138.03,56.0,38.0,0.2608695652173913,Low,Recently Inactive
13546.0,3,621.09,357,72,12,188,207.03,119.0,24.0,0.41284403669724773,Medium,Active
13548.0,2,678.16,436,114,96,147,339.08,218.0,57.0,0.3389830508474576,High,At Risk
13549.0,7,918.2,458,37,26,216,131.17142857142858,65.42857142857143,5.285714285714286,0.853658536585366,High,Active
13551.0,1,91.80000000000001,12,4,319,0,91.80000000000001,12.0,4.0,1.0,Low,Inactive
13552.0,12,3740.07,1417,82,66,249,311.6725,118.08333333333333,6.833333333333333,1.2903225806451613,Very High,Recently Inactive
13555.0,4,4098.88,2636,128,74,128,1024.72,659.0,32.0,0.759493670886076,Very High,Recently Inactive
13557.0,2,584.0600000000001,546,31,28,252,292.03000000000003,273.0,15.5,0.2127659574468085,Medium,Active
13558.0,4,594.52,338,123,6,62,148.63,84.5,30.75,1.3043478260869565,Medium,Active
13560.0,1,171.42000000000002,63,32,7,0,171.42000000000002,63.0,32.0,1.0,Low,Active
13561.0,1,141.85999999999999,83,14,216,0,141.85999999999999,83.0,14.0,1.0,Low,Inactive
13562.0,3,1799.3300000000002,757,50,82,163,599.7766666666668,252.33333333333334,16.666666666666668,0.46632124352331605,Very High,Recently Inactive
13563.0,2,777.53,209,49,84,55,388.765,104.5,24.5,0.7058823529411765,High,Recently Inactive
13564.0,2,1174.03,635,67,354,13,587.015,317.5,33.5,1.3953488372093024,High,Inactive
13565.0,2,240.22,172,35,19,315,120.11,86.0,17.5,0.17391304347826086,Low,Active
13566.0,2,856.84,567,134,41,41,428.42,283.5,67.0,0.8450704225352113,High,Recently Inactive
13568.0,1,187.05,66,41,173,0,187.05,66.0,41.0,1.0,Low,At Risk
13569.0,2,337.12,155,72,17,350,168.56,77.5,36.0,0.15789473684210528,Medium,Active
13570.0,1,239.49,161,27,243,0,239.49,161.0,27.0,1.0,Low,Inactive
13571.0,12,2088.94,1757,157,13,240,174.07833333333335,146.41666666666666,13.083333333333334,1.3333333333333333,Very High,Active
13572.0,1,1384.25,534,32,206,0,1384.25,534.0,32.0,1.0,High,Inactive
13573.0,2,290.25,302,24,50,202,145.125,151.0,12.0,0.25862068965517243,Low,Recently Inactive
13575.0,5,732.07,449,41,23,152,146.41400000000002,89.8,8.2,0.8241758241758242,High,Active
13576.0,18,6717.34,2646,78,10,362,373.18555555555554,147.0,4.333333333333333,1.3775510204081634,Very High,Active
13577.0,4,1687.6000000000001,791,61,25,216,421.90000000000003,197.75,15.25,0.48780487804878053,Very High,Active
13579.0,2,467.04,176,19,15,354,233.52,88.0,9.5,0.15625,Medium,Active
13581.0,1,118.0,30,10,309,0,118.0,30.0,10.0,1.0,Low,Inactive
13583.0,1,781.03,725,53,156,0,781.03,725.0,53.0,1.0,High,At Risk
13584.0,1,142.4,37,24,307,0,142.4,37.0,24.0,1.0,Low,Inactive
13587.0,1,712.4,180,8,64,0,712.4,180.0,8.0,1.0,High,Recently Inactive
13588.0,9,2478.95,2606,131,16,239,275.43888888888887,289.55555555555554,14.555555555555555,1.003717472118959,Very High,Active
13589.0,2,379.65,114,21,15,164,189.825,57.0,10.5,0.30927835051546393,Medium,Active
13590.0,6,1981.92,1848,70,11,291,330.32,308.0,11.666666666666666,0.5607476635514019,Very High,Active
13591.0,3,1117.13,485,56,65,202,372.3766666666667,161.66666666666666,18.666666666666668,0.3879310344827586,High,Recently Inactive
13592.0,4,247.95999999999998,84,15,36,228,61.989999999999995,21.0,3.75,0.46511627906976744,Low,Recently Inactive
13593.0,5,2011.88,719,77,108,227,402.37600000000003,143.8,15.4,0.5836575875486382,Very High,At Risk
13594.0,1,396.97,359,26,53,0,396.97,359.0,26.0,1.0,Medium,Recently Inactive
13596.0,2,664.11,384,133,6,7,332.055,192.0,66.5,1.6216216216216215,Medium,Active
13598.0,1,160.04,52,33,47,0,160.04,52.0,33.0,1.0,Low,Recently Inactive
13599.0,21,5149.92,3293,171,1,365,245.2342857142857,156.8095238095238,8.142857142857142,1.5949367088607596,Very High,Active
13600.0,1,219.52,324,19,312,0,219.52,324.0,19.0,1.0,Low,Inactive
13601.0,2,693.32,548,90,45,166,346.66,274.0,45.0,0.30612244897959184,High,Recently Inactive
13602.0,1,428.89,267,23,65,0,428.89,267.0,23.0,1.0,Medium,Recently Inactive
13603.0,1,164.34,164,27,26,0,164.34,164.0,27.0,1.0,Low,Active
13606.0,3,276.75,276,40,29,282,92.25,92.0,13.333333333333334,0.28846153846153844,Low,Active
13607.0,1,675.51,288,93,40,0,675.51,288.0,93.0,1.0,High,Recently Inactive
13610.0,7,1082.33,488,165,12,273,154.6185714285714,69.71428571428571,23.571428571428573,0.6930693069306931,High,Active
13611.0,3,1154.4,754,67,89,270,384.8,251.33333333333334,22.333333333333332,0.3,High,Recently Inactive
13614.0,4,1585.46,564,171,24,306,396.365,141.0,42.75,0.35714285714285715,High,Active
13615.0,1,417.69,189,23,319,0,417.69,189.0,23.0,1.0,Medium,Inactive
13617.0,3,544.18,300,31,40,140,181.39333333333332,100.0,10.333333333333334,0.5294117647058824,Medium,Recently Inactive
13618.0,1,177.34,246,13,174,0,177.34,246.0,13.0,1.0,Low,At Risk
13621.0,1,213.85,343,19,117,0,213.85,343.0,19.0,1.0,Low,At Risk
13623.0,5,727.74,286,75,31,266,145.548,57.2,15.0,0.5067567567567567,High,Recently Inactive
13626.0,1,257.23,209,19,253,0,257.23,209.0,19.0,1.0,Low,Inactive
13627.0,5,1638.47,1269,84,59,298,327.694,253.8,16.8,0.4573170731707317,High,Recently Inactive
13629.0,11,7792.36,4372,28,23,315,708.3963636363636,397.45454545454544,2.5454545454545454,0.9565217391304348,Very High,Active
13630.0,7,2031.78,1391,51,5,280,290.2542857142857,198.71428571428572,7.285714285714286,0.6774193548387096,Very High,Active
13631.0,11,3070.42,467,6,100,167,279.1290909090909,42.45454545454545,0.5454545454545454,1.6751269035532996,Very High,At Risk
13632.0,5,2118.93,1031,121,25,218,423.78599999999994,206.2,24.2,0.6048387096774194,Very High,Active
13634.0,5,1547.3600000000001,700,156,33,293,309.47200000000004,140.0,31.2,0.46439628482972134,High,Recently Inactive
13635.0,1,1071.03,677,62,68,0,1071.03,677.0,62.0,1.0,High,Recently Inactive
13636.0,5,949.12,592,57,37,248,189.824,118.4,11.4,0.539568345323741,High,Recently Inactive
13637.0,3,803.05,404,78,52,174,267.68333333333334,134.66666666666666,26.0,0.4411764705882353,High,Recently Inactive
13638.0,1,122.64,93,8,16,0,122.64,93.0,8.0,1.0,Low,Active
13639.0,1,1033.34,800,39,74,0,1033.34,800.0,39.0,1.0,High,Recently Inactive
13642.0,1,312.28,151,57,216,0,312.28,151.0,57.0,1.0,Medium,Inactive
13643.0,3,519.44,273,24,31,154,173.14666666666668,91.0,8.0,0.48913043478260865,Medium,Recently Inactive
13644.0,4,2624.26,2067,144,16,89,656.065,516.75,36.0,1.0084033613445378,Very High,Active
13645.0,1,252.1,158,5,120,0,252.1,158.0,5.0,1.0,Low,At Risk
13647.0,4,1648.1200000000001,887,65,10,225,412.03000000000003,221.75,16.25,0.47058823529411764,High,Active
13649.0,2,346.6,139,23,257,109,173.3,69.5,11.5,0.43165467625899284,Medium,Inactive
13650.0,6,1836.3400000000001,922,79,17,250,306.0566666666667,153.66666666666666,13.166666666666666,0.6428571428571428,Very High,Active
13651.0,2,94.2,33,6,35,4,47.1,16.5,3.0,1.7647058823529411,Low,Recently Inactive
13652.0,3,1095.08,578,48,46,322,365.02666666666664,192.66666666666666,16.0,0.2556818181818182,High,Recently Inactive
13654.0,6,2707.33,2182,157,43,230,451.22166666666664,363.6666666666667,26.166666666666668,0.6923076923076922,Very High,Recently Inactive
13655.0,2,932.97,605,52,114,127,466.485,302.5,26.0,0.38216560509554137,High,At Risk
13656.0,2,379.65,490,49,165,172,189.825,245.0,24.5,0.297029702970297,Medium,At Risk
13657.0,2,382.14,209,16,11,190,191.07,104.5,8.0,0.27272727272727276,Medium,Active
13658.0,5,2639.17,1019,91,10,194,527.8340000000001,203.8,18.2,0.6696428571428571,Very High,Active
13659.0,2,1563.0,882,92,206,115,781.5,441.0,46.0,0.4137931034482758,High,Inactive
13662.0,3,881.26,533,50,86,173,293.75333333333333,177.66666666666666,16.666666666666668,0.4433497536945813,High,Recently Inactive
13663.0,1,189.47,91,13,179,0,189.47,91.0,13.0,1.0,Low,At Risk
13666.0,3,84.65,41,12,60,227,28.21666666666667,13.666666666666666,4.0,0.3501945525291829,Low,Recently Inactive
13667.0,1,299.05,149,82,149,0,299.05,149.0,82.0,1.0,Low,At Risk
13668.0,21,6309.83,3722,284,3,359,300.46809523809526,177.23809523809524,13.523809523809524,1.6195372750642674,Very High,Active
13669.0,2,218.55,237,9,51,98,109.275,118.5,4.5,0.46875,Low,Recently Inactive
13670.0,1,349.7,282,25,75,0,349.7,282.0,25.0,1.0,Medium,Recently Inactive
13672.0,2,186.39000000000001,57,4,301,30,93.19500000000001,28.5,2.0,1.0,Low,Inactive
13673.0,2,387.44,114,47,19,13,193.72,57.0,23.5,1.3953488372093024,Medium,Active
13675.0,2,486.82000000000005,330,25,151,133,243.41000000000003,165.0,12.5,0.36809815950920244,Medium,At Risk
13678.0,1,232.6,924,16,152,0,232.6,924.0,16.0,1.0,Low,At Risk
13680.0,4,3719.12,1934,164,1,337,929.78,483.5,41.0,0.32697547683923706,Very High,Active
13681.0,4,827.83,360,37,18,137,206.9575,90.0,9.25,0.718562874251497,High,Active
13682.0,1,59.5,10,3,187,0,59.5,10.0,3.0,1.0,Low,Inactive
13684.0,1,65.13,38,29,286,0,65.13,38.0,29.0,1.0,Low,Inactive
13685.0,7,3119.44,5056,29,3,57,445.63428571428574,722.2857142857143,4.142857142857143,2.413793103448276,Very High,Active
13686.0,1,72.0,70,8,183,0,72.0,70.0,8.0,1.0,Low,Inactive
13689.0,1,910.0,512,6,63,0,910.0,512.0,6.0,1.0,High,Recently Inactive
13690.0,1,172.25,67,9,59,0,172.25,67.0,9.0,1.0,Low,Recently Inactive
13692.0,3,1488.32,1226,48,25,211,496.1066666666666,408.6666666666667,16.0,0.37344398340248963,High,Active
13694.0,50,65039.62,63312,366,4,369,1300.7924,1266.24,7.32,3.7593984962406015,Very High,Active
13695.0,15,2504.13,1603,46,31,228,166.942,106.86666666666666,3.066666666666667,1.744186046511628,Very High,Recently Inactive
13697.0,1,151.3,177,12,39,0,151.3,177.0,12.0,1.0,Low,Recently Inactive
13699.0,1,308.58000000000004,66,14,155,0,308.58000000000004,66.0,14.0,1.0,Medium,At Risk
13700.0,10,2248.63,2281,139,26,300,224.863,228.1,13.9,0.9090909090909091,Very High,Active
13703.0,1,99.5,10,1,318,0,99.5,10.0,1.0,1.0,Low,Inactive
13704.0,9,2308.06,1531,111,5,83,256.4511111111111,170.11111111111111,12.333333333333334,2.3893805309734515,Very High,Active
13705.0,3,711.86,363,25,8,366,237.28666666666666,121.0,8.333333333333334,0.2272727272727273,High,Active
13706.0,1,330.79,189,20,303,0,330.79,189.0,20.0,1.0,Medium,Inactive
13707.0,2,806.41,351,48,267,48,403.205,175.5,24.0,0.7692307692307692,High,Inactive
13708.0,1,283.33,300,48,271,0,283.33,300.0,48.0,1.0,Low,Inactive
13709.0,13,6307.650000000001,3508,244,4,311,485.2038461538462,269.84615384615387,18.76923076923077,1.1436950146627565,Very High,Active
13710.0,1,180.48,176,8,32,0,180.48,176.0,8.0,1.0,Low,Recently Inactive
13711.0,2,252.06,140,11,219,0,126.03,70.0,5.5,2.0,Low,Inactive
13712.0,1,228.84,352,10,247,0,228.84,352.0,10.0,1.0,Low,Inactive
13715.0,5,1077.39,562,89,281,91,215.478,112.4,17.8,1.2396694214876034,High,Inactive
13716.0,1,138.28,138,21,269,0,138.28,138.0,21.0,1.0,Low,Inactive
13717.0,6,1445.01,1959,92,32,266,240.835,326.5,15.333333333333334,0.6081081081081081,High,Recently Inactive
13718.0,2,306.55,173,9,246,49,153.275,86.5,4.5,0.759493670886076,Medium,Inactive
13719.0,5,1041.68,609,56,15,219,208.336,121.8,11.2,0.6024096385542168,High,Active
13720.0,4,799.9,501,42,117,138,199.975,125.25,10.5,0.7142857142857143,High,At Risk
13721.0,1,524.14,316,28,36,0,524.14,316.0,28.0,1.0,Medium,Recently Inactive
13722.0,3,2375.41,1401,75,132,151,791.8033333333333,467.0,25.0,0.4972375690607735,Very High,At Risk
13723.0,1,199.85000000000002,43,6,217,0,199.85000000000002,43.0,6.0,1.0,Low,Inactive
13725.0,8,1980.56,806,95,50,258,247.57,100.75,11.875,0.8333333333333334,Very High,Recently Inactive
13726.0,2,1079.66,1054,39,39,61,539.83,527.0,19.5,0.6593406593406593,High,Recently Inactive
13727.0,2,333.48,162,19,29,4,166.74,81.0,9.5,1.7647058823529411,Medium,Active
13728.0,6,1016.14,458,38,37,273,169.35666666666665,76.33333333333333,6.333333333333333,0.594059405940594,High,Recently Inactive
13730.0,2,752.6,488,38,136,25,376.3,244.0,19.0,1.0909090909090908,High,At Risk
13731.0,2,610.59,278,36,219,27,305.295,139.0,18.0,1.0526315789473684,Medium,Inactive
13732.0,1,491.86,498,33,28,0,491.86,498.0,33.0,1.0,Medium,Active
13735.0,4,2883.54,1128,158,25,209,720.885,282.0,39.5,0.502092050209205,Very High,Active
13736.0,2,729.8,496,166,5,255,364.9,248.0,83.0,0.21052631578947367,High,Active
13737.0,1,339.6,125,29,200,0,339.6,125.0,29.0,1.0,Medium,Inactive
13739.0,1,216.9,54,3,18,0,216.9,54.0,3.0,1.0,Low,Active
13740.0,1,350.75,425,23,241,0,350.75,425.0,23.0,1.0,Medium,Inactive
13741.0,3,668.4300000000001,218,34,72,145,222.81000000000003,72.66666666666667,11.333333333333334,0.5142857142857143,Medium,Recently Inactive
13742.0,12,3107.87,1115,200,17,303,258.9891666666667,92.91666666666667,16.666666666666668,1.0810810810810811,Very High,Active
13743.0,7,1341.6,1776,8,3,256,191.65714285714284,253.71428571428572,1.1428571428571428,0.7342657342657343,High,Active
13744.0,2,1080.52,1153,54,95,197,540.26,576.5,27.0,0.2643171806167401,High,At Risk
13745.0,1,300.04,496,25,162,0,300.04,496.0,25.0,1.0,Low,At Risk
13747.0,1,79.6,8,1,374,0,79.6,8.0,1.0,1.0,Low,Inactive
13748.0,5,948.25,439,24,96,278,189.65,87.8,4.8,0.48701298701298695,High,At Risk
13750.0,5,1647.26,516,20,54,283,329.452,103.2,4.0,0.4792332268370607,High,Recently Inactive
13751.0,1,296.25,152,9,288,0,296.25,152.0,9.0,1.0,Low,Inactive
13752.0,6,1175.38,874,64,124,122,195.89666666666668,145.66666666666666,10.666666666666666,1.1842105263157896,High,At Risk
13753.0,1,741.26,512,35,288,0,741.26,512.0,35.0,1.0,High,Inactive
13754.0,2,282.6,214,11,152,165,141.3,107.0,5.5,0.3076923076923077,Low,At Risk
13755.0,9,2108.06,1242,232,4,59,234.2288888888889,138.0,25.77777777777778,3.033707865168539,Very High,Active
13756.0,14,5189.52,3188,66,2,365,370.68,227.71428571428572,4.714285714285714,1.0632911392405064,Very High,Active
13758.0,7,3190.55,1844,104,12,361,455.79285714285714,263.42857142857144,14.857142857142858,0.5370843989769821,Very High,Active
13759.0,2,659.4100000000001,287,24,33,37,329.70500000000004,143.5,12.0,0.8955223880597015,Medium,Recently Inactive
13760.0,2,286.79,197,50,54,202,143.395,98.5,25.0,0.25862068965517243,Low,Recently Inactive
13761.0,2,1070.65,642,68,50,129,535.325,321.0,34.0,0.37735849056603776,High,Recently Inactive
13762.0,1,306.72,272,7,219,0,306.72,272.0,7.0,1.0,Medium,Inactive
13763.0,1,1714.96,728,15,63,0,1714.96,728.0,15.0,1.0,Very High,Recently Inactive
13764.0,3,1516.42,923,182,71,266,505.47333333333336,307.6666666666667,60.666666666666664,0.30405405405405406,High,Recently Inactive
13767.0,37,17220.36,7322,55,2,371,465.41513513513513,197.8918918918919,1.4864864864864864,2.7680798004987532,Very High,Active
13769.0,10,2796.51,1163,73,2,365,279.651,116.3,7.3,0.759493670886076,Very High,Active
13771.0,4,2634.45,1477,114,64,182,658.6125,369.25,28.5,0.5660377358490566,Very High,Recently Inactive
13772.0,3,1122.63,540,141,34,205,374.21000000000004,180.0,47.0,0.3829787234042553,High,Recently Inactive
13774.0,1,345.0,192,22,82,0,345.0,192.0,22.0,1.0,Medium,Recently Inactive
13777.0,33,25977.16,12897,36,1,372,787.1866666666666,390.8181818181818,1.0909090909090908,2.462686567164179,Very High,Active
13778.0,1,178.7,70,9,103,0,178.7,70.0,9.0,1.0,Low,At Risk
13780.0,2,360.01,318,56,7,163,180.005,159.0,28.0,0.31088082901554404,Medium,Active
13781.0,1,127.84,30,17,251,0,127.84,30.0,17.0,1.0,Low,Inactive
13782.0,6,908.86,369,96,13,315,151.47666666666666,61.5,16.0,0.5217391304347826,High,Active
13784.0,11,2462.79,2493,9,10,322,223.89,226.63636363636363,0.8181818181818182,0.9375000000000001,Very High,Active
13786.0,1,230.4,136,7,367,0,230.4,136.0,7.0,1.0,Low,Inactive
13787.0,2,309.04,337,24,76,288,154.52,168.5,12.0,0.18867924528301888,Medium,Recently Inactive
13790.0,1,348.79999999999995,748,45,4,0,348.79999999999995,748.0,45.0,1.0,Medium,Active
13791.0,2,1516.0,1200,7,128,40,758.0,600.0,3.5,0.8571428571428572,High,At Risk
13792.0,2,195.55,92,13,66,221,97.775,46.0,6.5,0.2390438247011952,Low,Recently Inactive
13798.0,57,37153.85,23948,113,1,370,651.8219298245614,420.140350877193,1.9824561403508771,4.2749999999999995,Very High,Active
13799.0,2,688.86,402,32,117,177,344.43,201.0,16.0,0.2898550724637681,High,At Risk
13800.0,1,558.32,331,33,310,0,558.32,331.0,33.0,1.0,Medium,Inactive
13801.0,1,324.8,168,23,67,0,324.8,168.0,23.0,1.0,Medium,Recently Inactive
13802.0,3,4599.42,2572,55,139,172,1533.14,857.3333333333334,18.333333333333332,0.44554455445544555,Very High,At Risk
13803.0,1,277.07,121,17,255,0,277.07,121.0,17.0,1.0,Low,Inactive
13804.0,7,2588.39,1462,124,31,259,369.77,208.85714285714286,17.714285714285715,0.726643598615917,Very High,Recently Inactive
13805.0,2,924.5999999999999,1900,10,52,76,462.29999999999995,950.0,5.0,0.5660377358490566,High,Recently Inactive
13806.0,1,256.38,56,10,64,0,256.38,56.0,10.0,1.0,Low,Recently Inactive
13807.0,1,112.6,36,7,367,0,112.6,36.0,7.0,1.0,Low,Inactive
13808.0,5,1747.66,782,70,6,91,349.53200000000004,156.4,14.0,1.2396694214876034,Very High,Active
13809.0,1,155.05,29,11,305,0,155.05,29.0,11.0,1.0,Low,Inactive
13810.0,2,899.51,311,31,29,27,449.755,155.5,15.5,1.0526315789473684,High,Active
13811.0,2,591.75,67,6,184,55,295.875,33.5,3.0,0.7058823529411765,Medium,Inactive
13812.0,3,539.0,333,33,42,63,179.66666666666666,111.0,11.0,0.9677419354838709,Medium,Recently Inactive
13813.0,4,1366.8600000000001,552,54,40,95,341.71500000000003,138.0,13.5,0.9600000000000002,High,Recently Inactive
13814.0,2,1579.12,864,37,92,44,789.56,432.0,18.5,0.8108108108108107,High,At Risk
13815.0,4,4027.36,2560,132,22,296,1006.84,640.0,33.0,0.36809815950920244,Very High,Active
13816.0,2,571.6700000000001,269,25,24,40,285.83500000000004,134.5,12.5,0.8571428571428572,Medium,Active
13817.0,2,382.98,211,20,29,322,191.49,105.5,10.0,0.17045454545454547,Medium,Active
13819.0,3,1140.35,1109,26,302,18,380.1166666666666,369.6666666666667,8.666666666666666,1.875,High,Inactive
13821.0,2,385.64,153,51,145,116,192.82,76.5,25.5,0.410958904109589,Medium,At Risk
13822.0,2,632.0,611,90,6,34,316.0,305.5,45.0,0.9375,Medium,Active
13823.0,2,957.66,439,39,19,72,478.83,219.5,19.5,0.5882352941176471,High,Active
13824.0,5,1698.94,768,34,33,277,339.788,153.6,6.8,0.488599348534202,Very High,Recently Inactive
13826.0,1,189.5,82,10,176,0,189.5,82.0,10.0,1.0,Low,At Risk
13827.0,3,409.8,138,83,58,85,136.6,46.0,27.666666666666668,0.7826086956521738,Medium,Recently Inactive
13828.0,1,209.49,311,15,22,0,209.49,311.0,15.0,1.0,Low,Active
13831.0,6,2198.45,743,58,16,353,366.4083333333333,123.83333333333333,9.666666666666666,0.46997389033942555,Very High,Active
13832.0,1,52.2,28,3,19,0,52.2,28.0,3.0,1.0,Low,Active
13833.0,1,383.85,117,28,159,0,383.85,117.0,28.0,1.0,Medium,At Risk
13835.0,4,834.57,442,48,25,190,208.6425,110.5,12.0,0.5454545454545455,High,Active
13837.0,2,266.59000000000003,182,17,212,105,133.29500000000002,91.0,8.5,0.4444444444444444,Low,Inactive
13838.0,4,674.82,254,144,6,364,168.705,63.5,36.0,0.30456852791878175,High,Active
13841.0,1,85.0,100,1,253,0,85.0,100.0,1.0,1.0,Low,Inactive
13842.0,9,3385.62,1768,155,59,308,376.18,196.44444444444446,17.22222222222222,0.7988165680473372,Very High,Recently Inactive
13844.0,1,361.62,196,20,11,0,361.62,196.0,20.0,1.0,Medium,Active
13845.0,1,312.98,182,9,65,0,312.98,182.0,9.0,1.0,Medium,Recently Inactive
13846.0,3,865.0600000000001,388,55,25,335,288.35333333333335,129.33333333333334,18.333333333333332,0.24657534246575344,High,Active
13848.0,3,1255.0,3700,3,92,273,418.3333333333333,1233.3333333333333,1.0,0.297029702970297,High,At Risk
13849.0,2,1537.95,1016,97,52,119,768.975,508.0,48.5,0.40268456375838924,High,Recently Inactive
13850.0,1,1595.48,944,93,129,0,1595.48,944.0,93.0,1.0,High,At Risk
13851.0,3,2651.46,1705,77,96,192,883.82,568.3333333333334,25.666666666666668,0.4054054054054054,Very High,At Risk
13853.0,1,1090.1399999999999,312,23,57,0,1090.1399999999999,312.0,23.0,1.0,High,Recently Inactive
13854.0,25,8109.5199999999995,2296,39,9,356,324.38079999999997,91.84,1.56,1.9430051813471503,Very High,Active
13856.0,3,388.5,494,10,169,34,129.5,164.66666666666666,3.3333333333333335,1.40625,Medium,At Risk
13858.0,1,216.17000000000002,75,11,57,0,216.17000000000002,75.0,11.0,1.0,Low,Recently Inactive
13859.0,1,201.16,129,27,326,0,201.16,129.0,27.0,1.0,Low,Inactive
13860.0,5,1245.9,591,58,1,85,249.18,118.2,11.6,1.3043478260869565,High,Active
13862.0,8,2209.36,1688,97,18,314,276.17,211.0,12.125,0.6976744186046512,Very High,Active
13863.0,1,305.78,224,20,248,0,305.78,224.0,20.0,1.0,Low,Inactive
13865.0,4,501.56,204,26,58,231,125.39,51.0,6.5,0.4597701149425288,Medium,Recently Inactive
13866.0,1,145.67,57,7,74,0,145.67,57.0,7.0,1.0,Low,Recently Inactive
13867.0,3,1005.09,501,51,31,186,335.03000000000003,167.0,17.0,0.41666666666666663,High,Recently Inactive
13868.0,2,3192.54,1964,32,7,31,1596.27,982.0,16.0,0.9836065573770493,Very High,Active
13869.0,4,3083.65,1709,234,123,233,770.9125,427.25,58.5,0.4562737642585552,Very High,At Risk
13870.0,8,2770.94,1325,91,2,285,346.3675,165.625,11.375,0.7619047619047619,Very High,Active
13871.0,13,6403.25,2806,155,23,286,492.5576923076923,215.84615384615384,11.923076923076923,1.2341772151898733,Very High,Active
13873.0,3,389.6,140,21,120,190,129.86666666666667,46.666666666666664,7.0,0.4090909090909091,Medium,At Risk
13874.0,1,540.45,180,18,358,0,540.45,180.0,18.0,1.0,Medium,Inactive
13875.0,5,1786.79,1316,79,54,247,357.358,263.2,15.8,0.5415162454873647,Very High,Recently Inactive
13876.0,1,122.7,36,7,64,0,122.7,36.0,7.0,1.0,Low,Recently Inactive
13877.0,1,117.24,108,3,86,0,117.24,108.0,3.0,1.0,Low,Recently Inactive
13878.0,1,1271.57,463,35,55,0,1271.57,463.0,35.0,1.0,High,Recently Inactive
13880.0,13,3219.77,1842,125,21,345,247.67461538461538,141.69230769230768,9.615384615384615,1.04,Very High,Active
13881.0,20,17159.52,10118,72,4,308,857.976,505.9,3.6,1.7751479289940828,Very High,Active
13882.0,5,1191.13,953,54,3,61,238.22600000000003,190.6,10.8,1.6483516483516485,High,Active
13883.0,5,2674.48,1436,108,11,242,534.896,287.2,21.6,0.5514705882352942,Very High,Active
13884.0,5,787.6,300,45,7,276,157.52,60.0,9.0,0.4901960784313726,High,Active
13885.0,2,506.8,182,28,189,11,253.4,91.0,14.0,1.4634146341463414,Medium,Inactive
13886.0,1,243.56,126,16,71,0,243.56,126.0,16.0,1.0,Low,Recently Inactive
13887.0,1,349.55,147,19,204,0,349.55,147.0,19.0,1.0,Medium,Inactive
13888.0,2,595.67,254,38,120,98,297.835,127.0,19.0,0.46875,Medium,At Risk
13889.0,1,416.90000000000003,146,15,93,0,416.90000000000003,146.0,15.0,1.0,Medium,At Risk
13890.0,10,1883.81,831,74,1,357,188.381,83.1,7.4,0.7751937984496123,Very High,Active
13892.0,4,632.97,983,26,27,219,158.2425,245.75,6.5,0.48192771084337344,Medium,Active
13893.0,1,821.1,190,21,298,0,821.1,190.0,21.0,1.0,High,Inactive
13894.0,3,564.62,354,25,24,286,188.20666666666668,118.0,8.333333333333334,0.2848101265822785,Medium,Active
13895.0,4,2593.07,1365,97,28,136,648.2675,341.25,24.25,0.7228915662650602,Very High,Active
13897.0,1,311.16,200,17,50,0,311.16,200.0,17.0,1.0,Medium,Recently Inactive
13898.0,1,155.93,133,12,326,0,155.93,133.0,12.0,1.0,Low,Inactive
13899.0,2,388.52,156,19,16,258,194.26,78.0,9.5,0.20833333333333334,Medium,Active
13900.0,3,740.95,430,42,183,79,246.98333333333335,143.33333333333334,14.0,0.8256880733944955,High,Inactive
13901.0,5,2867.2000000000003,1739,144,72,246,573.44,347.8,28.8,0.5434782608695653,Very High,Recently Inactive
13904.0,2,332.64,332,24,37,257,166.32,166.0,12.0,0.20905923344947736,Medium,Recently Inactive
13908.0,4,2369.55,1478,104,80,196,592.3875,369.5,26.0,0.5309734513274337,Very High,Recently Inactive
13911.0,9,2580.91,2731,120,57,251,286.7677777777778,303.44444444444446,13.333333333333334,0.9608540925266903,Very High,Recently Inactive
13914.0,2,626.45,380,28,12,24,313.225,190.0,14.0,1.1111111111111112,Medium,Active
13917.0,2,272.04,228,16,50,141,136.02,114.0,8.0,0.3508771929824561,Low,Recently Inactive
13918.0,2,1212.8400000000001,1140,30,50,203,606.4200000000001,570.0,15.0,0.2575107296137339,High,Recently Inactive
13919.0,2,384.81,474,24,59,62,192.405,237.0,12.0,0.6521739130434783,Medium,Recently Inactive
13922.0,1,172.25,93,7,352,0,172.25,93.0,7.0,1.0,Low,Inactive
13923.0,1,351.13,185,20,54,0,351.13,185.0,20.0,1.0,Medium,Recently Inactive
13924.0,6,1838.8500000000001,1575,90,2,70,306.475,262.5,15.0,1.7999999999999998,Very High,Active
13925.0,4,678.25,331,28,93,42,169.5625,82.75,7.0,1.6666666666666667,High,At Risk
13926.0,1,223.85000000000002,104,11,23,0,223.85000000000002,104.0,11.0,1.0,Low,Active
13927.0,1,348.99,214,21,75,0,348.99,214.0,21.0,1.0,Medium,Recently Inactive
13928.0,4,464.57,129,23,11,122,116.1425,32.25,5.75,0.7894736842105263,Medium,Active
13929.0,2,842.65,143,8,169,157,421.325,71.5,4.0,0.32085561497326204,High,At Risk
13930.0,2,337.34,274,15,58,78,168.67,137.0,7.5,0.5555555555555556,Medium,Recently Inactive
13931.0,2,1237.53,725,56,96,185,618.765,362.5,28.0,0.27906976744186046,High,At Risk
13932.0,1,307.4,72,16,295,0,307.4,72.0,16.0,1.0,Medium,Inactive
13933.0,2,608.79,205,23,109,39,304.395,102.5,11.5,0.8695652173913044,Medium,At Risk
13934.0,1,922.1,390,31,264,0,922.1,390.0,31.0,1.0,High,Inactive
13936.0,1,376.58,330,26,180,0,376.58,330.0,26.0,1.0,Medium,At Risk
13937.0,1,158.85,123,9,169,0,158.85,123.0,9.0,1.0,Low,At Risk
13938.0,1,71.66,70,7,35,0,71.66,70.0,7.0,1.0,Low,Recently Inactive
13939.0,3,568.55,847,43,23,288,189.51666666666665,282.3333333333333,14.333333333333334,0.2830188679245283,Medium,Active
13940.0,4,839.14,516,39,17,126,209.785,129.0,9.75,0.7692307692307692,High,Active
13941.0,5,5112.96,2364,24,22,350,1022.592,472.8,4.8,0.39473684210526316,Very High,Active
13946.0,3,561.57,443,11,79,188,187.19000000000003,147.66666666666666,3.6666666666666665,0.41284403669724773,Medium,Recently Inactive
13947.0,1,90.60000000000001,44,5,65,0,90.60000000000001,44.0,5.0,1.0,Low,Recently Inactive
13948.0,1,102.0,40,3,361,0,102.0,40.0,3.0,1.0,Low,Inactive
13949.0,6,2427.32,2474,124,3,91,404.55333333333334,412.3333333333333,20.666666666666668,1.4876033057851241,Very High,Active
13950.0,4,745.0600000000001,323,33,11,235,186.26500000000001,80.75,8.25,0.45283018867924535,High,Active
13951.0,3,674.45,459,38,176,118,224.8166666666667,153.0,12.666666666666666,0.6081081081081081,High,At Risk
13952.0,2,3251.071,1431,120,218,20,1625.5355,715.5,60.0,1.2000000000000002,Very High,Inactive
13953.0,7,3515.68,2724,8,7,345,502.23999999999995,389.14285714285717,1.1428571428571428,0.56,Very High,Active
13954.0,2,439.92,150,24,2,69,219.96,75.0,12.0,0.6060606060606061,Medium,Active
13955.0,2,322.96,154,33,154,151,161.48,77.0,16.5,0.3314917127071823,Medium,At Risk
13956.0,5,1019.27,486,123,5,266,203.85399999999998,97.2,24.6,0.5067567567567567,High,Active
13959.0,3,594.04,355,79,79,283,198.01333333333332,118.33333333333333,26.333333333333332,0.28753993610223644,Medium,Recently Inactive
13960.0,2,230.22,142,11,21,50,115.11,71.0,5.5,0.7499999999999999,Low,Active
13962.0,2,169.54999999999998,87,11,22,223,84.77499999999999,43.5,5.5,0.23715415019762845,Low,Active
13963.0,4,664.54,460,35,308,59,166.135,115.0,8.75,1.348314606741573,Medium,Inactive
13967.0,1,80.7,42,2,146,0,80.7,42.0,2.0,1.0,Low,At Risk
13969.0,18,9024.17,4528,334,7,357,501.34277777777777,251.55555555555554,18.555555555555557,1.3953488372093024,Very High,Active
13971.0,8,2758.26,1844,118,19,266,344.7825,230.5,14.75,0.8108108108108107,Very High,Active
13972.0,2,190.25,187,15,71,131,95.125,93.5,7.5,0.3726708074534162,Low,Recently Inactive
13973.0,1,264.7,109,11,287,0,264.7,109.0,11.0,1.0,Low,Inactive
13974.0,1,413.59000000000003,249,28,49,0,413.59000000000003,249.0,28.0,1.0,Medium,Recently Inactive
13975.0,6,2461.2400000000002,1697,240,31,245,410.2066666666667,282.8333333333333,40.0,0.6545454545454545,Very High,Recently Inactive
13976.0,1,357.98,154,10,207,0,357.98,154.0,10.0,1.0,Medium,Inactive
13978.0,2,196.79,315,14,15,30,98.395,157.5,7.0,1.0,Low,Active
13979.0,1,869.87,639,54,73,0,869.87,639.0,54.0,1.0,High,Recently Inactive
13980.0,1,200.14,172,11,60,0,200.14,172.0,11.0,1.0,Low,Recently Inactive
13982.0,4,1871.81,1136,72,39,326,467.9525,284.0,18.0,0.33707865168539325,Very High,Recently Inactive
13983.0,12,2603.43,1183,91,30,337,216.9525,98.58333333333333,7.583333333333333,0.9809264305177112,Very High,Active
13984.0,5,920.51,679,14,27,339,184.102,135.8,2.8,0.4065040650406504,High,Active
13985.0,15,7060.13,3445,108,4,260,470.67533333333336,229.66666666666666,7.2,1.5517241379310345,Very High,Active
13986.0,1,320.46,430,12,17,0,320.46,430.0,12.0,1.0,Medium,Active
13988.0,6,4147.96,3044,188,20,234,691.3266666666667,507.3333333333333,31.333333333333332,0.6818181818181818,Very High,Active
13989.0,2,1266.08,1313,33,66,173,633.04,656.5,16.5,0.2955665024630542,High,Recently Inactive
13990.0,1,311.3,190,16,213,0,311.3,190.0,16.0,1.0,Medium,Inactive
13991.0,6,851.88,994,57,12,131,141.98,165.66666666666666,9.5,1.1180124223602486,High,Active
13992.0,1,76.8,64,5,30,0,76.8,64.0,5.0,1.0,Low,Active
13993.0,9,3466.36,900,66,43,287,385.1511111111111,100.0,7.333333333333333,0.8517350157728707,Very High,Recently Inactive
13994.0,6,2274.14,932,122,4,144,379.0233333333333,155.33333333333334,20.333333333333332,1.0344827586206897,Very High,Active
13995.0,5,1393.69,879,55,15,230,278.738,175.8,11.0,0.5769230769230769,High,Active
13999.0,12,3901.81,2243,102,10,351,325.1508333333333,186.91666666666666,8.5,0.9448818897637796,Very High,Active
14000.0,1,635.66,710,15,211,0,635.66,710.0,15.0,1.0,Medium,Inactive
14001.0,3,2043.0800000000002,962,34,46,327,681.0266666666668,320.6666666666667,11.333333333333334,0.25210084033613445,Very High,Recently Inactive
14002.0,2,529.73,877,47,134,22,264.865,438.5,23.5,1.1538461538461537,Medium,At Risk
14004.0,7,4582.64,2668,102,43,245,654.6628571428572,381.14285714285717,14.571428571428571,0.7636363636363637,Very High,Recently Inactive
14005.0,5,2874.72,2478,53,10,206,574.944,495.6,10.6,0.6355932203389831,Very High,Active
14006.0,3,962.19,641,22,116,196,320.73,213.66666666666666,7.333333333333333,0.39823008849557523,High,At Risk
14009.0,2,695.61,365,42,198,7,347.805,182.5,21.0,1.6216216216216215,High,Inactive
14012.0,1,328.8,160,11,278,0,328.8,160.0,11.0,1.0,Medium,Inactive
14013.0,3,473.02,462,30,110,165,157.67333333333332,154.0,10.0,0.46153846153846156,Medium,At Risk
14014.0,1,505.18,1076,39,77,0,505.18,1076.0,39.0,1.0,Medium,Recently Inactive
14015.0,1,917.34,378,20,53,0,917.34,378.0,20.0,1.0,High,Recently Inactive
14016.0,4,4341.21,2125,154,162,195,1085.3025,531.25,38.5,0.5333333333333333,Very High,At Risk
14019.0,3,1421.6100000000001,1037,37,47,91,473.87000000000006,345.6666666666667,12.333333333333334,0.7438016528925621,High,Recently Inactive
14020.0,2,642.8,441,37,17,71,321.4,220.5,18.5,0.594059405940594,Medium,Active
14021.0,3,631.9,192,22,155,101,210.63333333333333,64.0,7.333333333333333,0.6870229007633587,Medium,At Risk
14022.0,1,440.0,487,28,225,0,440.0,487.0,28.0,1.0,Medium,Inactive
14023.0,2,584.07,345,30,7,242,292.035,172.5,15.0,0.22058823529411764,Medium,Active
14024.0,2,327.7,150,16,122,2,163.85,75.0,8.0,1.875,Medium,At Risk
14027.0,1,104.82,62,6,61,0,104.82,62.0,6.0,1.0,Low,Recently Inactive
14029.0,2,467.66,198,15,63,80,233.83,99.0,7.5,0.5454545454545455,Medium,Recently Inactive
14030.0,8,2358.84,1478,210,18,348,294.855,184.75,26.25,0.6349206349206349,Very High,Active
14031.0,19,17286.86,5788,119,7,365,909.8347368421053,304.63157894736844,6.2631578947368425,1.4430379746835444,Very High,Active
14032.0,11,2975.59,2032,53,2,364,270.5081818181818,184.72727272727272,4.818181818181818,0.8375634517766498,Very High,Active
14034.0,3,648.89,420,82,22,135,216.29666666666665,140.0,27.333333333333332,0.5454545454545454,Medium,Active
14035.0,5,1428.02,739,41,29,268,285.604,147.8,8.2,0.5033557046979865,High,Active
14036.0,1,626.65,268,38,285,0,626.65,268.0,38.0,1.0,Medium,Inactive
14037.0,2,147.20000000000002,46,27,176,188,73.60000000000001,23.0,13.5,0.27522935779816515,Low,At Risk
14038.0,3,1560.38,965,64,78,128,520.1266666666667,321.6666666666667,21.333333333333332,0.569620253164557,High,Recently Inactive
14039.0,1,152.2,92,6,33,0,152.2,92.0,6.0,1.0,Low,Recently Inactive
14040.0,12,3560.32,1544,146,41,290,296.6933333333333,128.66666666666666,12.166666666666666,1.125,Very High,Recently Inactive
14041.0,1,141.41,94,21,266,0,141.41,94.0,21.0,1.0,Low,Inactive
14044.0,4,646.42,304,165,27,283,161.605,76.0,41.25,0.38338658146964855,Medium,Active
14045.0,4,1659.75,535,4,109,264,414.9375,133.75,1.0,0.4081632653061224,Very High,At Risk
14046.0,1,151.59,443,13,284,0,151.59,443.0,13.0,1.0,Low,Inactive
14047.0,5,1308.6100000000001,381,22,9,364,261.72200000000004,76.2,4.4,0.3807106598984772,High,Active
14048.0,1,409.93,288,83,305,0,409.93,288.0,83.0,1.0,Medium,Inactive
14049.0,4,5578.72,3808,348,17,301,1394.68,952.0,87.0,0.36253776435045315,Very High,Active
14050.0,2,746.36,689,49,32,74,373.18,344.5,24.5,0.5769230769230769,High,Recently Inactive
14051.0,23,15610.390000000001,3756,52,1,365,678.7126086956522,163.30434782608697,2.260869565217391,1.7468354430379747,Very High,Active
14052.0,1,225.35999999999999,89,56,20,0,225.35999999999999,89.0,56.0,1.0,Low,Active
14053.0,2,260.25,215,2,124,35,130.125,107.5,1.0,0.9230769230769229,Low,At Risk
14054.0,1,92.46000000000001,62,6,65,0,92.46000000000001,62.0,6.0,1.0,Low,Recently Inactive
14055.0,1,725.6400000000001,216,10,106,0,725.6400000000001,216.0,10.0,1.0,High,At Risk
14056.0,23,8152.71,4252,320,1,282,354.46565217391304,184.8695652173913,13.91304347826087,2.2115384615384617,Very High,Active
14057.0,17,6211.66,4873,179,24,336,365.39176470588234,286.6470588235294,10.529411764705882,1.3934426229508197,Very High,Active
14059.0,1,183.6,128,8,267,0,183.6,128.0,8.0,1.0,Low,Inactive
14060.0,19,6140.42,5386,86,5,368,323.18,283.4736842105263,4.526315789473684,1.4321608040201004,Very High,Active
14062.0,12,10464.85,5593,60,10,354,872.0708333333333,466.0833333333333,5.0,0.9375,Very High,Active
14064.0,5,1334.34,1772,59,29,245,266.868,354.4,11.8,0.5454545454545455,High,Active
14066.0,1,152.55,45,7,267,0,152.55,45.0,7.0,1.0,Low,Inactive
14067.0,2,374.7,361,51,64,32,187.35,180.5,25.5,0.9677419354838711,Medium,Recently Inactive
14068.0,1,265.85,73,22,320,0,265.85,73.0,22.0,1.0,Low,Inactive
14071.0,8,1422.75,956,270,4,261,177.84375,119.5,33.75,0.8247422680412372,High,Active
14073.0,1,151.04,130,13,32,0,151.04,130.0,13.0,1.0,Low,Recently Inactive
14075.0,3,942.26,754,33,5,256,314.08666666666664,251.33333333333334,11.0,0.3146853146853147,High,Active
14076.0,1,118.67,79,43,129,0,118.67,79.0,43.0,1.0,Low,At Risk
14077.0,5,499.42,268,33,41,233,99.884,53.6,6.6,0.570342205323194,Medium,Recently Inactive
14078.0,6,1049.37,310,46,102,271,174.89499999999998,51.666666666666664,7.666666666666667,0.5980066445182725,High,At Risk
14079.0,1,375.1,301,12,125,0,375.1,301.0,12.0,1.0,Medium,At Risk
14080.0,1,45.599999999999994,48,4,33,0,45.599999999999994,48.0,4.0,1.0,Low,Recently Inactive
14081.0,2,921.62,592,126,302,67,460.81,296.0,63.0,0.6185567010309279,High,Inactive
14082.0,1,182.25,110,28,365,0,182.25,110.0,28.0,1.0,Low,Inactive
14083.0,9,1002.9,705,162,4,367,111.43333333333334,78.33333333333333,18.0,0.6801007556675064,High,Active
14085.0,18,4421.29,3177,272,2,366,245.62722222222223,176.5,15.11111111111111,1.3636363636363638,Very High,Active
14087.0,1,191.47,250,61,3,0,191.47,250.0,61.0,1.0,Low,Active
14088.0,13,50491.81,12665,379,10,312,3883.9853846153846,974.2307692307693,29.153846153846153,1.1403508771929824,Very High,Active
14089.0,1,158.75,133,13,57,0,158.75,133.0,13.0,1.0,Low,Recently Inactive
14090.0,1,76.32000000000001,72,1,325,0,76.32000000000001,72.0,1.0,1.0,Low,Inactive
14092.0,14,4076.9100000000003,2066,117,8,350,291.20785714285716,147.57142857142858,8.357142857142858,1.105263157894737,Very High,Active
14093.0,1,433.86,391,95,12,0,433.86,391.0,95.0,1.0,Medium,Active
14096.0,17,65164.79,16352,1119,4,97,3833.2229411764706,961.8823529411765,65.82352941176471,4.015748031496063,Very High,Active
14098.0,1,147.35,104,21,37,0,147.35,104.0,21.0,1.0,Low,Recently Inactive
14099.0,11,3104.17,2179,167,16,338,282.1972727272727,198.0909090909091,15.181818181818182,0.8967391304347826,Very High,Active
14100.0,1,191.95,63,24,138,0,191.95,63.0,24.0,1.0,Low,At Risk
14101.0,6,5976.79,6942,15,74,252,996.1316666666667,1157.0,2.5,0.6382978723404255,Very High,Recently Inactive
14102.0,5,1105.8799999999999,769,35,5,39,221.176,153.8,7.0,2.173913043478261,High,Active
14104.0,2,216.21,72,21,155,11,108.105,36.0,10.5,1.4634146341463414,Low,At Risk
14105.0,1,1266.23,800,74,239,0,1266.23,800.0,74.0,1.0,High,Inactive
14107.0,7,2703.23,1793,61,52,312,386.17571428571426,256.14285714285717,8.714285714285714,0.6140350877192983,Very High,Recently Inactive
14108.0,2,597.91,381,33,31,70,298.955,190.5,16.5,0.6,Medium,Recently Inactive
14109.0,1,144.2,88,9,73,0,144.2,88.0,9.0,1.0,Low,Recently Inactive
14110.0,12,5683.15,2445,94,4,263,473.5958333333333,203.75,7.833333333333333,1.228668941979522,Very High,Active
14111.0,4,692.85,458,10,14,227,173.2125,114.5,2.5,0.4669260700389105,High,Active
14112.0,7,2915.15,1651,117,23,253,416.45,235.85714285714286,16.714285714285715,0.7420494699646643,Very High,Active
14113.0,4,1840.42,745,26,4,351,460.105,186.25,6.5,0.31496062992125984,Very High,Active
14114.0,2,386.53,101,15,274,56,193.265,50.5,7.5,0.6976744186046512,Medium,Inactive
14116.0,5,1382.74,707,61,20,101,276.548,141.4,12.2,1.1450381679389312,High,Active
14117.0,1,90.0,72,3,144,0,90.0,72.0,3.0,1.0,Low,At Risk
14121.0,4,2780.15,2082,148,4,56,695.0375,520.5,37.0,1.3953488372093024,Very High,Active
14124.0,1,419.58,1618,4,84,0,419.58,1618.0,4.0,1.0,Medium,Recently Inactive
14125.0,3,2720.63,1628,159,11,67,906.8766666666667,542.6666666666666,53.0,0.9278350515463918,Very High,Active
14126.0,3,706.1300000000001,508,14,8,2,235.3766666666667,169.33333333333334,4.666666666666667,2.8125,High,Active
14127.0,3,709.71,321,39,123,187,236.57000000000002,107.0,13.0,0.4147465437788018,High,At Risk
14128.0,2,637.5,564,40,61,195,318.75,282.0,20.0,0.26666666666666666,Medium,Recently Inactive
14129.0,5,1123.8600000000001,592,31,2,259,224.77200000000002,118.4,6.2,0.5190311418685122,High,Active
14130.0,1,480.91,257,66,319,0,480.91,257.0,66.0,1.0,Medium,Inactive
14132.0,11,3586.03,3368,100,2,181,326.00272727272727,306.1818181818182,9.090909090909092,1.5639810426540284,Very High,Active
14133.0,3,605.64,348,25,130,186,201.88,116.0,8.333333333333334,0.41666666666666663,Medium,At Risk
14135.0,15,4690.31,3850,95,2,371,312.68733333333336,256.6666666666667,6.333333333333333,1.1221945137157108,Very High,Active
14138.0,2,965.88,600,40,2,62,482.94,300.0,20.0,0.6521739130434783,High,Active
14139.0,1,415.82,510,26,46,0,415.82,510.0,26.0,1.0,Medium,Recently Inactive
14140.0,2,935.05,811,60,4,27,467.525,405.5,30.0,1.0526315789473684,High,Active
14141.0,4,915.13,355,27,3,102,228.7825,88.75,6.75,0.9090909090909091,High,Active
14142.0,1,311.81,313,22,373,0,311.81,313.0,22.0,1.0,Medium,Inactive
14143.0,1,115.8,30,7,134,0,115.8,30.0,7.0,1.0,Low,At Risk
14145.0,4,3742.2,756,6,47,170,935.55,189.0,1.5,0.6,Very High,Recently Inactive
14146.0,5,4191.0,2437,183,9,348,838.2,487.4,36.6,0.39682539682539686,Very High,Active
14147.0,2,483.4,108,4,78,207,241.7,54.0,2.0,0.2531645569620253,Medium,Recently Inactive
14148.0,1,157.2,16,3,234,0,157.2,16.0,3.0,1.0,Low,Inactive
14149.0,1,446.62,218,28,221,0,446.62,218.0,28.0,1.0,Medium,Inactive
14150.0,2,658.64,496,23,36,324,329.32,248.0,11.5,0.1694915254237288,Medium,Recently Inactive
14152.0,2,621.29,711,47,75,158,310.645,355.5,23.5,0.3191489361702128,Medium,Recently Inactive
14154.0,2,1345.62,465,52,239,0,672.81,232.5,26.0,2.0,High,Inactive
14155.0,1,118.75,25,6,266,0,118.75,25.0,6.0,1.0,Low,Inactive
14156.0,55,117210.08,57768,714,10,361,2131.0923636363636,1050.3272727272727,12.981818181818182,4.21994884910486,Very High,Active
14157.0,2,424.89000000000004,271,45,20,265,212.44500000000002,135.5,22.5,0.20338983050847456,Medium,Active
14158.0,1,507.65999999999997,781,41,40,0,507.65999999999997,781.0,41.0,1.0,Medium,Recently Inactive
14159.0,11,4627.98,4345,500,20,343,420.7254545454545,395.0,45.45454545454545,0.8847184986595175,Very High,Active
14161.0,3,1097.6200000000001,450,87,216,153,365.8733333333334,150.0,29.0,0.49180327868852464,High,Inactive
14162.0,2,289.36,142,25,174,118,144.68,71.0,12.5,0.4054054054054054,Low,At Risk
14163.0,4,2445.91,893,36,87,151,611.4775,223.25,9.0,0.6629834254143646,Very High,Recently Inactive
14164.0,2,1631.77,1033,28,71,10,815.885,516.5,14.0,1.5,High,Recently Inactive
14165.0,1,120.44,53,23,276,0,120.44,53.0,23.0,1.0,Low,Inactive
14167.0,4,562.59,147,27,39,291,140.6475,36.75,6.75,0.3738317757009346,Medium,Recently Inactive
14171.0,1,363.79,167,57,98,0,363.79,167.0,57.0,1.0,Medium,At Risk
14173.0,4,450.84,150,28,11,208,112.71,37.5,7.0,0.5042016806722689,Medium,Active
14174.0,1,134.46,94,26,33,0,134.46,94.0,26.0,1.0,Low,Recently Inactive
14175.0,3,3222.3,1515,139,60,269,1074.1000000000001,505.0,46.333333333333336,0.3010033444816054,Very High,Recently Inactive
14176.0,4,576.9000000000001,209,28,297,70,144.22500000000002,52.25,7.0,1.2,Medium,Inactive
14177.0,4,549.46,204,37,86,93,137.365,51.0,9.25,0.9756097560975611,Medium,Recently Inactive
14178.0,7,1580.26,1492,190,9,173,225.75142857142856,213.14285714285714,27.142857142857142,1.0344827586206897,High,Active
14179.0,2,701.57,319,135,41,11,350.785,159.5,67.5,1.4634146341463414,High,Recently Inactive
14180.0,25,4748.52,719,112,11,361,189.94080000000002,28.76,4.48,1.918158567774936,Very High,Active
14184.0,1,452.89,127,24,67,0,452.89,127.0,24.0,1.0,Medium,Recently Inactive
14185.0,1,197.65,6,3,331,0,197.65,6.0,3.0,1.0,Low,Inactive
14188.0,6,2054.36,1162,34,31,279,342.3933333333334,193.66666666666666,5.666666666666667,0.5825242718446602,Very High,Recently Inactive
14189.0,15,4654.08,3937,176,2,366,310.272,262.46666666666664,11.733333333333333,1.1363636363636365,Very High,Active
14191.0,13,4684.76,3662,145,2,218,360.36615384615385,281.6923076923077,11.153846153846153,1.5725806451612905,Very High,Active
14193.0,2,853.39,445,35,68,201,426.695,222.5,17.5,0.2597402597402597,High,Recently Inactive
14194.0,21,11349.52,5840,269,5,303,540.4533333333334,278.0952380952381,12.80952380952381,1.8918918918918919,Very High,Active
14195.0,2,1012.0,760,7,202,50,506.0,380.0,3.5,0.7499999999999999,High,Inactive
14196.0,1,335.52,142,6,107,0,335.52,142.0,6.0,1.0,Medium,At Risk
14198.0,4,701.4,290,35,18,221,175.35,72.5,8.75,0.4780876494023904,High,Active
14199.0,1,185.39999999999998,28,2,218,0,185.39999999999998,28.0,2.0,1.0,Low,Inactive
14201.0,7,747.44,590,32,60,299,106.77714285714286,84.28571428571429,4.571428571428571,0.6382978723404256,High,Recently Inactive
14204.0,1,150.61,72,36,2,0,150.61,72.0,36.0,1.0,Low,Active
14205.0,2,466.7,204,23,17,247,233.35,102.0,11.5,0.21660649819494587,Medium,Active
14206.0,1,328.15999999999997,276,20,239,0,328.15999999999997,276.0,20.0,1.0,Medium,Inactive
14208.0,1,151.74,114,10,95,0,151.74,114.0,10.0,1.0,Low,At Risk
14209.0,6,2073.43,691,55,11,321,345.57166666666666,115.16666666666667,9.166666666666666,0.5128205128205129,Very High,Active
14210.0,6,1905.8400000000001,760,66,106,265,317.64000000000004,126.66666666666667,11.0,0.6101694915254237,Very High,At Risk
14211.0,9,2241.1,1242,87,53,241,249.0111111111111,138.0,9.666666666666666,0.996309963099631,Very High,Recently Inactive
14212.0,1,1070.48,1152,9,90,0,1070.48,1152.0,9.0,1.0,High,Recently Inactive
14214.0,5,1004.38,751,64,31,246,200.876,150.2,12.8,0.5434782608695653,High,Recently Inactive
14215.0,6,1789.72,1358,98,12,356,298.2866666666667,226.33333333333334,16.333333333333332,0.46632124352331605,Very High,Active
14216.0,4,1839.3,594,47,3,34,459.825,148.5,11.75,1.875,Very High,Active
14217.0,17,2004.98,689,78,2,364,117.94,40.529411764705884,4.588235294117647,1.2944162436548223,Very High,Active
14218.0,1,169.48000000000002,160,12,43,0,169.48000000000002,160.0,12.0,1.0,Low,Recently Inactive
14219.0,1,89.94,78,7,4,0,89.94,78.0,7.0,1.0,Low,Active
14220.0,2,632.4000000000001,272,21,247,110,316.20000000000005,136.0,10.5,0.4285714285714286,Medium,Inactive
14221.0,9,3432.8,2191,123,42,296,381.4222222222222,243.44444444444446,13.666666666666666,0.8282208588957055,Very High,Recently Inactive
14222.0,1,683.17,607,41,177,0,683.17,607.0,41.0,1.0,High,At Risk
14223.0,3,991.13,585,50,92,171,330.37666666666667,195.0,16.666666666666668,0.44776119402985076,High,At Risk
14224.0,4,1009.73,483,105,110,209,252.4325,120.75,26.25,0.502092050209205,High,At Risk
14226.0,5,2214.79,1296,64,29,240,442.95799999999997,259.2,12.8,0.5555555555555556,Very High,Active
14227.0,10,3350.96,1820,117,26,258,335.096,182.0,11.7,1.0416666666666667,Very High,Active
14229.0,3,1547.2,610,29,52,281,515.7333333333333,203.33333333333334,9.666666666666666,0.28938906752411575,High,Recently Inactive
14231.0,3,925.71,409,47,184,104,308.57,136.33333333333334,15.666666666666666,0.6716417910447761,High,Inactive
14232.0,5,2048.07,1941,81,43,221,409.61400000000003,388.2,16.2,0.597609561752988,Very High,Recently Inactive
14233.0,4,1462.72,680,30,49,268,365.68,170.0,7.5,0.40268456375838924,High,Recently Inactive
14234.0,4,754.12,951,122,22,35,188.53,237.75,30.5,1.8461538461538458,High,Active
14235.0,5,3144.86,1959,65,75,185,628.972,391.8,13.0,0.6976744186046512,Very High,Recently Inactive
14236.0,2,490.86,310,15,81,291,245.43,155.0,7.5,0.1869158878504673,Medium,Recently Inactive
14237.0,1,161.0,38,9,373,0,161.0,38.0,9.0,1.0,Low,Inactive
14238.0,1,146.85,111,8,326,0,146.85,111.0,8.0,1.0,Low,Inactive
14239.0,11,2380.85,993,83,43,272,216.4409090909091,90.27272727272727,7.545454545454546,1.0927152317880795,Very High,Recently Inactive
14240.0,2,890.34,418,37,30,195,445.17,209.0,18.5,0.26666666666666666,High,Active
14241.0,1,213.70000000000002,146,10,184,0,213.70000000000002,146.0,10.0,1.0,Low,Inactive
14242.0,2,280.55,123,13,235,91,140.275,61.5,6.5,0.49586776859504134,Low,Inactive
14243.0,10,2588.77,1221,99,9,357,258.877,122.1,9.9,0.7751937984496123,Very High,Active
14245.0,2,1693.45,976,107,220,43,846.725,488.0,53.5,0.821917808219178,Very High,Inactive
14246.0,3,1474.06,804,57,111,135,491.3533333333333,268.0,19.0,0.5454545454545454,High,At Risk
14247.0,1,136.77,47,19,278,0,136.77,47.0,19.0,1.0,Low,Inactive
14248.0,1,302.58,102,8,318,0,302.58,102.0,8.0,1.0,Low,Inactive
14250.0,3,1904.05,1200,94,7,82,634.6833333333333,400.0,31.333333333333332,0.8035714285714286,Very High,Active
14251.0,5,2879.7000000000003,1674,37,2,55,575.94,334.8,7.4,1.7647058823529413,Very High,Active
14256.0,2,969.0600000000001,414,51,260,104,484.53000000000003,207.0,25.5,0.44776119402985076,High,Inactive
14257.0,5,3099.7200000000003,1682,88,64,254,619.9440000000001,336.4,17.6,0.528169014084507,Very High,Recently Inactive
14258.0,9,12669.98,7100,58,9,328,1407.7755555555555,788.8888888888889,6.444444444444445,0.7541899441340782,Very High,Active
14259.0,1,120.0,68,5,142,0,120.0,68.0,5.0,1.0,Low,At Risk
14261.0,2,1163.45,406,52,51,27,581.725,203.0,26.0,1.0526315789473684,High,Recently Inactive
14262.0,8,2618.23,1645,87,8,232,327.27875,205.625,10.875,0.9160305343511449,Very High,Active
14264.0,2,333.97,70,15,155,90,166.985,35.0,7.5,0.5,Medium,At Risk
14265.0,2,530.18,330,31,109,39,265.09,165.0,15.5,0.8695652173913044,Medium,At Risk
14267.0,3,1516.24,530,25,163,97,505.41333333333336,176.66666666666666,8.333333333333334,0.7086614173228346,High,At Risk
14270.0,1,492.65000000000003,197,29,332,0,492.65000000000003,197.0,29.0,1.0,Medium,Inactive
14271.0,1,112.32000000000001,88,10,226,0,112.32000000000001,88.0,10.0,1.0,Low,Inactive
14272.0,2,437.96,599,33,74,180,218.98,299.5,16.5,0.2857142857142857,Medium,Recently Inactive
14273.0,4,559.97,264,22,51,190,139.9925,66.0,5.5,0.5454545454545455,Medium,Recently Inactive
14276.0,3,1119.74,744,52,99,191,373.24666666666667,248.0,17.333333333333332,0.4072398190045249,High,At Risk
14277.0,3,4188.0,1976,195,15,197,1396.0,658.6666666666666,65.0,0.39647577092511016,Very High,Active
14280.0,1,134.04,52,8,197,0,134.04,52.0,8.0,1.0,Low,Inactive
14282.0,15,3701.44,2656,70,3,364,246.76266666666666,177.06666666666666,4.666666666666667,1.1421319796954315,Very High,Active
14284.0,2,595.25,161,24,31,55,297.625,80.5,12.0,0.7058823529411765,Medium,Recently Inactive
14285.0,4,1910.01,541,18,21,155,477.5025,135.25,4.5,0.6486486486486486,Very High,Active
14286.0,3,4628.75,4338,220,24,219,1542.9166666666667,1446.0,73.33333333333333,0.36144578313253006,Very High,Active
14287.0,3,176.63,261,9,8,190,58.876666666666665,87.0,3.0,0.4090909090909091,Low,Active
14288.0,1,426.6,188,16,213,0,426.6,188.0,16.0,1.0,Medium,Inactive
14289.0,6,911.26,292,33,9,280,151.87666666666667,48.666666666666664,5.5,0.5806451612903225,High,Active
14290.0,5,2314.65,915,89,11,350,462.93,183.0,17.8,0.39473684210526316,Very High,Active
14291.0,11,3883.25,2749,145,2,273,353.02272727272725,249.9090909090909,13.181818181818182,1.0891089108910892,Very High,Active
14292.0,9,4871.93,1663,64,8,275,541.3255555555556,184.77777777777777,7.111111111111111,0.8852459016393444,Very High,Active
14293.0,4,1046.56,709,51,3,365,261.64,177.25,12.75,0.3037974683544304,High,Active
14295.0,1,166.20000000000002,84,5,40,0,166.20000000000002,84.0,5.0,1.0,Low,Recently Inactive
14297.0,4,1305.33,865,48,18,257,326.3325,216.25,12.0,0.4181184668989547,High,Active
14298.0,44,51527.3,58343,884,8,352,1171.075,1325.9772727272727,20.09090909090909,3.455497382198953,Very High,Active
14299.0,9,3965.62,2149,94,8,357,440.6244444444444,238.77777777777777,10.444444444444445,0.6976744186046512,Very High,Active
14300.0,1,43.2,32,3,19,0,43.2,32.0,3.0,1.0,Low,Active
14301.0,1,640.14,606,13,117,0,640.14,606.0,13.0,1.0,Medium,At Risk
14304.0,1,383.45,139,17,223,0,383.45,139.0,17.0,1.0,Medium,Inactive
14305.0,3,1858.96,1089,96,71,64,619.6533333333333,363.0,32.0,0.9574468085106383,Very High,Recently Inactive
14306.0,2,2093.32,1075,33,51,34,1046.66,537.5,16.5,0.9375,Very High,Recently Inactive
14307.0,6,2995.7200000000003,2058,150,89,284,499.2866666666667,343.0,25.0,0.5732484076433121,Very High,Recently Inactive
14309.0,9,2352.53,1633,74,8,350,261.39222222222224,181.44444444444446,8.222222222222221,0.7105263157894737,Very High,Active
14311.0,1,310.26,146,20,243,0,310.26,146.0,20.0,1.0,Medium,Inactive
14312.0,6,1611.5900000000001,1012,74,47,290,268.59833333333336,168.66666666666666,12.333333333333334,0.5625,High,Recently Inactive
14314.0,1,120.0,296,8,107,0,120.0,296.0,8.0,1.0,Low,At Risk
14315.0,6,2481.13,1021,64,45,221,413.5216666666667,170.16666666666666,10.666666666666666,0.7171314741035856,Very High,Recently Inactive
14317.0,1,508.58,255,24,65,0,508.58,255.0,24.0,1.0,Medium,Recently Inactive
14320.0,2,477.79,325,29,207,126,238.895,162.5,14.5,0.3846153846153846,Medium,Inactive
14321.0,5,1530.75,2406,111,11,322,306.15,481.2,22.2,0.42613636363636365,High,Active
14323.0,2,605.0600000000001,350,32,115,123,302.53000000000003,175.0,16.0,0.3921568627450981,Medium,At Risk
14326.0,1,183.85,103,8,242,0,183.85,103.0,8.0,1.0,Low,Inactive
14327.0,1,311.65000000000003,139,12,163,0,311.65000000000003,139.0,12.0,1.0,Medium,At Risk
14329.0,7,4975.24,3087,218,17,312,710.7485714285714,441.0,31.142857142857142,0.6140350877192983,Very High,Active
14331.0,2,462.66,252,27,124,10,231.33,126.0,13.5,1.5,Medium,At Risk
14332.0,3,840.21,463,22,23,125,280.07,154.33333333333334,7.333333333333333,0.5806451612903225,High,Active
14333.0,1,415.2,58,15,68,0,415.2,58.0,15.0,1.0,Medium,Recently Inactive
14334.0,8,2552.21,1731,98,17,341,319.02625,216.375,12.25,0.6469002695417789,Very High,Active
14335.0,2,454.86,375,55,16,80,227.43,187.5,27.5,0.5454545454545455,Medium,Active
14336.0,4,1614.91,1759,77,17,259,403.7275,439.75,19.25,0.4152249134948097,High,Active
14338.0,2,588.22,335,30,161,35,294.11,167.5,15.0,0.9230769230769229,Medium,At Risk
14339.0,1,309.52000000000004,168,14,243,0,309.52000000000004,168.0,14.0,1.0,Medium,Inactive
14340.0,1,134.7,58,6,219,0,134.7,58.0,6.0,1.0,Low,Inactive
14341.0,8,2166.98,1397,109,45,273,270.8725,174.625,13.625,0.7920792079207921,Very High,Recently Inactive
14342.0,4,668.5600000000001,347,18,21,188,167.14000000000001,86.75,4.5,0.5504587155963303,Medium,Active
14344.0,8,889.9300000000001,477,56,127,241,111.24125000000001,59.625,7.0,0.8856088560885609,High,At Risk
14345.0,1,108.98,50,6,39,0,108.98,50.0,6.0,1.0,Low,Recently Inactive
14346.0,2,1021.58,605,55,121,176,510.79,302.5,27.5,0.29126213592233013,High,At Risk
14348.0,1,409.57,183,18,260,0,409.57,183.0,18.0,1.0,Medium,Inactive
14349.0,1,133.5,86,31,10,0,133.5,86.0,31.0,1.0,Low,Active
14350.0,1,282.93,183,18,274,0,282.93,183.0,18.0,1.0,Low,Inactive
14351.0,1,51.0,12,1,165,0,51.0,12.0,1.0,1.0,Low,At Risk
14352.0,4,1078.96,538,44,157,116,269.74,134.5,11.0,0.821917808219178,High,At Risk
14353.0,1,90.6,64,6,215,0,90.6,64.0,6.0,1.0,Low,Inactive
14354.0,2,163.62,210,9,6,24,81.81,105.0,4.5,1.1111111111111112,Low,Active
14355.0,1,174.4,92,11,366,0,174.4,92.0,11.0,1.0,Low,Inactive
14356.0,2,701.23,277,33,80,1,350.615,138.5,16.5,1.9354838709677418,High,Recently Inactive
14357.0,1,225.12,147,39,43,0,225.12,147.0,39.0,1.0,Low,Recently Inactive
14359.0,3,912.1800000000001,371,44,19,68,304.06,123.66666666666667,14.666666666666666,0.9183673469387755,High,Active
14360.0,4,2118.03,1139,104,32,62,529.5075,284.75,26.0,1.3043478260869565,Very High,Recently Inactive
14362.0,1,151.5,96,37,22,0,151.5,96.0,37.0,1.0,Low,Active
14364.0,8,3717.35,1967,61,109,102,464.66875,245.875,7.625,1.8181818181818181,Very High,At Risk
14367.0,16,9227.82,4426,270,8,267,576.73875,276.625,16.875,1.6161616161616161,Very High,Active
14368.0,1,155.0,36,8,320,0,155.0,36.0,8.0,1.0,Low,Inactive
14371.0,1,100.5,34,4,295,0,100.5,34.0,4.0,1.0,Low,Inactive
14373.0,1,76.55,17,4,358,0,76.55,17.0,4.0,1.0,Low,Inactive
14375.0,1,235.56,184,57,185,0,235.56,184.0,57.0,1.0,Low,Inactive
14377.0,2,617.05,219,11,191,70,308.525,109.5,5.5,0.6,Medium,Inactive
14379.0,2,348.1,292,39,44,251,174.05,146.0,19.5,0.21352313167259784,Medium,Recently Inactive
14381.0,1,202.68,146,56,52,0,202.68,146.0,56.0,1.0,Low,Recently Inactive
14382.0,1,615.49,1231,121,26,0,615.49,1231.0,121.0,1.0,Medium,Active
14383.0,3,1247.69,817,49,38,125,415.8966666666667,272.3333333333333,16.333333333333332,0.5806451612903225,High,Recently Inactive
14385.0,3,202.10999999999999,159,13,9,14,67.36999999999999,53.0,4.333333333333333,2.0454545454545454,Low,Active
14386.0,1,142.4,54,7,297,0,142.4,54.0,7.0,1.0,Low,Inactive
14387.0,3,1727.6,795,125,33,76,575.8666666666667,265.0,41.666666666666664,0.8490566037735849,Very High,Recently Inactive
14388.0,8,3212.84,1941,124,10,362,401.605,242.625,15.5,0.6122448979591837,Very High,Active
14389.0,2,1043.46,729,33,65,125,521.73,364.5,16.5,0.3870967741935484,High,Recently Inactive
14390.0,9,4642.57,2133,135,10,362,515.8411111111111,237.0,15.0,0.6887755102040817,Very High,Active
14393.0,1,67.95,13,5,218,0,67.95,13.0,5.0,1.0,Low,Inactive
14395.0,9,3479.91,1689,181,2,369,386.65666666666664,187.66666666666666,20.11111111111111,0.6766917293233082,Very High,Active
14396.0,2,487.99,225,71,65,306,243.995,112.5,35.5,0.17857142857142858,Medium,Recently Inactive
14397.0,19,2612.96,1890,18,3,210,137.52421052631578,99.47368421052632,0.9473684210526315,2.375,Very High,Active
14400.0,1,574.7,454,25,149,0,574.7,454.0,25.0,1.0,Medium,At Risk
14401.0,13,4051.48,4507,113,4,355,311.6523076923077,346.6923076923077,8.692307692307692,1.0129870129870129,Very High,Active
14403.0,4,1475.81,519,17,130,116,368.9525,129.75,4.25,0.821917808219178,High,At Risk
14404.0,6,1449.32,827,70,34,335,241.5533333333333,137.83333333333334,11.666666666666666,0.4931506849315069,High,Recently Inactive
14406.0,1,156.75,77,8,119,0,156.75,77.0,8.0,1.0,Low,At Risk
14407.0,6,2157.73,1415,67,107,169,359.62166666666667,235.83333333333334,11.166666666666666,0.9045226130653266,Very High,At Risk
14408.0,7,2599.03,1610,60,11,253,371.29,230.0,8.571428571428571,0.7420494699646643,Very High,Active
14409.0,6,2059.4500000000003,1230,40,71,297,343.24166666666673,205.0,6.666666666666667,0.5504587155963303,Very High,Recently Inactive
14410.0,9,1099.27,565,152,92,213,122.14111111111112,62.77777777777778,16.88888888888889,1.1111111111111112,High,At Risk
14411.0,1,1063.0,196,14,311,0,1063.0,196.0,14.0,1.0,High,Inactive
14412.0,2,770.03,786,43,43,30,385.015,393.0,21.5,1.0,High,Recently Inactive
14413.0,1,121.05,67,22,362,0,121.05,67.0,22.0,1.0,Low,Inactive
14414.0,7,1496.98,2512,79,92,267,213.8542857142857,358.85714285714283,11.285714285714286,0.7070707070707071,High,At Risk
14415.0,13,5855.57,2996,283,1,359,450.42846153846153,230.46153846153845,21.76923076923077,1.0025706940874035,Very High,Active
14416.0,2,490.22,326,13,22,20,245.11,163.0,6.5,1.2000000000000002,Medium,Active
14418.0,3,1937.25,1711,114,4,104,645.75,570.3333333333334,38.0,0.6716417910447761,Very High,Active
14419.0,6,1051.79,483,112,11,354,175.29833333333332,80.5,18.666666666666668,0.46875,High,Active
14420.0,1,387.52,334,29,99,0,387.52,334.0,29.0,1.0,Medium,At Risk
14421.0,2,813.11,365,25,57,154,406.555,182.5,12.5,0.32608695652173914,High,Recently Inactive
14422.0,6,4263.64,2906,189,1,266,710.6066666666667,484.3333333333333,31.5,0.6081081081081081,Very High,Active
14423.0,1,265.2,120,3,218,0,265.2,120.0,3.0,1.0,Low,Inactive
14424.0,1,322.08,48,1,18,0,322.08,48.0,1.0,1.0,Medium,Active
14426.0,10,4481.67,2699,183,24,289,448.16700000000003,269.9,18.3,0.9404388714733543,Very High,Active
14427.0,2,363.34000000000003,228,16,50,13,181.67000000000002,114.0,8.0,1.3953488372093024,Medium,Recently Inactive
14428.0,5,1224.06,428,108,7,317,244.81199999999998,85.6,21.6,0.43227665706051877,High,Active
14431.0,1,470.36,130,17,303,0,470.36,130.0,17.0,1.0,Medium,Inactive
14432.0,6,2248.5,2013,256,10,79,374.75,335.5,42.666666666666664,1.651376146788991,Very High,Active
14434.0,6,1372.8,368,3,22,50,228.79999999999998,61.333333333333336,0.5,2.2499999999999996,High,Active
14436.0,1,89.06,129,9,99,0,89.06,129.0,9.0,1.0,Low,At Risk
14437.0,1,63.0,60,5,366,0,63.0,60.0,5.0,1.0,Low,Inactive
14438.0,1,131.9,82,9,306,0,131.9,82.0,9.0,1.0,Low,Inactive
14439.0,1,2661.24,526,32,320,0,2661.24,526.0,32.0,1.0,Very High,Inactive
14440.0,5,2357.68,588,33,8,357,471.53599999999994,117.6,6.6,0.38759689922480617,Very High,Active
14441.0,4,1712.89,446,43,1,254,428.2225,111.5,10.75,0.4225352112676056,Very High,Active
14442.0,2,1589.82,482,58,205,112,794.91,241.0,29.0,0.4225352112676056,High,Inactive
14443.0,4,1420.2,938,84,54,314,355.05,234.5,21.0,0.3488372093023256,High,Recently Inactive
14446.0,4,1005.55,856,232,1,245,251.3875,214.0,58.0,0.4363636363636364,High,Active
14447.0,5,1163.23,571,54,19,261,232.64600000000002,114.2,10.8,0.5154639175257733,High,Active
14448.0,2,375.35,104,20,9,354,187.675,52.0,10.0,0.15625,Medium,Active
14449.0,4,885.8,741,201,19,353,221.45,185.25,50.25,0.31331592689295035,High,Active
14450.0,3,483.25,241,32,181,139,161.08333333333334,80.33333333333333,10.666666666666666,0.5325443786982248,Medium,Inactive
14451.0,2,643.9,378,86,60,134,321.95,189.0,43.0,0.36585365853658536,Medium,Recently Inactive
14452.0,2,259.05,116,55,11,83,129.525,58.0,27.5,0.5309734513274337,Low,Active
14453.0,1,119.93,49,22,190,0,119.93,49.0,22.0,1.0,Low,Inactive
14456.0,9,3014.32,2848,579,5,137,334.9244444444445,316.44444444444446,64.33333333333333,1.6167664670658684,Very High,Active
14457.0,1,113.64,88,4,311,0,113.64,88.0,4.0,1.0,Low,Inactive
14459.0,1,1837.92,760,37,155,0,1837.92,760.0,37.0,1.0,Very High,At Risk
14460.0,3,434.34,881,14,110,200,144.78,293.6666666666667,4.666666666666667,0.3913043478260869,Medium,At Risk
14461.0,3,2102.67,765,172,148,113,700.89,255.0,57.333333333333336,0.6293706293706294,Very High,At Risk
14462.0,11,1975.57,954,149,66,273,179.59727272727272,86.72727272727273,13.545454545454545,1.0891089108910892,Very High,Recently Inactive
14463.0,3,529.62,179,6,98,107,176.54,59.666666666666664,2.0,0.6569343065693432,Medium,At Risk
14465.0,3,1038.44,398,107,247,56,346.1466666666667,132.66666666666666,35.666666666666664,1.0465116279069768,High,Inactive
14466.0,7,2272.4,1006,35,29,343,324.62857142857143,143.71428571428572,5.0,0.5630026809651475,Very High,Active
14467.0,4,596.26,276,67,18,295,149.065,69.0,16.75,0.3692307692307692,Medium,Active
14470.0,2,461.19,193,43,12,275,230.595,96.5,21.5,0.19672131147540986,Medium,Active
14472.0,8,1852.67,1135,153,104,251,231.58375,141.875,19.125,0.8540925266903914,Very High,At Risk
14473.0,2,234.34,88,7,74,208,117.17,44.0,3.5,0.25210084033613445,Low,Recently Inactive
14474.0,1,547.66,140,29,46,0,547.66,140.0,29.0,1.0,Medium,Recently Inactive
14475.0,3,925.85,447,35,72,233,308.6166666666667,149.0,11.666666666666666,0.3422053231939164,High,Recently Inactive
14476.0,1,193.0,110,17,257,0,193.0,110.0,17.0,1.0,Low,Inactive
14477.0,4,1309.6,720,7,20,277,327.4,180.0,1.75,0.39087947882736157,High,Active
14479.0,2,316.25,117,18,254,111,158.125,58.5,9.0,0.425531914893617,Medium,Inactive
14480.0,1,279.05,143,13,11,0,279.05,143.0,13.0,1.0,Low,Active
14481.0,2,636.51,489,25,165,122,318.255,244.5,12.5,0.39473684210526316,Medium,At Risk
14482.0,6,2022.81,1627,110,18,220,337.135,271.1666666666667,18.333333333333332,0.7200000000000001,Very High,Active
14483.0,1,137.1,97,9,282,0,137.1,97.0,9.0,1.0,Low,Inactive
14484.0,1,321.92,210,14,50,0,321.92,210.0,14.0,1.0,Medium,Recently Inactive
14485.0,1,162.8,70,44,39,0,162.8,70.0,44.0,1.0,Low,Recently Inactive
14487.0,6,1165.48,712,112,27,341,194.24666666666667,118.66666666666667,18.666666666666668,0.4851752021563342,High,Active
14488.0,1,1064.28,799,46,68,0,1064.28,799.0,46.0,1.0,High,Recently Inactive
14489.0,1,463.38,299,30,207,0,463.38,299.0,30.0,1.0,Medium,Inactive
14491.0,2,340.93,139,17,175,197,170.465,69.5,8.5,0.2643171806167401,Medium,At Risk
14493.0,5,2383.2400000000002,1285,95,7,147,476.648,257.0,19.0,0.847457627118644,Very High,Active
14494.0,1,139.56,92,7,26,0,139.56,92.0,7.0,1.0,Low,Active
14495.0,2,123.80000000000001,62,6,51,70,61.900000000000006,31.0,3.0,0.6,Low,Recently Inactive
14496.0,2,538.8100000000001,159,16,312,61,269.40500000000003,79.5,8.0,0.6593406593406593,Medium,Inactive
14497.0,1,475.37,235,29,309,0,475.37,235.0,29.0,1.0,Medium,Inactive
14498.0,5,1957.32,1098,162,43,319,391.464,219.6,32.4,0.42979942693409745,Very High,Recently Inactive
14499.0,3,808.44,496,146,26,252,269.48,165.33333333333334,48.666666666666664,0.3191489361702127,High,Active
14500.0,3,356.85,117,6,88,101,118.95,39.0,2.0,0.6870229007633587,Medium,Recently Inactive
14501.0,2,251.21,161,9,184,136,125.605,80.5,4.5,0.3614457831325301,Low,Inactive
14502.0,11,2426.79,1464,367,20,293,220.61727272727273,133.0909090909091,33.36363636363637,1.021671826625387,Very High,Active
14503.0,6,3543.26,2004,113,3,175,590.5433333333334,334.0,18.833333333333332,0.8780487804878049,Very High,Active
14504.0,4,673.26,308,85,47,231,168.315,77.0,21.25,0.4597701149425288,High,Recently Inactive
14505.0,8,5859.43,2739,540,17,344,732.42875,342.375,67.5,0.6417112299465241,Very High,Active
14506.0,5,1960.65,704,204,17,351,392.13,140.8,40.8,0.3937007874015748,Very High,Active
14507.0,6,1367.88,594,79,24,252,227.98000000000002,99.0,13.166666666666666,0.6382978723404255,High,Active
14508.0,2,268.05,129,52,22,67,134.025,64.5,26.0,0.6185567010309279,Low,Active
14511.0,5,1314.81,784,53,11,122,262.962,156.8,10.6,0.986842105263158,High,Active
14512.0,2,275.28,122,19,188,44,137.64,61.0,9.5,0.8108108108108107,Low,Inactive
14513.0,3,455.59000000000003,361,11,101,188,151.86333333333334,120.33333333333333,3.6666666666666665,0.41284403669724773,Medium,At Risk
14514.0,3,990.2,564,65,61,270,330.06666666666666,188.0,21.666666666666668,0.3,High,Recently Inactive
14515.0,6,2076.89,1110,68,18,200,346.1483333333333,185.0,11.333333333333334,0.7826086956521738,Very High,Active
14517.0,2,330.45,91,17,33,108,165.225,45.5,8.5,0.4347826086956522,Medium,Recently Inactive
14518.0,1,174.37,278,16,64,0,174.37,278.0,16.0,1.0,Low,Recently Inactive
14520.0,2,270.6,146,3,2,289,135.3,73.0,1.5,0.18808777429467086,Low,Active
14522.0,4,974.54,525,15,24,173,243.635,131.25,3.75,0.5911330049261084,High,Active
14523.0,1,241.09,251,12,108,0,241.09,251.0,12.0,1.0,Low,At Risk
14524.0,9,1843.83,669,161,32,329,204.87,74.33333333333333,17.88888888888889,0.7520891364902507,Very High,Recently Inactive
14525.0,9,4215.9,2637,217,20,341,468.4333333333333,293.0,24.11111111111111,0.7277628032345013,Very High,Active
14527.0,55,8506.13,2086,329,3,366,154.65690909090907,37.92727272727273,5.9818181818181815,4.166666666666667,Very High,Active
14528.0,1,364.21999999999997,278,18,37,0,364.21999999999997,278.0,18.0,1.0,Medium,Recently Inactive
14529.0,3,578.61,325,177,60,50,192.87,108.33333333333333,59.0,1.1249999999999998,Medium,Recently Inactive
14530.0,6,2862.11,1395,140,26,270,477.0183333333334,232.5,23.333333333333332,0.6,Very High,Active
14532.0,4,932.85,284,45,236,115,233.2125,71.0,11.25,0.8275862068965516,High,Inactive
14533.0,7,1949.72,4019,53,25,328,278.5314285714286,574.1428571428571,7.571428571428571,0.5865921787709497,Very High,Active
14534.0,18,4395.65,2026,330,3,315,244.20277777777775,112.55555555555556,18.333333333333332,1.565217391304348,Very High,Active
14535.0,3,2854.84,1824,280,60,188,951.6133333333333,608.0,93.33333333333333,0.41284403669724773,Very High,Recently Inactive
14536.0,1,170.95,39,18,260,0,170.95,39.0,18.0,1.0,Low,Inactive
14537.0,1,355.56,120,10,58,0,355.56,120.0,10.0,1.0,Medium,Recently Inactive
14538.0,2,388.25,155,19,65,191,194.125,77.5,9.5,0.2714932126696833,Medium,Recently Inactive
14539.0,2,537.48,428,31,16,28,268.74,214.0,15.5,1.0344827586206897,Medium,Active
14540.0,3,952.66,411,64,10,299,317.55333333333334,137.0,21.333333333333332,0.2735562310030395,High,Active
14541.0,8,1453.35,641,71,59,260,181.66875,80.125,8.875,0.8275862068965518,High,Recently Inactive
14542.0,1,103.25,19,5,186,0,103.25,19.0,5.0,1.0,Low,Inactive
14543.0,16,3565.08,672,42,29,336,222.8175,42.0,2.625,1.3114754098360657,Very High,Active
14544.0,2,2004.3,1536,97,24,337,1002.15,768.0,48.5,0.16348773841961853,Very High,Active
14546.0,5,2573.93,1313,250,5,243,514.786,262.6,50.0,0.5494505494505495,Very High,Active
14547.0,8,3974.75,2639,198,4,50,496.84375,329.875,24.75,2.9999999999999996,Very High,Active
14548.0,2,652.8,256,2,151,167,326.4,128.0,1.0,0.30456852791878175,Medium,At Risk
14549.0,1,289.24,136,56,311,0,289.24,136.0,56.0,1.0,Low,Inactive
14550.0,2,757.37,389,38,11,33,378.685,194.5,19.0,0.9523809523809523,High,Active
14551.0,2,186.23,106,9,18,185,93.115,53.0,4.5,0.27906976744186046,Low,Active
14552.0,1,164.22,90,57,152,0,164.22,90.0,57.0,1.0,Low,At Risk
14553.0,5,859.27,493,103,19,319,171.85399999999998,98.6,20.6,0.42979942693409745,High,Active
14554.0,4,2279.4900000000002,1443,147,10,42,569.8725000000001,360.75,36.75,1.6666666666666667,Very High,Active
14555.0,2,312.54,122,18,57,244,156.27,61.0,9.0,0.21897810218978103,Medium,Recently Inactive
14557.0,1,788.38,510,16,85,0,788.38,510.0,16.0,1.0,High,Recently Inactive
14560.0,22,2237.77,1260,39,7,350,101.71681818181818,57.27272727272727,1.7727272727272727,1.736842105263158,Very High,Active
14561.0,3,1080.76,1014,67,76,108,360.25333333333333,338.0,22.333333333333332,0.6521739130434783,High,Recently Inactive
14562.0,18,5006.77,1815,187,4,300,278.1538888888889,100.83333333333333,10.38888888888889,1.6363636363636365,Very High,Active
14565.0,4,3099.12,1540,111,96,265,774.78,385.0,27.75,0.4067796610169491,Very High,At Risk
14566.0,1,1432.0,800,4,111,0,1432.0,800.0,4.0,1.0,High,At Risk
14567.0,2,1530.3600000000001,412,33,57,73,765.1800000000001,206.0,16.5,0.5825242718446603,High,Recently Inactive
14569.0,1,227.39,79,10,1,0,227.39,79.0,10.0,1.0,Low,Active
14570.0,2,217.21,94,28,281,0,108.605,47.0,14.0,2.0,Low,Inactive
14572.0,7,2804.54,1420,190,3,320,400.6485714285714,202.85714285714286,27.142857142857142,0.6,Very High,Active
14573.0,9,1639.82,534,127,180,192,182.20222222222222,59.333333333333336,14.11111111111111,1.2162162162162162,High,At Risk
14576.0,1,35.400000000000006,12,1,372,0,35.400000000000006,12.0,1.0,1.0,Low,Inactive
14577.0,4,859.71,353,86,13,350,214.9275,88.25,21.5,0.31578947368421056,High,Active
14578.0,1,168.63,240,24,3,0,168.63,240.0,24.0,1.0,Low,Active
14581.0,1,138.6,217,16,17,0,138.6,217.0,16.0,1.0,Low,Active
14582.0,1,114.11,73,6,41,0,114.11,73.0,6.0,1.0,Low,Recently Inactive
14583.0,5,986.96,751,243,6,200,197.392,150.2,48.6,0.6521739130434783,High,Active
14584.0,4,1033.06,381,68,169,29,258.265,95.25,17.0,2.0338983050847457,High,At Risk
14585.0,1,157.05,91,29,50,0,157.05,91.0,29.0,1.0,Low,Recently Inactive
14586.0,1,237.35999999999999,444,19,277,0,237.35999999999999,444.0,19.0,1.0,Low,Inactive
14587.0,9,1580.29,749,170,19,312,175.58777777777777,83.22222222222223,18.88888888888889,0.7894736842105263,High,Active
14589.0,1,39.75,5,3,372,0,39.75,5.0,3.0,1.0,Low,Inactive
14591.0,4,1320.21,1228,138,15,197,330.0525,307.0,34.5,0.5286343612334802,High,Active
14592.0,3,557.94,407,132,35,28,185.98000000000002,135.66666666666666,44.0,1.5517241379310345,Medium,Recently Inactive
14593.0,3,617.15,330,127,22,177,205.71666666666667,110.0,42.333333333333336,0.43478260869565216,Medium,Active
14594.0,2,363.33,183,48,7,365,181.665,91.5,24.0,0.1518987341772152,Medium,Active
14595.0,6,1740.6000000000001,978,94,20,293,290.1,163.0,15.666666666666666,0.5572755417956656,Very High,Active
14597.0,2,866.24,566,45,11,180,433.12,283.0,22.5,0.2857142857142857,High,Active
14598.0,1,221.97,189,49,44,0,221.97,189.0,49.0,1.0,Low,Recently Inactive
14600.0,1,393.33000000000004,125,25,306,0,393.33000000000004,125.0,25.0,1.0,Medium,Inactive
14601.0,1,213.96,168,7,11,0,213.96,168.0,7.0,1.0,Low,Active
14603.0,1,660.0,400,2,275,0,660.0,400.0,2.0,1.0,Medium,Inactive
14606.0,92,12061.15,6186,818,1,372,131.0994565217391,67.23913043478261,8.891304347826088,6.865671641791044,Very High,Active
14607.0,12,15021.5,10734,37,16,245,1251.7916666666667,894.5,3.0833333333333335,1.309090909090909,Very High,Active
14608.0,4,1785.15,437,8,4,358,446.2875,109.25,2.0,0.30927835051546393,Very High,Active
14609.0,4,601.56,7026,2,72,224,150.39,1756.5,0.5,0.47244094488188976,Medium,Recently Inactive
14616.0,3,406.08000000000004,104,2,243,74,135.36,34.666666666666664,0.6666666666666666,0.8653846153846153,Medium,Inactive
14618.0,3,553.44,264,10,9,328,184.48000000000002,88.0,3.3333333333333335,0.25139664804469275,Medium,Active
14619.0,1,394.44,152,20,246,0,394.44,152.0,20.0,1.0,Medium,Inactive
14620.0,2,412.78000000000003,214,26,206,78,206.39000000000001,107.0,13.0,0.5555555555555556,Medium,Inactive
14621.0,5,1788.3600000000001,993,80,1,357,357.672,198.6,16.0,0.38759689922480617,Very High,Active
14622.0,1,320.58000000000004,146,21,185,0,320.58000000000004,146.0,21.0,1.0,Medium,Inactive
14623.0,5,882.02,406,107,32,203,176.404,81.2,21.4,0.6437768240343348,High,Recently Inactive
14624.0,2,225.85,162,13,57,1,112.925,81.0,6.5,1.9354838709677418,Low,Recently Inactive
14625.0,2,899.63,335,51,196,164,449.815,167.5,25.5,0.30927835051546393,High,Inactive
14626.0,4,2791.27,1403,108,24,209,697.8175,350.75,27.0,0.502092050209205,Very High,Active
14628.0,2,671.96,272,22,91,151,335.98,136.0,11.0,0.3314917127071823,High,At Risk
14629.0,2,955.26,378,133,4,43,477.63,189.0,66.5,0.821917808219178,High,Active
14631.0,3,1006.98,622,38,51,248,335.66,207.33333333333334,12.666666666666666,0.3237410071942446,High,Recently Inactive
14632.0,1,114.56,96,8,263,0,114.56,96.0,8.0,1.0,Low,Inactive
14633.0,1,344.90000000000003,96,20,266,0,344.90000000000003,96.0,20.0,1.0,Medium,Inactive
14636.0,2,609.85,241,27,36,232,304.925,120.5,13.5,0.22900763358778622,Medium,Recently Inactive
14638.0,1,443.6,166,16,51,0,443.6,166.0,16.0,1.0,Medium,Recently Inactive
14639.0,6,2984.4900000000002,1431,138,52,309,497.415,238.5,23.0,0.5309734513274336,Very High,Recently Inactive
14640.0,6,2107.38,880,87,24,203,351.23,146.66666666666666,14.5,0.7725321888412017,Very High,Active
14641.0,1,110.46000000000001,90,7,22,0,110.46000000000001,90.0,7.0,1.0,Low,Active
14642.0,1,96.12,76,2,59,0,96.12,76.0,2.0,1.0,Low,Recently Inactive
14643.0,2,693.8100000000001,815,30,170,187,346.90500000000003,407.5,15.0,0.2764976958525346,High,At Risk
14644.0,2,830.76,258,26,68,230,415.38,129.0,13.0,0.23076923076923073,High,Recently Inactive
14645.0,2,597.09,381,28,157,118,298.545,190.5,14.0,0.4054054054054054,Medium,At Risk
14646.0,73,280206.02,196915,700,2,353,3838.4386301369864,2697.4657534246576,9.58904109589041,5.718015665796345,Very High,Active
14647.0,1,236.04000000000002,91,24,201,0,236.04000000000002,91.0,24.0,1.0,Low,Inactive
14649.0,4,1402.59,1004,148,5,207,350.6475,251.0,37.0,0.5063291139240506,High,Active
14651.0,2,653.75,343,95,67,143,326.875,171.5,47.5,0.3468208092485549,Medium,Recently Inactive
14652.0,1,114.18,53,29,77,0,114.18,53.0,29.0,1.0,Low,Recently Inactive
14653.0,7,1916.7,944,153,1,337,273.81428571428575,134.85714285714286,21.857142857142858,0.5722070844686649,Very High,Active
14655.0,4,1932.23,1089,35,8,214,483.0575,272.25,8.75,0.49180327868852464,Very High,Active
14656.0,2,291.05,120,73,169,114,145.525,60.0,36.5,0.4166666666666667,Low,At Risk
14657.0,4,848.22,466,103,18,308,212.055,116.5,25.75,0.35502958579881655,High,Active
14658.0,2,247.15,47,27,5,111,123.575,23.5,13.5,0.425531914893617,Low,Active
14659.0,9,2529.93,1195,147,9,306,281.1033333333333,132.77777777777777,16.333333333333332,0.8035714285714286,Very High,Active
14660.0,2,285.74,228,24,87,14,142.87,114.0,12.0,1.3636363636363635,Low,Recently Inactive
14661.0,1,107.95,35,4,27,0,107.95,35.0,4.0,1.0,Low,Active
14662.0,4,741.37,578,143,29,287,185.3425,144.5,35.75,0.37854889589905366,High,Active
14664.0,2,636.24,465,78,20,13,318.12,232.5,39.0,1.3953488372093024,Medium,Active
14665.0,5,1835.7,740,63,61,250,367.14,148.0,12.6,0.5357142857142857,Very High,Recently Inactive
14666.0,1,179.95,155,13,24,0,179.95,155.0,13.0,1.0,Low,Active
14667.0,25,9170.79,5318,353,11,357,366.83160000000004,212.72,14.12,1.937984496124031,Very High,Active
14669.0,3,1259.24,770,158,242,90,419.74666666666667,256.6666666666667,52.666666666666664,0.75,High,Inactive
14670.0,2,392.86,326,107,280,0,196.43,163.0,53.5,2.0,Medium,Inactive
14672.0,2,765.5500000000001,454,58,235,101,382.77500000000003,227.0,29.0,0.45801526717557245,High,Inactive
14673.0,5,1736.4,1004,39,3,364,347.28000000000003,200.8,7.8,0.3807106598984772,Very High,Active
14675.0,1,596.36,336,93,16,0,596.36,336.0,93.0,1.0,Medium,Active
14676.0,6,2548.2400000000002,2500,29,31,251,424.7066666666667,416.6666666666667,4.833333333333333,0.6405693950177935,Very High,Recently Inactive
14680.0,16,28754.11,13476,73,25,346,1797.131875,842.25,4.5625,1.2765957446808511,Very High,Active
14681.0,3,498.95,76,6,71,140,166.31666666666666,25.333333333333332,2.0,0.5294117647058824,Medium,Recently Inactive
14682.0,2,52.0,80,1,188,13,26.0,40.0,0.5,1.3953488372093024,Low,Inactive
14684.0,5,1201.51,821,231,26,336,240.302,164.2,46.2,0.4098360655737705,High,Active
14687.0,1,628.38,470,15,107,0,628.38,470.0,15.0,1.0,Medium,At Risk
14688.0,21,5579.1,3584,148,8,366,265.6714285714286,170.66666666666666,7.0476190476190474,1.590909090909091,Very High,Active
14689.0,1,112.80000000000001,76,13,209,0,112.80000000000001,76.0,13.0,1.0,Low,Inactive
14690.0,2,355.05,167,40,44,107,177.525,83.5,20.0,0.43795620437956206,Medium,Recently Inactive
14691.0,5,2114.33,707,50,31,182,422.866,141.4,10.0,0.7075471698113208,Very High,Recently Inactive
14692.0,4,591.55,265,53,137,185,147.8875,66.25,13.25,0.5581395348837209,Medium,At Risk
14693.0,1,172.9,34,8,265,0,172.9,34.0,8.0,1.0,Low,Inactive
14696.0,7,2078.95,1630,117,4,368,296.99285714285713,232.85714285714286,16.714285714285715,0.5276381909547738,Very High,Active
14697.0,2,188.61,181,22,218,0,94.305,90.5,11.0,2.0,Low,Inactive
14698.0,5,1217.27,602,148,2,49,243.454,120.4,29.6,1.89873417721519,High,Active
14699.0,1,109.13000000000001,77,8,214,0,109.13000000000001,77.0,8.0,1.0,Low,Inactive
14700.0,3,2195.1,1314,80,32,206,731.6999999999999,438.0,26.666666666666668,0.38135593220338987,Very High,Recently Inactive
14701.0,9,2526.09,921,268,11,305,280.6766666666667,102.33333333333333,29.77777777777778,0.8059701492537313,Very High,Active
14702.0,17,3251.79,1439,196,1,364,191.28176470588235,84.6470588235294,11.529411764705882,1.2944162436548223,Very High,Active
14703.0,1,318.17,183,22,15,0,318.17,183.0,22.0,1.0,Medium,Active
14704.0,9,1491.6200000000001,1037,287,11,168,165.73555555555558,115.22222222222223,31.88888888888889,1.3636363636363638,High,Active
14705.0,1,179.0,100,1,199,0,179.0,100.0,1.0,1.0,Low,Inactive
14708.0,3,1126.3700000000001,621,25,3,365,375.4566666666667,207.0,8.333333333333334,0.2278481012658228,High,Active
14709.0,13,4921.04,2484,71,15,343,378.54153846153844,191.07692307692307,5.461538461538462,1.0455764075067024,Very High,Active
14710.0,4,599.48,375,124,14,45,149.87,93.75,31.0,1.6,Medium,Active
14711.0,11,2839.62,966,221,10,252,258.1472727272727,87.81818181818181,20.09090909090909,1.1702127659574468,Very High,Active
14712.0,3,917.07,315,21,29,82,305.69,105.0,7.0,0.8035714285714286,High,Active
14713.0,11,2662.2,1613,146,9,355,242.0181818181818,146.63636363636363,13.272727272727273,0.8571428571428571,Very High,Active
14714.0,1,160.19,229,10,24,0,160.19,229.0,10.0,1.0,Low,Active
14715.0,4,867.38,521,60,25,306,216.845,130.25,15.0,0.35714285714285715,High,Active
14716.0,2,307.51,495,46,43,105,153.755,247.5,23.0,0.4444444444444444,Medium,Recently Inactive
14719.0,5,1581.84,1025,177,2,247,316.368,205.0,35.4,0.5415162454873647,High,Active
14720.0,3,663.81,219,34,6,120,221.26999999999998,73.0,11.333333333333334,0.6,Medium,Active
14722.0,1,180.42,118,28,147,0,180.42,118.0,28.0,1.0,Low,At Risk
14723.0,6,1120.66,671,192,10,361,186.77666666666667,111.83333333333333,32.0,0.46035805626598464,High,Active
14725.0,1,655.58,588,45,25,0,655.58,588.0,45.0,1.0,Medium,Active
14727.0,1,268.58,62,10,274,0,268.58,62.0,10.0,1.0,Low,Inactive
14729.0,1,313.49,197,69,374,0,313.49,197.0,69.0,1.0,Medium,Inactive
14730.0,8,1897.57,1078,317,1,275,237.19625,134.75,39.625,0.7868852459016394,Very High,Active
14731.0,3,380.02,256,38,47,165,126.67333333333333,85.33333333333333,12.666666666666666,0.46153846153846156,Medium,Recently Inactive
14732.0,8,2702.4900000000002,1405,105,8,330,337.81125000000003,175.625,13.125,0.6666666666666666,Very High,Active
14733.0,12,9585.91,3764,102,16,351,798.8258333333333,313.6666666666667,8.5,0.9448818897637796,Very High,Active
14735.0,32,6065.6900000000005,2264,99,4,354,189.55281250000002,70.75,3.09375,2.5,Very High,Active
14737.0,3,1164.55,345,15,4,349,388.18333333333334,115.0,5.0,0.237467018469657,High,Active
14738.0,7,1314.45,601,39,43,273,187.77857142857144,85.85714285714286,5.571428571428571,0.6930693069306931,High,Recently Inactive
14739.0,7,3902.28,3820,47,4,363,557.4685714285714,545.7142857142857,6.714285714285714,0.5343511450381679,Very High,Active
14740.0,3,1448.21,735,85,197,86,482.7366666666667,245.0,28.333333333333332,0.7758620689655172,High,Inactive
14741.0,6,1400.3400000000001,841,35,12,361,233.39000000000001,140.16666666666666,5.833333333333333,0.46035805626598464,High,Active
14744.0,7,1099.98,627,21,16,350,157.14000000000001,89.57142857142857,3.0,0.5526315789473685,High,Active
14745.0,5,1220.26,1038,46,113,172,244.052,207.6,9.2,0.7425742574257426,High,At Risk
14747.0,1,328.2,84,18,249,0,328.2,84.0,18.0,1.0,Medium,Inactive
14748.0,5,1415.75,1223,87,29,339,283.15,244.6,17.4,0.4065040650406504,High,Active
14752.0,1,389.64000000000004,260,5,44,0,389.64000000000004,260.0,5.0,1.0,Medium,Recently Inactive
14753.0,1,563.15,211,30,87,0,563.15,211.0,30.0,1.0,Medium,Recently Inactive
14754.0,2,638.05,486,38,45,250,319.025,243.0,19.0,0.21428571428571427,Medium,Recently Inactive
14755.0,11,5010.28,2219,128,10,324,455.47999999999996,201.72727272727272,11.636363636363637,0.9322033898305084,Very High,Active
14756.0,1,738.96,416,38,15,0,738.96,416.0,38.0,1.0,High,Active
14757.0,1,420.5,160,19,75,0,420.5,160.0,19.0,1.0,Medium,Recently Inactive
14758.0,4,1484.06,419,54,145,114,371.015,104.75,13.5,0.8333333333333334,High,At Risk
14759.0,3,1625.97,569,92,5,228,541.99,189.66666666666666,30.666666666666668,0.3488372093023256,High,Active
14760.0,1,89.2,40,5,297,0,89.2,40.0,5.0,1.0,Low,Inactive
14761.0,2,255.9,118,11,59,276,127.95,59.0,5.5,0.19607843137254904,Low,Recently Inactive
14762.0,1,300.52,341,21,264,0,300.52,341.0,21.0,1.0,Low,Inactive
14764.0,1,278.3,190,6,47,0,278.3,190.0,6.0,1.0,Low,Recently Inactive
14765.0,3,254.11,135,38,29,147,84.70333333333333,45.0,12.666666666666666,0.5084745762711864,Low,Active
14766.0,6,2473.37,1349,111,8,358,412.2283333333333,224.83333333333334,18.5,0.4639175257731959,Very High,Active
14768.0,2,192.60000000000002,52,4,17,109,96.30000000000001,26.0,2.0,0.43165467625899284,Low,Active
14769.0,8,10415.33,7238,717,3,354,1301.91625,904.75,89.625,0.625,Very High,Active
14770.0,2,876.4200000000001,490,49,232,90,438.21000000000004,245.0,24.5,0.5,High,Inactive
14772.0,1,139.26,82,9,112,0,139.26,82.0,9.0,1.0,Low,At Risk
14775.0,3,1011.9,1174,57,58,313,337.3,391.3333333333333,19.0,0.26239067055393583,High,Recently Inactive
14776.0,11,2538.2999999999997,3134,44,51,261,230.75454545454542,284.90909090909093,4.0,1.1340206185567012,Very High,Recently Inactive
14778.0,2,730.86,306,34,127,181,365.43,153.0,17.0,0.2843601895734597,High,At Risk
14779.0,3,386.15,84,40,281,43,128.71666666666667,28.0,13.333333333333334,1.232876712328767,Medium,Inactive
14780.0,2,447.68,310,26,55,24,223.84,155.0,13.0,1.1111111111111112,Medium,Recently Inactive
14782.0,1,200.10000000000002,114,6,320,0,200.10000000000002,114.0,6.0,1.0,Low,Inactive
14784.0,2,289.99,237,15,26,297,144.995,118.5,7.5,0.18348623853211007,Low,Active
14785.0,2,77.4,84,2,10,4,38.7,42.0,1.0,1.7647058823529411,Low,Active
14788.0,2,679.44,421,26,7,19,339.72,210.5,13.0,1.2244897959183674,High,Active
14789.0,1,197.64,116,6,29,0,197.64,116.0,6.0,1.0,Low,Active
14790.0,4,745.06,699,30,17,236,186.265,174.75,7.5,0.45112781954887216,High,Active
14792.0,1,6.2,2,2,64,0,6.2,2.0,2.0,1.0,Low,Recently Inactive
14793.0,1,228.99,91,14,21,0,228.99,91.0,14.0,1.0,Low,Active
14794.0,7,1319.91,673,68,3,331,188.55857142857144,96.14285714285714,9.714285714285714,0.5817174515235457,High,Active
14795.0,1,131.45000000000002,17,6,166,0,131.45000000000002,17.0,6.0,1.0,Low,At Risk
14796.0,17,7973.93,5991,402,1,365,469.05470588235295,352.4117647058824,23.647058823529413,1.2911392405063291,Very High,Active
14798.0,3,173.74,150,11,53,257,57.913333333333334,50.0,3.6666666666666665,0.31358885017421606,Low,Recently Inactive
14799.0,1,157.7,146,13,51,0,157.7,146.0,13.0,1.0,Low,Recently Inactive
14800.0,12,4331.79,3644,246,48,322,360.9825,303.6666666666667,20.5,1.0227272727272727,Very High,Recently Inactive
14801.0,1,189.34,173,56,61,0,189.34,173.0,56.0,1.0,Low,Recently Inactive
14803.0,3,845.5500000000001,370,35,162,130,281.85,123.33333333333333,11.666666666666666,0.5625,High,At Risk
14804.0,1,353.27,121,12,9,0,353.27,121.0,12.0,1.0,Medium,Active
14805.0,4,546.4,114,30,15,298,136.6,28.5,7.5,0.36585365853658536,Medium,Active
14806.0,1,193.39000000000001,330,11,75,0,193.39000000000001,330.0,11.0,1.0,Low,Recently Inactive
14808.0,8,2718.6,2120,176,40,132,339.825,265.0,22.0,1.4814814814814814,Very High,Recently Inactive
14810.0,11,2085.33,1015,106,41,328,189.57545454545453,92.27272727272727,9.636363636363637,0.9217877094972067,Very High,Recently Inactive
14813.0,2,152.88,66,25,370,0,76.44,33.0,12.5,2.0,Low,Inactive
14815.0,2,778.5,744,53,37,31,389.25,372.0,26.5,0.9836065573770493,High,Recently Inactive
14816.0,1,271.85,5,4,197,0,271.85,5.0,4.0,1.0,Low,Inactive
14817.0,2,1110.34,655,52,200,76,555.17,327.5,26.0,0.5660377358490566,High,Inactive
14818.0,3,657.8,324,41,74,179,219.26666666666665,108.0,13.666666666666666,0.43062200956937796,Medium,Recently Inactive
14819.0,2,272.07,109,13,64,127,136.035,54.5,6.5,0.38216560509554137,Low,Recently Inactive
14820.0,4,507.29,253,24,21,152,126.8225,63.25,6.0,0.6593406593406593,Medium,Active
14821.0,1,48.800000000000004,20,2,367,0,48.800000000000004,20.0,2.0,1.0,Low,Inactive
14823.0,3,321.43,88,56,180,14,107.14333333333333,29.333333333333332,18.666666666666668,2.0454545454545454,Medium,At Risk
14824.0,4,1127.71,525,19,10,81,281.9275,131.25,4.75,1.081081081081081,High,Active
14825.0,12,2221.01,989,82,4,364,185.08416666666668,82.41666666666667,6.833333333333333,0.9137055837563453,Very High,Active
14828.0,3,2139.76,2172,17,197,140,713.2533333333334,724.0,5.666666666666667,0.5294117647058824,Very High,Inactive
14829.0,4,697.55,452,39,29,343,174.3875,113.0,9.75,0.32171581769436997,High,Active
14830.0,1,188.03,163,38,53,0,188.03,163.0,38.0,1.0,Low,Recently Inactive
14834.0,6,1720.3,734,43,18,222,286.71666666666664,122.33333333333333,7.166666666666667,0.7142857142857143,Very High,Active
14836.0,3,102.45,45,5,10,20,34.15,15.0,1.6666666666666667,1.8000000000000003,Low,Active
14837.0,4,1649.5,1436,96,90,111,412.375,359.0,24.0,0.851063829787234,High,Recently Inactive
14840.0,1,62.85,31,4,268,0,62.85,31.0,4.0,1.0,Low,Inactive
14841.0,6,3295.76,1778,103,53,305,549.2933333333334,296.3333333333333,17.166666666666668,0.5373134328358209,Very High,Recently Inactive
14842.0,4,2824.69,1166,128,44,264,706.1725,291.5,32.0,0.4081632653061224,Very High,Recently Inactive
14844.0,4,3189.81,1833,87,64,177,797.4525,458.25,21.75,0.5797101449275363,Very High,Recently Inactive
14847.0,1,309.40000000000003,120,13,149,0,309.40000000000003,120.0,13.0,1.0,Medium,At Risk
14849.0,25,7930.54,5694,159,22,351,317.2216,227.76,6.36,1.968503937007874,Very High,Active
14850.0,1,325.75,293,21,312,0,325.75,293.0,21.0,1.0,Medium,Inactive
14851.0,2,511.35,325,28,23,232,255.675,162.5,14.0,0.22900763358778622,Medium,Active
14852.0,6,2836.69,1747,96,58,193,472.7816666666667,291.1666666666667,16.0,0.8071748878923767,Very High,Recently Inactive
14853.0,2,475.8,82,8,24,187,237.9,41.0,4.0,0.2764976958525346,Medium,Active
14854.0,7,2740.03,1820,110,78,196,391.4328571428572,260.0,15.714285714285714,0.9292035398230089,Very High,Recently Inactive
14855.0,2,645.65,267,13,119,15,322.825,133.5,6.5,1.3333333333333333,Medium,At Risk
14856.0,3,1290.53,711,65,36,20,430.1766666666667,237.0,21.666666666666668,1.8000000000000003,High,Recently Inactive
14857.0,2,1173.1200000000001,464,58,60,88,586.5600000000001,232.0,29.0,0.5084745762711864,High,Recently Inactive
14859.0,4,1353.74,671,47,13,191,338.435,167.75,11.75,0.5429864253393666,High,Active
14860.0,1,170.32,232,11,19,0,170.32,232.0,11.0,1.0,Low,Active
14861.0,1,125.79,117,6,52,0,125.79,117.0,6.0,1.0,Low,Recently Inactive
14862.0,2,841.2,772,47,26,122,420.6,386.0,23.5,0.39473684210526316,High,Active
14863.0,1,266.76,132,11,29,0,266.76,132.0,11.0,1.0,Low,Active
14865.0,2,52.2,108,4,7,364,26.1,54.0,2.0,0.15228426395939088,Low,Active
14866.0,12,14389.9,6752,30,11,355,1199.1583333333333,562.6666666666666,2.5,0.935064935064935,Very High,Active
14867.0,3,710.28,328,31,186,150,236.76,109.33333333333333,10.333333333333334,0.5,High,Inactive
14868.0,8,2953.59,1405,96,3,230,369.19875,175.625,12.0,0.9230769230769229,Very High,Active
14869.0,2,721.45,549,66,9,94,360.725,274.5,33.0,0.48387096774193555,High,Active
14870.0,1,327.25,119,13,262,0,327.25,119.0,13.0,1.0,Medium,Inactive
14871.0,4,501.28000000000003,179,68,3,357,125.32000000000001,44.75,17.0,0.31007751937984496,Medium,Active
14873.0,1,519.68,168,28,210,0,519.68,168.0,28.0,1.0,Medium,Inactive
14875.0,2,1465.32,558,46,108,155,732.66,279.0,23.0,0.3243243243243243,High,At Risk
14878.0,9,1476.09,799,62,13,345,164.01,88.77777777777777,6.888888888888889,0.72,High,Active
14880.0,3,690.59,365,45,77,211,230.1966666666667,121.66666666666667,15.0,0.37344398340248963,High,Recently Inactive
14881.0,1,255.4,316,17,20,0,255.4,316.0,17.0,1.0,Low,Active
14882.0,2,589.7,158,6,27,7,294.85,79.0,3.0,1.6216216216216215,Medium,Active
14883.0,6,761.59,790,39,19,193,126.93166666666667,131.66666666666666,6.5,0.8071748878923767,High,Active
14885.0,1,765.3199999999999,724,15,132,0,765.3199999999999,724.0,15.0,1.0,High,At Risk
14886.0,1,364.8,160,18,253,0,364.8,160.0,18.0,1.0,Medium,Inactive
14887.0,1,1862.0,1100,6,79,0,1862.0,1100.0,6.0,1.0,Very High,Recently Inactive
14888.0,1,369.2,184,20,207,0,369.2,184.0,20.0,1.0,Medium,Inactive
14889.0,1,135.9,90,10,336,0,135.9,90.0,10.0,1.0,Low,Inactive
14890.0,1,125.65,51,7,254,0,125.65,51.0,7.0,1.0,Low,Inactive
14891.0,2,554.38,505,30,148,39,277.19,252.5,15.0,0.8695652173913044,Medium,At Risk
14893.0,2,1237.8500000000001,799,72,10,2,618.9250000000001,399.5,36.0,1.875,High,Active
14894.0,1,655.75,265,23,85,0,655.75,265.0,23.0,1.0,Medium,Recently Inactive
14895.0,20,11138.710000000001,4851,273,8,282,556.9355,242.55,13.65,1.923076923076923,Very High,Active
14896.0,2,468.77000000000004,279,43,205,160,234.38500000000002,139.5,21.5,0.31578947368421056,Medium,Inactive
14897.0,4,1366.38,468,43,8,289,341.595,117.0,10.75,0.3761755485893417,High,Active
14898.0,6,1269.31,1001,86,23,347,211.55166666666665,166.83333333333334,14.333333333333334,0.4774535809018568,High,Active
14901.0,9,1421.29,661,73,11,361,157.92111111111112,73.44444444444444,8.11111111111111,0.690537084398977,High,Active
14902.0,1,332.66,218,20,26,0,332.66,218.0,20.0,1.0,Medium,Active
14903.0,5,2795.33,1531,227,21,257,559.066,306.2,45.4,0.5226480836236934,Very High,Active
14904.0,2,1025.44,1985,66,2,23,512.72,992.5,33.0,1.1320754716981132,High,Active
14905.0,2,616.15,287,14,158,76,308.075,143.5,7.0,0.5660377358490566,Medium,At Risk
14907.0,7,3501.1,1691,125,3,364,500.15714285714284,241.57142857142858,17.857142857142858,0.5329949238578681,Very High,Active
14908.0,1,277.8,132,9,74,0,277.8,132.0,9.0,1.0,Low,Recently Inactive
14910.0,4,434.35,238,25,3,51,108.5875,59.5,6.25,1.4814814814814814,Medium,Active
14911.0,199,140336.83,80238,1786,1,372,705.210201005025,403.20603015075375,8.974874371859297,14.850746268656716,Very High,Active
14912.0,2,867.85,971,21,17,229,433.925,485.5,10.5,0.23166023166023167,High,Active
14913.0,4,1227.43,1743,76,36,323,306.8575,435.75,19.0,0.3399433427762039,High,Recently Inactive
14915.0,2,307.48,112,12,91,186,153.74,56.0,6.0,0.2777777777777778,Medium,At Risk
14916.0,4,1268.98,1136,72,71,253,317.245,284.0,18.0,0.42402826855123676,High,Recently Inactive
14918.0,2,1610.15,675,39,116,38,805.075,337.5,19.5,0.8823529411764706,High,At Risk
14920.0,2,977.77,509,57,213,0,488.885,254.5,28.5,2.0,High,Inactive
14921.0,2,1316.07,953,78,30,171,658.035,476.5,39.0,0.29850746268656714,High,Active
14923.0,1,749.1,418,44,51,0,749.1,418.0,44.0,1.0,High,Recently Inactive
14924.0,1,310.05,64,10,246,0,310.05,64.0,10.0,1.0,Medium,Inactive
14929.0,1,223.88,136,11,32,0,223.88,136.0,11.0,1.0,Low,Recently Inactive
14930.0,3,2362.96,1160,116,109,165,787.6533333333333,386.6666666666667,38.666666666666664,0.46153846153846156,Very High,At Risk
14931.0,4,964.6800000000001,416,29,5,236,241.17000000000002,104.0,7.25,0.45112781954887216,High,Active
14932.0,1,363.53,80,17,366,0,363.53,80.0,17.0,1.0,Medium,Inactive
14934.0,2,1890.94,1042,68,82,200,945.47,521.0,34.0,0.2608695652173913,Very High,Recently Inactive
14935.0,1,1784.71,935,10,297,0,1784.71,935.0,10.0,1.0,Very High,Inactive
14936.0,8,8137.02,4085,210,34,241,1017.1275,510.625,26.25,0.8856088560885609,Very High,Recently Inactive
14937.0,3,1621.88,484,33,57,73,540.6266666666667,161.33333333333334,11.0,0.8737864077669903,High,Recently Inactive
14944.0,12,5900.25,2815,101,30,266,491.6875,234.58333333333334,8.416666666666666,1.2162162162162162,Very High,Active
14946.0,1,100.9,22,3,14,0,100.9,22.0,3.0,1.0,Low,Active
14947.0,2,290.82,179,14,72,58,145.41,89.5,7.0,0.6818181818181818,Low,Recently Inactive
14948.0,6,1101.97,673,56,23,196,183.66166666666666,112.16666666666667,9.333333333333334,0.7964601769911505,High,Active
14950.0,1,371.2,136,19,19,0,371.2,136.0,19.0,1.0,Medium,Active
14951.0,1,311.69,311,20,79,0,311.69,311.0,20.0,1.0,Medium,Recently Inactive
14952.0,11,8099.49,3355,117,60,304,736.3172727272727,305.0,10.636363636363637,0.9880239520958084,Very High,Recently Inactive
14953.0,1,285.67,224,54,25,0,285.67,224.0,54.0,1.0,Low,Active
14954.0,1,294.85,117,75,12,0,294.85,117.0,75.0,1.0,Low,Active
14957.0,1,58.49,34,12,253,0,58.49,34.0,12.0,1.0,Low,Inactive
14958.0,3,483.73,128,33,147,98,161.24333333333334,42.666666666666664,11.0,0.703125,Medium,At Risk
14959.0,4,695.42,494,37,64,232,173.855,123.5,9.25,0.45801526717557245,High,Recently Inactive
14960.0,2,221.27,221,23,8,162,110.635,110.5,11.5,0.3125,Low,Active
14961.0,9,7044.68,3708,193,11,349,782.7422222222223,412.0,21.444444444444443,0.712401055408971,Very High,Active
14962.0,1,126.7,44,5,271,0,126.7,44.0,5.0,1.0,Low,Inactive
14963.0,5,1472.34,1159,149,10,173,294.46799999999996,231.8,29.8,0.7389162561576355,High,Active
14964.0,1,206.21,143,13,247,0,206.21,143.0,13.0,1.0,Low,Inactive
14965.0,2,596.09,363,80,96,0,298.045,181.5,40.0,2.0,Medium,At Risk
14966.0,1,183.02,179,35,15,0,183.02,179.0,35.0,1.0,Low,Active
14967.0,1,463.8,140,6,50,0,463.8,140.0,6.0,1.0,Medium,Recently Inactive
14968.0,1,147.59,127,37,30,0,147.59,127.0,37.0,1.0,Low,Active
14970.0,4,1592.06,250,24,68,248,398.015,62.5,6.0,0.4316546762589928,High,Recently Inactive
14971.0,3,1097.98,639,144,35,8,365.99333333333334,213.0,48.0,2.368421052631579,High,Recently Inactive
14972.0,1,114.77,28,18,128,0,114.77,28.0,18.0,1.0,Low,At Risk
14973.0,3,1314.45,369,29,107,118,438.15000000000003,123.0,9.666666666666666,0.6081081081081081,High,At Risk
14974.0,1,89.94,37,17,37,0,89.94,37.0,17.0,1.0,Low,Recently Inactive
14975.0,1,279.94,380,11,57,0,279.94,380.0,11.0,1.0,Low,Recently Inactive
14976.0,7,789.86,233,46,57,269,112.83714285714287,33.285714285714285,6.571428571428571,0.7023411371237458,High,Recently Inactive
14978.0,5,1921.3700000000001,523,136,72,258,384.274,104.6,27.2,0.5208333333333334,Very High,Recently Inactive
14981.0,1,102.12,97,8,246,0,102.12,97.0,8.0,1.0,Low,Inactive
14984.0,2,202.37,58,37,19,161,101.185,29.0,18.5,0.31413612565445026,Low,Active
14985.0,2,292.01,256,78,198,159,146.005,128.0,39.0,0.31746031746031744,Low,Inactive
14987.0,2,326.4,128,2,16,349,163.2,64.0,1.0,0.158311345646438,Medium,Active
14988.0,1,334.54,141,40,212,0,334.54,141.0,40.0,1.0,Medium,Inactive
14995.0,2,231.98000000000002,102,53,39,241,115.99000000000001,51.0,26.5,0.22140221402214022,Low,Recently Inactive
14997.0,3,546.1999999999999,1120,25,46,131,182.06666666666663,373.3333333333333,8.333333333333334,0.5590062111801243,Medium,Recently Inactive
14998.0,2,414.87,258,70,170,71,207.435,129.0,35.0,0.594059405940594,Medium,At Risk
15000.0,1,490.52,218,76,48,0,490.52,218.0,76.0,1.0,Medium,Recently Inactive
15002.0,4,1641.76,862,93,116,251,410.44,215.5,23.25,0.4270462633451957,High,At Risk
15004.0,1,1220.38,622,153,147,0,1220.38,622.0,153.0,1.0,High,At Risk
15005.0,28,6293.67,4228,359,16,350,224.77392857142857,151.0,12.821428571428571,2.210526315789474,Very High,Active
15006.0,1,475.43,285,120,51,0,475.43,285.0,120.0,1.0,Medium,Recently Inactive
15007.0,1,156.91,69,12,159,0,156.91,69.0,12.0,1.0,Low,At Risk
15009.0,3,1259.43,639,148,12,12,419.81,213.0,49.333333333333336,2.142857142857143,High,Active
15010.0,1,308.94,184,20,36,0,308.94,184.0,20.0,1.0,Medium,Recently Inactive
15012.0,2,405.04,225,110,54,319,202.52,112.5,55.0,0.17191977077363899,Medium,Recently Inactive
15014.0,2,257.67,149,29,43,133,128.835,74.5,14.5,0.36809815950920244,Low,Recently Inactive
15016.0,1,170.04,76,20,173,0,170.04,76.0,20.0,1.0,Low,At Risk
15017.0,1,125.58,63,20,34,0,125.58,63.0,20.0,1.0,Low,Recently Inactive
15018.0,3,496.21,189,30,39,329,165.40333333333334,63.0,10.0,0.25069637883008355,Medium,Recently Inactive
15019.0,1,252.81,150,64,267,0,252.81,150.0,64.0,1.0,Low,Inactive
15021.0,9,1871.77,819,287,9,357,207.97444444444443,91.0,31.88888888888889,0.6976744186046512,Very High,Active
15022.0,4,852.39,527,96,12,35,213.0975,131.75,24.0,1.8461538461538458,High,Active
15023.0,11,6701.51,2818,346,3,366,609.2281818181818,256.1818181818182,31.454545454545453,0.8333333333333334,Very High,Active
15024.0,10,1636.43,902,105,10,357,163.643,90.2,10.5,0.7751937984496123,High,Active
15025.0,1,361.96,184,66,33,0,361.96,184.0,66.0,1.0,Medium,Recently Inactive
15026.0,3,464.2,225,56,80,197,154.73333333333332,75.0,18.666666666666668,0.39647577092511016,Medium,Recently Inactive
15027.0,4,1066.15,565,30,31,207,266.5375,141.25,7.5,0.5063291139240506,High,Recently Inactive
15028.0,4,627.13,459,35,8,360,156.7825,114.75,8.75,0.3076923076923077,Medium,Active
15030.0,2,518.28,372,7,72,196,259.14,186.0,3.5,0.26548672566371684,Medium,Recently Inactive
15031.0,4,653.19,400,74,4,277,163.2975,100.0,18.5,0.39087947882736157,Medium,Active
15032.0,3,4959.1,2968,29,256,110,1653.0333333333335,989.3333333333334,9.666666666666666,0.6428571428571429,Very High,Inactive
15033.0,10,2553.88,1670,314,5,324,255.388,167.0,31.4,0.847457627118644,Very High,Active
15034.0,8,4274.16,2413,299,16,338,534.27,301.625,37.375,0.6521739130434783,Very High,Active
15035.0,1,252.73000000000002,245,26,90,0,252.73000000000002,245.0,26.0,1.0,Low,Recently Inactive
15036.0,3,429.56,316,107,72,107,143.18666666666667,105.33333333333333,35.666666666666664,0.6569343065693432,Medium,Recently Inactive
15038.0,6,685.74,212,105,59,311,114.29,35.333333333333336,17.5,0.5278592375366569,High,Recently Inactive
15039.0,47,19766.59,9131,408,10,359,420.5657446808511,194.27659574468086,8.680851063829786,3.6246786632390746,Very High,Active
15041.0,1,179.93,103,66,170,0,179.93,103.0,66.0,1.0,Low,At Risk
15042.0,1,135.93,30,5,199,0,135.93,30.0,5.0,1.0,Low,Inactive
15043.0,1,537.0,300,3,31,0,537.0,300.0,3.0,1.0,Medium,Recently Inactive
15044.0,17,7634.7300000000005,2785,233,19,342,449.1017647058824,163.8235294117647,13.705882352941176,1.3709677419354838,Very High,Active
15045.0,2,735.66,114,11,152,105,367.83,57.0,5.5,0.4444444444444444,High,At Risk
15046.0,15,5071.47,3371,146,9,329,338.098,224.73333333333332,9.733333333333333,1.2534818941504178,Very High,Active
15047.0,1,343.62,222,22,270,0,343.62,222.0,22.0,1.0,Medium,Inactive
15048.0,4,381.0,192,86,65,303,95.25,48.0,21.5,0.3603603603603604,Medium,Recently Inactive
15049.0,1,121.17000000000002,63,3,274,0,121.17000000000002,63.0,3.0,1.0,Low,Inactive
15050.0,3,1737.69,1216,68,25,46,579.23,405.3333333333333,22.666666666666668,1.1842105263157896,Very High,Active
15051.0,3,1383.36,1010,130,23,127,461.11999999999995,336.6666666666667,43.333333333333336,0.5732484076433121,High,Active
15052.0,1,207.73000000000002,79,27,319,0,207.73000000000002,79.0,27.0,1.0,Low,Inactive
15053.0,3,693.95,984,49,5,277,231.3166666666667,328.0,16.333333333333332,0.2931596091205212,High,Active
15054.0,2,302.1,198,105,12,28,151.05,99.0,52.5,1.0344827586206897,Low,Active
15057.0,2,1489.5,668,25,275,40,744.75,334.0,12.5,0.8571428571428572,High,Inactive
15058.0,11,2102.54,1054,199,25,286,191.14,95.81818181818181,18.09090909090909,1.0443037974683544,Very High,Active
15059.0,9,1337.72,604,161,41,293,148.63555555555556,67.11111111111111,17.88888888888889,0.8359133126934983,High,Recently Inactive
15060.0,4,293.0,256,80,8,0,73.25,64.0,20.0,4.0,Low,Active
15061.0,48,54534.14,28920,70,4,368,1136.1279166666666,602.5,1.4583333333333333,3.618090452261306,Very High,Active
15062.0,4,987.86,763,47,71,288,246.965,190.75,11.75,0.37735849056603776,High,Recently Inactive
15063.0,1,370.79999999999995,56,5,213,0,370.79999999999995,56.0,5.0,1.0,Medium,Inactive
15065.0,4,3158.13,1383,148,38,253,789.5325,345.75,37.0,0.42402826855123676,Very High,Recently Inactive
15066.0,1,893.59,317,42,53,0,893.59,317.0,42.0,1.0,High,Recently Inactive
15067.0,3,1744.76,954,82,78,204,581.5866666666667,318.0,27.333333333333332,0.38461538461538464,Very High,Recently Inactive
15068.0,2,553.36,364,96,46,210,276.68,182.0,48.0,0.25,Medium,Recently Inactive
15069.0,1,1109.53,520,70,179,0,1109.53,520.0,70.0,1.0,High,At Risk
15070.0,1,106.2,36,1,373,0,106.2,36.0,1.0,1.0,Low,Inactive
15071.0,2,982.07,269,25,94,182,491.035,134.5,12.5,0.2830188679245283,High,At Risk
15073.0,3,1043.41,491,31,10,177,347.80333333333334,163.66666666666666,10.333333333333334,0.43478260869565216,High,Active
15074.0,1,735.67,431,41,105,0,735.67,431.0,41.0,1.0,High,At Risk
15075.0,1,773.03,447,27,78,0,773.03,447.0,27.0,1.0,High,Recently Inactive
15076.0,1,880.85,571,49,173,0,880.85,571.0,49.0,1.0,High,At Risk
15078.0,32,9743.11,5105,97,7,361,304.4721875,159.53125,3.03125,2.455242966751918,Very High,Active
15079.0,4,895.61,389,46,213,153,223.9025,97.25,11.5,0.6557377049180328,High,Inactive
15081.0,5,504.8,190,26,22,345,100.96000000000001,38.0,5.2,0.4,Medium,Active
15083.0,1,88.2,38,5,257,0,88.2,38.0,5.0,1.0,Low,Inactive
15087.0,1,306.94,470,15,282,0,306.94,470.0,15.0,1.0,Medium,Inactive
15088.0,2,1160.07,460,53,21,45,580.035,230.0,26.5,0.8,High,Active
15089.0,6,2420.84,1359,139,10,118,403.47333333333336,226.5,23.166666666666668,1.2162162162162162,Very High,Active
15090.0,1,381.32,208,23,308,0,381.32,208.0,23.0,1.0,Medium,Inactive
15091.0,1,480.71,346,30,68,0,480.71,346.0,30.0,1.0,Medium,Recently Inactive
15092.0,2,457.81,135,23,215,68,228.905,67.5,11.5,0.6122448979591837,Medium,Inactive
15093.0,6,4597.02,3760,52,18,353,766.1700000000001,626.6666666666666,8.666666666666666,0.46997389033942555,Very High,Active
15095.0,4,1370.6000000000001,1079,30,104,99,342.65000000000003,269.75,7.5,0.9302325581395349,High,At Risk
15096.0,1,219.39000000000001,120,11,43,0,219.39000000000001,120.0,11.0,1.0,Low,Recently Inactive
15097.0,1,248.08,170,25,4,0,248.08,170.0,25.0,1.0,Low,Active
15098.0,3,39916.5,121,1,182,0,13305.5,40.333333333333336,0.3333333333333333,3.0,Very High,Inactive
15099.0,1,410.48,343,23,84,0,410.48,343.0,23.0,1.0,Medium,Recently Inactive
15100.0,3,876.0,80,1,334,40,292.0,26.666666666666668,0.3333333333333333,1.2857142857142858,High,Inactive
15101.0,2,317.53000000000003,241,8,9,350,158.76500000000001,120.5,4.0,0.15789473684210528,Medium,Active
15103.0,2,703.36,329,35,31,55,351.68,164.5,17.5,0.7058823529411765,High,Recently Inactive
15104.0,2,993.54,635,66,197,85,496.77,317.5,33.0,0.5217391304347826,High,Inactive
15105.0,7,2298.93,1211,90,18,116,328.4185714285714,173.0,12.857142857142858,1.4383561643835614,Very High,Active
15106.0,5,1422.52,1181,90,18,251,284.504,236.2,18.0,0.5338078291814946,High,Active
15107.0,6,319.5,169,12,311,61,53.25,28.166666666666668,2.0,1.978021978021978,Medium,Inactive
15108.0,4,1300.25,499,50,142,85,325.0625,124.75,12.5,1.0434782608695652,High,At Risk
15109.0,1,484.95,131,28,246,0,484.95,131.0,28.0,1.0,Medium,Inactive
15110.0,4,996.1,246,17,24,294,249.025,61.5,4.25,0.37037037037037035,High,Active
15111.0,3,1567.48,710,70,29,343,522.4933333333333,236.66666666666666,23.333333333333332,0.24128686327077747,High,Active
15113.0,3,3509.04,2343,76,10,44,1169.68,781.0,25.333333333333332,1.2162162162162162,Very High,Active
15114.0,10,2760.56,3096,136,30,271,276.056,309.6,13.6,0.9966777408637874,Very High,Active
15115.0,1,340.11,157,21,18,0,340.11,157.0,21.0,1.0,Medium,Active
15116.0,4,1352.75,648,37,18,187,338.1875,162.0,9.25,0.5529953917050692,High,Active
15117.0,5,1551.78,1948,63,15,200,310.356,389.6,12.6,0.6521739130434783,High,Active
15118.0,1,244.8,1440,1,134,0,244.8,1440.0,1.0,1.0,Low,At Risk
15119.0,1,266.4,88,14,246,0,266.4,88.0,14.0,1.0,Low,Inactive
15120.0,1,358.82,296,21,134,0,358.82,296.0,21.0,1.0,Medium,At Risk
15121.0,2,457.72,199,28,50,238,228.86,99.5,14.0,0.22388059701492538,Medium,Recently Inactive
15122.0,3,1633.78,800,65,114,183,544.5933333333334,266.6666666666667,21.666666666666668,0.4225352112676057,High,At Risk
15123.0,2,2199.31,1195,93,7,198,1099.655,597.5,46.5,0.2631578947368421,Very High,Active
15124.0,2,184.19,233,14,23,169,92.095,116.5,7.0,0.3015075376884422,Low,Active
15125.0,15,11528.48,6193,102,25,245,768.5653333333333,412.8666666666667,6.8,1.6363636363636365,Very High,Active
15127.0,1,406.53000000000003,251,16,66,0,406.53000000000003,251.0,16.0,1.0,Medium,Recently Inactive
15128.0,4,1471.0,1343,74,60,159,367.75,335.75,18.5,0.6349206349206349,High,Recently Inactive
15129.0,11,3447.4,1794,54,50,241,313.40000000000003,163.0909090909091,4.909090909090909,1.2177121771217712,Very High,Recently Inactive
15130.0,1,330.11,197,22,170,0,330.11,197.0,22.0,1.0,Medium,At Risk
15132.0,5,977.9300000000001,679,49,18,244,195.586,135.8,9.8,0.5474452554744526,High,Active
15133.0,3,982.42,680,27,128,174,327.4733333333333,226.66666666666666,9.0,0.4411764705882353,High,At Risk
15134.0,8,1387.99,887,44,15,225,173.49875,110.875,5.5,0.9411764705882353,High,Active
15135.0,1,139.05,43,9,239,0,139.05,43.0,9.0,1.0,Low,Inactive
15136.0,4,1286.7,776,61,3,93,321.675,194.0,15.25,0.9756097560975611,High,Active
15139.0,2,178.96,208,13,240,96,89.48,104.0,6.5,0.47619047619047616,Low,Inactive
15140.0,7,2354.25,1572,74,52,211,336.32142857142856,224.57142857142858,10.571428571428571,0.8713692946058091,Very High,Recently Inactive
15142.0,1,498.74,365,26,46,0,498.74,365.0,26.0,1.0,Medium,Recently Inactive
15143.0,1,259.45,150,14,226,0,259.45,150.0,14.0,1.0,Low,Inactive
15144.0,17,6580.4400000000005,3050,132,8,304,387.084705882353,179.41176470588235,7.764705882352941,1.5269461077844313,Very High,Active
15145.0,4,1194.73,756,54,4,244,298.6825,189.0,13.5,0.43795620437956206,High,Active
15146.0,2,1327.16,1473,90,165,126,663.58,736.5,45.0,0.3846153846153846,High,At Risk
15147.0,1,623.5,366,28,240,0,623.5,366.0,28.0,1.0,Medium,Inactive
15148.0,1,301.29,187,20,11,0,301.29,187.0,20.0,1.0,Low,Active
15149.0,1,520.8000000000001,128,23,134,0,520.8000000000001,128.0,23.0,1.0,Medium,At Risk
15150.0,10,5291.33,3642,282,17,251,529.133,364.2,28.2,1.0676156583629892,Very High,Active
15152.0,13,4745.69,2704,196,10,177,365.0530769230769,208.0,15.076923076923077,1.8840579710144927,Very High,Active
15153.0,1,329.25,198,22,31,0,329.25,198.0,22.0,1.0,Medium,Recently Inactive
15154.0,1,254.28,89,66,75,0,254.28,89.0,66.0,1.0,Low,Recently Inactive
15156.0,3,961.49,597,51,1,32,320.49666666666667,199.0,17.0,1.4516129032258067,High,Active
15157.0,3,1936.07,2392,125,4,354,645.3566666666667,797.3333333333334,41.666666666666664,0.234375,Very High,Active
15158.0,1,401.40000000000003,198,7,45,0,401.40000000000003,198.0,7.0,1.0,Medium,Recently Inactive
15159.0,30,18641.010000000002,11441,363,2,359,621.3670000000001,381.3666666666667,12.1,2.313624678663239,Very High,Active
15160.0,1,158.16,84,4,357,0,158.16,84.0,4.0,1.0,Low,Inactive
15163.0,2,304.47,186,29,18,173,152.235,93.0,14.5,0.2955665024630542,Low,Active
15164.0,3,824.58,351,79,69,270,274.86,117.0,26.333333333333332,0.3,High,Recently Inactive
15165.0,1,487.75,160,27,373,0,487.75,160.0,27.0,1.0,Medium,Inactive
15167.0,1,158.8,65,39,321,0,158.8,65.0,39.0,1.0,Low,Inactive
15168.0,1,106.56,52,5,26,0,106.56,52.0,5.0,1.0,Low,Active
15171.0,1,1289.5,290,5,331,0,1289.5,290.0,5.0,1.0,High,Inactive
15172.0,5,1624.05,1611,106,9,227,324.81,322.2,21.2,0.5836575875486382,High,Active
15174.0,1,135.75,145,11,323,0,135.75,145.0,11.0,1.0,Low,Inactive
15175.0,1,224.14,454,23,72,0,224.14,454.0,23.0,1.0,Low,Recently Inactive
15178.0,1,40.5,30,3,260,0,40.5,30.0,3.0,1.0,Low,Inactive
15179.0,5,2206.9500000000003,1938,91,18,300,441.39000000000004,387.6,18.2,0.45454545454545453,Very High,Active
15180.0,1,87.5,36,6,367,0,87.5,36.0,6.0,1.0,Low,Inactive
15181.0,3,689.48,544,11,66,203,229.82666666666668,181.33333333333334,3.6666666666666665,0.38626609442060084,High,Recently Inactive
15182.0,2,622.85,253,24,154,114,311.425,126.5,12.0,0.4166666666666667,Medium,At Risk
15184.0,2,402.2,199,59,29,161,201.1,99.5,29.5,0.31413612565445026,Medium,Active
15185.0,1,310.62,666,21,70,0,310.62,666.0,21.0,1.0,Medium,Recently Inactive
15186.0,2,411.41,215,17,14,154,205.705,107.5,8.5,0.32608695652173914,Medium,Active
15187.0,16,4777.18,1887,61,2,210,298.57375,117.9375,3.8125,2.0,Very High,Active
15189.0,41,16225.39,6149,80,1,331,395.74121951219513,149.97560975609755,1.951219512195122,3.407202216066482,Very High,Active
15192.0,3,1044.32,918,36,120,245,348.1066666666666,306.0,12.0,0.32727272727272727,High,At Risk
15193.0,1,499.32,144,19,61,0,499.32,144.0,19.0,1.0,Medium,Recently Inactive
15194.0,15,7616.53,5703,209,3,365,507.76866666666666,380.2,13.933333333333334,1.139240506329114,Very High,Active
15195.0,1,3861.0,1404,1,3,0,3861.0,1404.0,1.0,1.0,Very High,Active
15197.0,3,1079.61,469,30,11,347,359.86999999999995,156.33333333333334,10.0,0.2387267904509284,High,Active
15198.0,2,193.64,120,10,92,31,96.82,60.0,5.0,0.9836065573770493,Low,At Risk
15199.0,4,1268.7,396,5,59,249,317.175,99.0,1.25,0.4301075268817204,High,Recently Inactive
15201.0,5,1236.54,1210,35,87,160,247.308,242.0,7.0,0.7894736842105263,High,Recently Inactive
15203.0,6,1827.8,1753,82,26,285,304.6333333333333,292.1666666666667,13.666666666666666,0.5714285714285714,Very High,Active
15204.0,1,316.58,258,9,357,0,316.58,258.0,9.0,1.0,Medium,Inactive
15205.0,2,653.24,378,37,85,42,326.62,189.0,18.5,0.8333333333333334,Medium,Recently Inactive
15206.0,4,420.3,162,3,10,265,105.075,40.5,0.75,0.4067796610169491,Medium,Active
15208.0,5,870.12,316,25,1,352,174.024,63.2,5.0,0.39267015706806285,High,Active
15210.0,1,331.18,228,20,225,0,331.18,228.0,20.0,1.0,Medium,Inactive
15211.0,2,894.4100000000001,240,52,60,304,447.20500000000004,120.0,26.0,0.17964071856287425,High,Recently Inactive
15212.0,1,101.8,36,5,241,0,101.8,36.0,5.0,1.0,Low,Inactive
15213.0,2,328.35,272,22,319,11,164.175,136.0,11.0,1.4634146341463414,Medium,Inactive
15214.0,8,1661.44,1254,109,2,241,207.68,156.75,13.625,0.8856088560885609,Very High,Active
15215.0,3,734.94,225,33,47,49,244.98000000000002,75.0,11.0,1.139240506329114,High,Recently Inactive
15216.0,1,96.6,28,2,88,0,96.6,28.0,2.0,1.0,Low,Recently Inactive
15218.0,11,5756.89,3329,77,11,308,523.3536363636364,302.6363636363636,7.0,0.9763313609467454,Very High,Active
15219.0,1,305.75,45,9,176,0,305.75,45.0,9.0,1.0,Low,At Risk
15220.0,6,1778.96,1393,110,52,229,296.49333333333334,232.16666666666666,18.333333333333332,0.694980694980695,Very High,Recently Inactive
15221.0,1,403.25,43,5,366,0,403.25,43.0,5.0,1.0,Medium,Inactive
15222.0,1,585.0,440,5,319,0,585.0,440.0,5.0,1.0,Medium,Inactive
15223.0,2,755.75,213,14,226,23,377.875,106.5,7.0,1.1320754716981132,High,Inactive
15224.0,2,322.08,152,13,358,4,161.04,76.0,6.5,1.7647058823529411,Medium,Inactive
15225.0,1,409.40000000000003,226,23,234,0,409.40000000000003,226.0,23.0,1.0,Medium,Inactive
15226.0,1,154.41,71,8,311,0,154.41,71.0,8.0,1.0,Low,Inactive
15227.0,5,1219.4,750,43,37,280,243.88000000000002,150.0,8.6,0.48387096774193544,High,Recently Inactive
15228.0,4,3386.71,2255,110,66,228,846.6775,563.75,27.5,0.46511627906976744,Very High,Recently Inactive
15230.0,2,429.6,351,23,239,1,214.8,175.5,11.5,1.9354838709677418,Medium,Inactive
15232.0,2,612.06,686,26,113,27,306.03,343.0,13.0,1.0526315789473684,Medium,At Risk
15234.0,1,197.0,196,14,277,0,197.0,196.0,14.0,1.0,Low,Inactive
15235.0,12,2247.51,1324,132,218,155,187.29250000000002,110.33333333333333,11.0,1.9459459459459458,Very High,Inactive
15236.0,1,321.05,269,15,299,0,321.05,269.0,15.0,1.0,Medium,Inactive
15237.0,4,1412.32,1071,94,2,225,353.08,267.75,23.5,0.47058823529411764,High,Active
15238.0,3,1071.99,692,49,29,154,357.33,230.66666666666666,16.333333333333332,0.48913043478260865,High,Active
15239.0,2,780.59,594,48,10,68,390.295,297.0,24.0,0.6122448979591837,High,Active
15240.0,5,1706.57,1369,58,45,267,341.31399999999996,273.8,11.6,0.5050505050505051,Very High,Recently Inactive
15241.0,8,1756.44,1818,82,67,216,219.555,227.25,10.25,0.9756097560975611,Very High,Recently Inactive
15243.0,1,316.68,185,22,74,0,316.68,185.0,22.0,1.0,Medium,Recently Inactive
15244.0,2,631.57,405,31,65,182,315.785,202.5,15.5,0.2830188679245283,Medium,Recently Inactive
15245.0,3,2515.84,1784,55,134,127,838.6133333333333,594.6666666666666,18.333333333333332,0.5732484076433121,Very High,At Risk
15246.0,2,514.15,247,32,238,120,257.075,123.5,16.0,0.4,Medium,Inactive
15247.0,1,356.0,160,6,122,0,356.0,160.0,6.0,1.0,Medium,At Risk
15249.0,13,6688.46,3577,211,32,224,514.496923076923,275.15384615384613,16.23076923076923,1.5354330708661417,Very High,Recently Inactive
15251.0,11,10484.99,6171,97,9,232,953.180909090909,561.0,8.818181818181818,1.2595419847328242,Very High,Active
15252.0,2,740.78,522,44,36,146,370.39,261.0,22.0,0.34090909090909094,High,Recently Inactive
15253.0,5,918.2,866,52,16,153,183.64000000000001,173.2,10.4,0.819672131147541,High,Active
15254.0,1,300.36,275,18,127,0,300.36,275.0,18.0,1.0,Low,At Risk
15255.0,1,890.85,489,47,67,0,890.85,489.0,47.0,1.0,High,Recently Inactive
15256.0,1,98.45,55,6,149,0,98.45,55.0,6.0,1.0,Low,At Risk
15257.0,1,317.15,46,7,283,0,317.15,46.0,7.0,1.0,Medium,Inactive
15258.0,2,623.16,142,32,169,48,311.58,71.0,16.0,0.7692307692307692,Medium,At Risk
15260.0,7,1810.77,885,62,100,272,258.68142857142857,126.42857142857143,8.857142857142858,0.695364238410596,Very High,At Risk
15261.0,1,254.82,270,19,135,0,254.82,270.0,19.0,1.0,Low,At Risk
15262.0,1,178.95000000000002,73,10,324,0,178.95000000000002,73.0,10.0,1.0,Low,Inactive
15263.0,1,156.51,89,12,107,0,156.51,89.0,12.0,1.0,Low,At Risk
15264.0,1,393.74,265,23,64,0,393.74,265.0,23.0,1.0,Medium,Recently Inactive
15265.0,2,1506.1200000000001,612,76,151,84,753.0600000000001,306.0,38.0,0.5263157894736842,High,At Risk
15266.0,1,119.3,18,6,338,0,119.3,18.0,6.0,1.0,Low,Inactive
15267.0,5,1717.36,944,8,22,160,343.472,188.8,1.6,0.7894736842105263,Very High,Active
15269.0,1,408.8,26,2,24,0,408.8,26.0,2.0,1.0,Medium,Active
15270.0,7,2379.49,1521,22,16,294,339.9271428571428,217.28571428571428,3.142857142857143,0.6481481481481481,Very High,Active
15271.0,15,2493.34,1251,184,7,358,166.22266666666667,83.4,12.266666666666667,1.1597938144329896,Very High,Active
15272.0,2,721.94,310,63,57,28,360.97,155.0,31.5,1.0344827586206897,High,Recently Inactive
15274.0,2,716.57,619,44,4,14,358.285,309.5,22.0,1.3636363636363635,High,Active
15275.0,1,615.14,498,41,38,0,615.14,498.0,41.0,1.0,Medium,Recently Inactive
15276.0,1,128.63,61,49,66,0,128.63,61.0,49.0,1.0,Low,Recently Inactive
15277.0,1,255.89999999999998,205,12,47,0,255.89999999999998,205.0,12.0,1.0,Low,Recently Inactive
15279.0,1,290.51,189,19,355,0,290.51,189.0,19.0,1.0,Low,Inactive
15280.0,1,113.12,154,16,172,0,113.12,154.0,16.0,1.0,Low,At Risk
15281.0,9,2332.15,1211,121,59,274,259.1277777777778,134.55555555555554,13.444444444444445,0.8881578947368421,Very High,Recently Inactive
15286.0,1,240.55,55,3,50,0,240.55,55.0,3.0,1.0,Low,Recently Inactive
15287.0,2,486.69,433,17,22,48,243.345,216.5,8.5,0.7692307692307692,Medium,Active
15288.0,5,2306.52,775,80,43,322,461.304,155.0,16.0,0.42613636363636365,Very High,Recently Inactive
15289.0,3,939.78,1008,43,29,220,313.26,336.0,14.333333333333334,0.36000000000000004,High,Active
15290.0,18,7943.22,4501,93,5,354,441.29,250.05555555555554,5.166666666666667,1.40625,Very High,Active
15291.0,14,4623.3,2102,61,26,348,330.2357142857143,150.14285714285714,4.357142857142857,1.1111111111111112,Very High,Active
15292.0,1,178.39,55,24,201,0,178.39,55.0,24.0,1.0,Low,Inactive
15296.0,6,3672.86,1766,137,51,275,612.1433333333333,294.3333333333333,22.833333333333332,0.5901639344262295,Very High,Recently Inactive
15297.0,3,641.94,292,30,10,53,213.98000000000002,97.33333333333333,10.0,1.0843373493975903,Medium,Active
15298.0,12,4799.9,3116,115,2,364,399.9916666666666,259.6666666666667,9.583333333333334,0.9137055837563453,Very High,Active
15299.0,6,3907.01,2947,6,67,304,651.1683333333334,491.1666666666667,1.0,0.5389221556886228,Very High,Recently Inactive
15300.0,1,496.44,292,28,64,0,496.44,292.0,28.0,1.0,Medium,Recently Inactive
15301.0,12,5049.95,2751,167,51,317,420.82916666666665,229.25,13.916666666666666,1.037463976945245,Very High,Recently Inactive
15303.0,1,574.02,248,31,290,0,574.02,248.0,31.0,1.0,Medium,Inactive
15304.0,8,694.4,104,8,61,307,86.8,13.0,1.0,0.712166172106825,High,Recently Inactive
15306.0,3,1174.3500000000001,810,57,64,83,391.45000000000005,270.0,19.0,0.7964601769911505,High,Recently Inactive
15307.0,1,205.3,37,12,96,0,205.3,37.0,12.0,1.0,Low,At Risk
15308.0,1,310.47,175,19,274,0,310.47,175.0,19.0,1.0,Medium,Inactive
15311.0,91,60632.75,38147,567,1,373,666.2939560439561,419.1978021978022,6.230769230769231,6.774193548387097,Very High,Active
15312.0,4,924.85,516,42,75,279,231.2125,129.0,10.5,0.3883495145631068,High,Recently Inactive
15313.0,1,52.0,25,1,110,0,52.0,25.0,1.0,1.0,Low,At Risk
15314.0,1,327.97,313,24,199,0,327.97,313.0,24.0,1.0,Medium,Inactive
15315.0,2,570.5,862,35,64,51,285.25,431.0,17.5,0.7407407407407407,Medium,Recently Inactive
15316.0,1,165.0,100,1,327,0,165.0,100.0,1.0,1.0,Low,Inactive
15318.0,1,312.62,642,33,4,0,312.62,642.0,33.0,1.0,Medium,Active
15319.0,1,204.5,175,16,284,0,204.5,175.0,16.0,1.0,Low,Inactive
15320.0,1,267.13,326,36,44,0,267.13,326.0,36.0,1.0,Low,Recently Inactive
15321.0,3,2748.31,1181,83,71,220,916.1033333333334,393.6666666666667,27.666666666666668,0.36000000000000004,Very High,Recently Inactive
15322.0,1,679.68,416,42,86,0,679.68,416.0,42.0,1.0,High,Recently Inactive
15325.0,1,161.74,231,47,104,0,161.74,231.0,47.0,1.0,Low,At Risk
15326.0,1,311.71,386,29,334,0,311.71,386.0,29.0,1.0,Medium,Inactive
15327.0,1,208.75,116,10,53,0,208.75,116.0,10.0,1.0,Low,Recently Inactive
15329.0,3,1049.7,486,51,39,132,349.90000000000003,162.0,17.0,0.5555555555555555,High,Recently Inactive
15330.0,2,714.9599999999999,1312,10,32,28,357.47999999999996,656.0,5.0,1.0344827586206897,High,Recently Inactive
15332.0,4,1661.06,652,29,366,3,415.265,163.0,7.25,3.6363636363636362,Very High,Inactive
15333.0,1,1028.56,344,16,208,0,1028.56,344.0,16.0,1.0,High,Inactive
15334.0,3,347.87,272,66,157,16,115.95666666666666,90.66666666666667,22.0,1.956521739130435,Medium,At Risk
15335.0,1,170.22,79,34,54,0,170.22,79.0,34.0,1.0,Low,Recently Inactive
15339.0,2,574.07,416,77,66,251,287.035,208.0,38.5,0.21352313167259784,Medium,Recently Inactive
15341.0,1,2020.52,812,17,81,0,2020.52,812.0,17.0,1.0,Very High,Recently Inactive
15342.0,1,406.09000000000003,283,24,130,0,406.09000000000003,283.0,24.0,1.0,Medium,At Risk
15343.0,1,364.5,84,21,87,0,364.5,84.0,21.0,1.0,Medium,Recently Inactive
15344.0,3,563.94,116,21,1,73,187.98000000000002,38.666666666666664,7.0,0.8737864077669903,Medium,Active
15345.0,1,393.54,81,20,46,0,393.54,81.0,20.0,1.0,Medium,Recently Inactive
15346.0,1,252.42000000000002,144,17,333,0,252.42000000000002,144.0,17.0,1.0,Low,Inactive
15347.0,1,201.60000000000002,130,5,366,0,201.60000000000002,130.0,5.0,1.0,Low,Inactive
15348.0,1,158.04,84,9,72,0,158.04,84.0,9.0,1.0,Low,Recently Inactive
15349.0,2,463.91,321,65,158,29,231.955,160.5,32.5,1.0169491525423728,Medium,At Risk
15350.0,1,115.65,51,5,373,0,115.65,51.0,5.0,1.0,Low,Inactive
15351.0,7,1934.66,742,157,12,357,276.38,106.0,22.428571428571427,0.5426356589147286,Very High,Active
15353.0,2,770.12,341,59,255,113,385.06,170.5,29.5,0.4195804195804196,High,Inactive
15355.0,2,277.05,45,9,29,23,138.525,22.5,4.5,1.1320754716981132,Low,Active
15356.0,10,2718.03,1643,215,31,336,271.803,164.3,21.5,0.819672131147541,Very High,Recently Inactive
15358.0,22,8347.2,7050,292,5,360,379.41818181818184,320.45454545454544,13.272727272727273,1.6923076923076923,Very High,Active
15360.0,1,427.93,223,13,40,0,427.93,223.0,13.0,1.0,Medium,Recently Inactive
15361.0,1,418.92,336,7,362,0,418.92,336.0,7.0,1.0,Medium,Inactive
15363.0,1,326.0,144,16,373,0,326.0,144.0,16.0,1.0,Medium,Inactive
15364.0,2,913.19,493,29,96,158,456.595,246.5,14.5,0.3191489361702128,High,At Risk
15365.0,7,2314.32,1084,65,26,289,330.6171428571429,154.85714285714286,9.285714285714286,0.658307210031348,Very High,Active
15366.0,2,602.51,621,37,75,282,301.255,310.5,18.5,0.1923076923076923,Medium,Recently Inactive
15367.0,4,1877.5900000000001,1057,91,57,218,469.39750000000004,264.25,22.75,0.48387096774193555,Very High,Recently Inactive
15368.0,1,446.94000000000005,230,4,21,0,446.94000000000005,230.0,4.0,1.0,Medium,Active
15370.0,7,2386.05,830,65,41,291,340.86428571428576,118.57142857142857,9.285714285714286,0.6542056074766356,Very High,Recently Inactive
15372.0,1,2007.4,2924,27,137,0,2007.4,2924.0,27.0,1.0,Very High,At Risk
15373.0,12,2415.91,500,74,8,363,201.32583333333332,41.666666666666664,6.166666666666667,0.916030534351145,Very High,Active
15374.0,1,168.0,126,3,129,0,168.0,126.0,3.0,1.0,Low,At Risk
15376.0,3,1221.56,615,100,40,182,407.18666666666667,205.0,33.333333333333336,0.42452830188679247,High,Recently Inactive
15379.0,7,3703.29,2305,145,169,189,529.0414285714286,329.2857142857143,20.714285714285715,0.9589041095890412,Very High,At Risk
15380.0,5,1690.26,376,22,9,356,338.052,75.2,4.4,0.38860103626943004,Very High,Active
15381.0,2,596.85,171,8,214,54,298.425,85.5,4.0,0.7142857142857143,Medium,Inactive
15382.0,6,5955.71,4012,193,15,280,992.6183333333333,668.6666666666666,32.166666666666664,0.5806451612903225,Very High,Active
15384.0,2,642.41,596,34,170,189,321.205,298.0,17.0,0.273972602739726,Medium,At Risk
15385.0,1,316.88,161,12,40,0,316.88,161.0,12.0,1.0,Medium,Recently Inactive
15386.0,1,394.14,446,31,186,0,394.14,446.0,31.0,1.0,Medium,Inactive
15388.0,1,140.54,88,10,270,0,140.54,88.0,10.0,1.0,Low,Inactive
15389.0,1,500.0,400,1,172,0,500.0,400.0,1.0,1.0,Medium,At Risk
15392.0,4,1535.53,1277,74,5,355,383.8825,319.25,18.5,0.3116883116883117,High,Active
15393.0,2,231.86,150,10,16,264,115.93,75.0,5.0,0.2040816326530612,Low,Active
15394.0,4,2183.54,910,54,10,348,545.885,227.5,13.5,0.31746031746031744,Very High,Active
15395.0,1,107.45,17,7,326,0,107.45,17.0,7.0,1.0,Low,Inactive
15396.0,1,288.18,122,14,113,0,288.18,122.0,14.0,1.0,Low,At Risk
15397.0,1,94.0,20,6,290,0,94.0,20.0,6.0,1.0,Low,Inactive
15398.0,2,1345.53,769,60,16,62,672.765,384.5,30.0,0.6521739130434783,High,Active
15399.0,3,815.77,611,45,1,77,271.92333333333335,203.66666666666666,15.0,0.8411214953271028,High,Active
15400.0,5,716.2,390,10,92,186,143.24,78.0,2.0,0.6944444444444444,High,At Risk
15402.0,2,626.35,693,34,149,47,313.175,346.5,17.0,0.7792207792207793,Medium,At Risk
15405.0,1,349.1,193,8,189,0,349.1,193.0,8.0,1.0,Medium,Inactive
15406.0,2,510.71000000000004,254,51,31,269,255.35500000000002,127.0,25.5,0.20066889632107024,Medium,Recently Inactive
15407.0,4,1046.74,552,142,34,271,261.685,138.0,35.5,0.39867109634551495,High,Recently Inactive
15408.0,1,267.18,106,34,264,0,267.18,106.0,34.0,1.0,Low,Inactive
15410.0,8,3450.84,1200,48,84,177,431.355,150.0,6.0,1.1594202898550725,Very High,Recently Inactive
15411.0,4,1348.93,529,86,26,156,337.2325,132.25,21.5,0.6451612903225806,High,Active
15412.0,1,190.53,108,10,171,0,190.53,108.0,10.0,1.0,Low,At Risk
15414.0,3,774.9000000000001,443,37,10,232,258.3,147.66666666666666,12.333333333333334,0.34351145038167935,High,Active
15415.0,1,559.61,551,46,313,0,559.61,551.0,46.0,1.0,Medium,Inactive
15416.0,4,3984.32,2090,165,65,218,996.08,522.5,41.25,0.48387096774193555,Very High,Recently Inactive
15417.0,1,508.8,284,28,85,0,508.8,284.0,28.0,1.0,Medium,Recently Inactive
15419.0,1,135.86,230,8,25,0,135.86,230.0,8.0,1.0,Low,Active
15421.0,4,950.36,500,40,59,251,237.59,125.0,10.0,0.4270462633451957,High,Recently Inactive
15422.0,2,97.7,38,6,323,0,48.85,19.0,3.0,2.0,Low,Inactive
15423.0,1,43.5,101,2,38,0,43.5,101.0,2.0,1.0,Low,Recently Inactive
15424.0,2,383.34,554,17,254,0,191.67,277.0,8.5,2.0,Medium,Inactive
15426.0,5,1404.07,656,217,19,350,280.81399999999996,131.2,43.4,0.39473684210526316,High,Active
15427.0,3,1430.54,967,233,33,13,476.84666666666664,322.3333333333333,77.66666666666667,2.0930232558139537,High,Recently Inactive
15428.0,1,93.78,102,6,15,0,93.78,102.0,6.0,1.0,Low,Active
15429.0,2,397.35,380,77,27,48,198.675,190.0,38.5,0.7692307692307692,Medium,Active
15432.0,1,171.19000000000003,65,10,23,0,171.19000000000003,65.0,10.0,1.0,Low,Active
15433.0,2,533.3,534,40,214,53,266.65,267.0,20.0,0.7228915662650602,Medium,Inactive
15434.0,5,1041.48,647,40,8,191,208.296,129.4,8.0,0.6787330316742082,High,Active
15435.0,1,149.29,54,29,22,0,149.29,54.0,29.0,1.0,Low,Active
15436.0,3,1067.75,574,243,12,221,355.9166666666667,191.33333333333334,81.0,0.3585657370517928,High,Active
15437.0,1,200.16,79,44,262,0,200.16,79.0,44.0,1.0,Low,Inactive
15438.0,1,156.57999999999998,59,25,131,0,156.57999999999998,59.0,25.0,1.0,Low,At Risk
15440.0,3,383.68,197,50,55,154,127.89333333333333,65.66666666666667,16.666666666666668,0.48913043478260865,Medium,Recently Inactive
15442.0,1,594.0,120,2,249,0,594.0,120.0,2.0,1.0,Medium,Inactive
15443.0,7,3213.59,1639,237,2,318,459.0842857142857,234.14285714285714,33.857142857142854,0.603448275862069,Very High,Active
15444.0,2,1411.21,759,191,9,31,705.605,379.5,95.5,0.9836065573770493,High,Active
15445.0,1,113.5,58,5,264,0,113.5,58.0,5.0,1.0,Low,Inactive
15447.0,1,155.17000000000002,85,9,331,0,155.17000000000002,85.0,9.0,1.0,Low,Inactive
15448.0,1,494.64,232,28,313,0,494.64,232.0,28.0,1.0,Medium,Inactive
15449.0,3,974.52,812,47,26,235,324.84,270.6666666666667,15.666666666666666,0.339622641509434,High,Active
15450.0,1,429.84,376,30,30,0,429.84,376.0,30.0,1.0,Medium,Active
15452.0,3,528.48,280,47,30,234,176.16,93.33333333333333,15.666666666666666,0.3409090909090909,Medium,Active
15453.0,7,1371.77,837,169,2,185,195.96714285714285,119.57142857142857,24.142857142857142,0.9767441860465116,High,Active
15454.0,1,179.1,86,23,362,0,179.1,86.0,23.0,1.0,Low,Inactive
15456.0,3,434.59,633,48,283,75,144.86333333333332,211.0,16.0,0.8571428571428571,Medium,Inactive
15457.0,1,237.07,132,56,262,0,237.07,132.0,56.0,1.0,Low,Inactive
15458.0,1,161.64,156,7,25,0,161.64,156.0,7.0,1.0,Low,Active
15460.0,1,214.26,107,53,354,0,214.26,107.0,53.0,1.0,Low,Inactive
15462.0,3,234.6,172,9,94,92,78.2,57.333333333333336,3.0,0.7377049180327869,Low,At Risk
15463.0,1,126.14,106,7,29,0,126.14,106.0,7.0,1.0,Low,Active
15464.0,1,1044.65,348,155,338,0,1044.65,348.0,155.0,1.0,High,Inactive
15465.0,18,7354.62,1257,43,20,349,408.59,69.83333333333333,2.388888888888889,1.424802110817942,Very High,Active
15466.0,1,334.53,246,56,85,0,334.53,246.0,56.0,1.0,Medium,Recently Inactive
15467.0,3,524.88,310,41,9,142,174.96,103.33333333333333,13.666666666666666,0.5232558139534884,Medium,Active
15468.0,2,467.51,155,24,51,0,233.755,77.5,12.0,2.0,Medium,Recently Inactive
15469.0,2,538.55,153,24,50,69,269.275,76.5,12.0,0.6060606060606061,Medium,Recently Inactive
15471.0,1,454.48,256,67,2,0,454.48,256.0,67.0,1.0,Medium,Active
15472.0,1,371.56,251,76,113,0,371.56,251.0,76.0,1.0,Medium,At Risk
15473.0,7,1771.2,672,4,14,46,253.02857142857144,96.0,0.5714285714285714,2.763157894736842,Very High,Active
15475.0,1,454.11,319,29,77,0,454.11,319.0,29.0,1.0,Medium,Recently Inactive
15478.0,2,1399.92,575,34,40,16,699.96,287.5,17.0,1.3043478260869565,High,Recently Inactive
15480.0,1,905.5,303,45,116,0,905.5,303.0,45.0,1.0,High,At Risk
15482.0,11,10839.76,5003,45,16,343,985.4327272727273,454.8181818181818,4.090909090909091,0.8847184986595175,Very High,Active
15483.0,4,225.26,291,74,161,105,56.315,72.75,18.5,0.8888888888888888,Low,At Risk
15484.0,4,3590.41,3150,135,1,77,897.6025,787.5,33.75,1.1214953271028036,Very High,Active
15485.0,3,2564.5,1281,59,30,343,854.8333333333334,427.0,19.666666666666668,0.24128686327077747,Very High,Active
15488.0,1,91.32000000000001,73,2,93,0,91.32000000000001,73.0,2.0,1.0,Low,At Risk
15489.0,3,1134.28,608,47,23,188,378.0933333333333,202.66666666666666,15.666666666666666,0.41284403669724773,High,Active
15491.0,6,3100.09,1646,108,95,140,516.6816666666667,274.3333333333333,18.0,1.0588235294117647,Very High,At Risk
15492.0,2,659.46,483,32,28,46,329.73,241.5,16.0,0.7894736842105263,Medium,Active
15493.0,5,1953.41,551,177,33,238,390.682,110.2,35.4,0.5597014925373134,Very High,Recently Inactive
15494.0,2,1280.58,1139,120,21,99,640.29,569.5,60.0,0.46511627906976744,High,Active
15497.0,2,1262.2,624,13,18,302,631.1,312.0,6.5,0.18072289156626506,High,Active
15498.0,27,13316.4,6105,360,3,364,493.2,226.11111111111111,13.333333333333334,2.0558375634517767,Very High,Active
15500.0,4,1131.56,572,64,8,73,282.89,143.0,16.0,1.1650485436893205,High,Active
15502.0,10,6923.98,4232,163,16,353,692.3979999999999,423.2,16.3,0.7832898172323759,Very High,Active
15503.0,1,141.04,70,66,363,0,141.04,70.0,66.0,1.0,Low,Inactive
15504.0,1,52.83,33,13,81,0,52.83,33.0,13.0,1.0,Low,Recently Inactive
15505.0,5,3610.96,2390,90,53,102,722.192,478.0,18.0,1.1363636363636362,Very High,Recently Inactive
15506.0,3,972.08,842,121,23,116,324.0266666666667,280.6666666666667,40.333333333333336,0.6164383561643835,High,Active
15507.0,1,475.86,160,41,172,0,475.86,160.0,41.0,1.0,Medium,At Risk
15508.0,6,1000.27,440,78,189,46,166.71166666666667,73.33333333333333,13.0,2.368421052631579,High,Inactive
15510.0,1,250.0,2,1,331,0,250.0,2.0,1.0,1.0,Low,Inactive
15511.0,5,900.53,269,117,12,73,180.106,53.8,23.4,1.4563106796116505,High,Active
15512.0,2,121.0,68,7,156,203,60.5,34.0,3.5,0.2575107296137339,Low,At Risk
15513.0,19,14758.22,5709,183,33,340,776.7484210526316,300.4736842105263,9.631578947368421,1.5405405405405406,Very High,Recently Inactive
15514.0,11,4023.7200000000003,2098,96,12,352,365.7927272727273,190.72727272727272,8.727272727272727,0.8638743455497383,Very High,Active
15516.0,3,62.43,27,15,45,1,20.81,9.0,5.0,2.9032258064516125,Low,Recently Inactive
15517.0,1,267.03,293,27,233,0,267.03,293.0,27.0,1.0,Low,Inactive
15518.0,8,1921.55,1263,135,64,268,240.19375,157.875,16.875,0.8053691275167785,Very High,Recently Inactive
15520.0,1,343.5,314,18,2,0,343.5,314.0,18.0,1.0,Medium,Active
15521.0,8,3000.2,1836,116,40,214,375.025,229.5,14.5,0.9836065573770493,Very High,Recently Inactive
15522.0,2,397.99,572,47,33,54,198.995,286.0,23.5,0.7142857142857143,Medium,Recently Inactive
15523.0,1,412.01000000000005,132,10,84,0,412.01000000000005,132.0,10.0,1.0,Medium,Recently Inactive
15524.0,1,440.0,4,1,25,0,440.0,4.0,1.0,1.0,Medium,Active
15525.0,3,731.87,385,132,2,371,243.95666666666668,128.33333333333334,44.0,0.22443890274314213,High,Active
15526.0,2,148.44,24,4,33,0,74.22,12.0,2.0,2.0,Low,Recently Inactive
15527.0,8,2428.53,991,127,19,335,303.56625,123.875,15.875,0.6575342465753425,Very High,Active
15528.0,1,229.33,123,26,254,0,229.33,123.0,26.0,1.0,Low,Inactive
15529.0,11,3960.05,3454,414,23,343,360.00454545454545,314.0,37.63636363636363,0.8847184986595175,Very High,Active
15530.0,4,1497.31,938,90,22,225,374.3275,234.5,22.5,0.47058823529411764,High,Active
15531.0,2,1972.39,1085,196,8,22,986.195,542.5,98.0,1.1538461538461537,Very High,Active
15532.0,4,1554.83,513,204,25,332,388.7075,128.25,51.0,0.3314917127071823,High,Active
15533.0,3,807.57,289,73,19,69,269.19,96.33333333333333,24.333333333333332,0.9090909090909092,High,Active
15535.0,4,502.9,135,55,173,154,125.725,33.75,13.75,0.6521739130434783,Medium,At Risk
15537.0,1,110.92,29,24,163,0,110.92,29.0,24.0,1.0,Low,At Risk
15539.0,1,538.46,410,41,7,0,538.46,410.0,41.0,1.0,Medium,Active
15540.0,1,213.3,200,15,11,0,213.3,200.0,15.0,1.0,Low,Active
15541.0,1,85.13000000000001,49,29,114,0,85.13000000000001,49.0,29.0,1.0,Low,At Risk
15543.0,1,127.86,86,26,288,0,127.86,86.0,26.0,1.0,Low,Inactive
15544.0,9,3546.71,3109,122,9,363,394.0788888888889,345.44444444444446,13.555555555555555,0.6870229007633588,Very High,Active
15545.0,2,288.96999999999997,162,78,54,316,144.48499999999999,81.0,39.0,0.17341040462427745,Low,Recently Inactive
15547.0,14,4910.6,3999,441,7,354,350.75714285714287,285.64285714285717,31.5,1.09375,Very High,Active
15549.0,3,1677.71,691,103,77,239,559.2366666666667,230.33333333333334,34.333333333333336,0.3345724907063197,Very High,Recently Inactive
15550.0,4,575.63,295,43,4,297,143.9075,73.75,10.75,0.36697247706422015,Medium,Active
15551.0,1,436.06,218,29,37,0,436.06,218.0,29.0,1.0,Medium,Recently Inactive
15552.0,1,90.12,60,17,217,0,90.12,60.0,17.0,1.0,Low,Inactive
15553.0,1,428.93,449,51,60,0,428.93,449.0,51.0,1.0,Medium,Recently Inactive
15554.0,1,217.2,74,14,278,0,217.2,74.0,14.0,1.0,Low,Inactive
15555.0,16,4791.87,4397,400,12,357,299.491875,274.8125,25.0,1.2403100775193798,Very High,Active
15556.0,1,279.77,236,31,24,0,279.77,236.0,31.0,1.0,Low,Active
15557.0,1,468.91,213,16,29,0,468.91,213.0,16.0,1.0,Medium,Active
15561.0,4,800.5899999999999,267,27,12,203,200.14749999999998,66.75,6.75,0.5150214592274678,High,Active
15562.0,1,134.55,39,1,352,0,134.55,39.0,1.0,1.0,Low,Inactive
15563.0,3,1361.44,1441,87,22,336,453.81333333333333,480.3333333333333,29.0,0.24590163934426232,High,Active
15565.0,2,173.16000000000003,60,8,50,20,86.58000000000001,30.0,4.0,1.2000000000000002,Low,Recently Inactive
15567.0,1,186.01,223,7,19,0,186.01,223.0,7.0,1.0,Low,Active
15568.0,3,758.29,461,27,3,70,252.76333333333332,153.66666666666666,9.0,0.8999999999999999,High,Active
15569.0,5,1375.71,666,27,104,228,275.142,133.2,5.4,0.5813953488372093,High,At Risk
15570.0,12,4148.82,2063,231,7,362,345.73499999999996,171.91666666666666,19.25,0.9183673469387755,Very High,Active
15571.0,4,650.4300000000001,264,47,12,66,162.60750000000002,66.0,11.75,1.25,Medium,Active
15572.0,7,2533.42,1213,166,5,273,361.9171428571429,173.28571428571428,23.714285714285715,0.6930693069306931,Very High,Active
15573.0,2,583.24,354,87,32,53,291.62,177.0,43.5,0.7228915662650602,Medium,Recently Inactive
15574.0,4,675.64,332,131,178,194,168.91,83.0,32.75,0.5357142857142857,High,At Risk
15576.0,1,921.37,394,43,38,0,921.37,394.0,43.0,1.0,High,Recently Inactive
15577.0,3,258.88,89,39,151,154,86.29333333333334,29.666666666666668,13.0,0.48913043478260865,Low,At Risk
15578.0,1,127.1,52,13,162,0,127.1,52.0,13.0,1.0,Low,At Risk
15579.0,2,327.6,117,45,69,245,163.8,58.5,22.5,0.2181818181818182,Medium,Recently Inactive
15581.0,10,717.4300000000001,280,133,156,209,71.74300000000001,28.0,13.3,1.2552301255230125,High,At Risk
15582.0,3,682.9100000000001,453,39,25,195,227.63666666666668,151.0,13.0,0.4,High,Active
15584.0,4,720.86,313,89,24,138,180.215,78.25,22.25,0.7142857142857143,High,Active
15585.0,1,455.3,320,31,177,0,455.3,320.0,31.0,1.0,Medium,At Risk
15587.0,4,913.68,312,3,50,301,228.42,78.0,0.75,0.36253776435045315,High,Recently Inactive
15589.0,3,478.53,243,28,256,54,159.51,81.0,9.333333333333334,1.0714285714285714,Medium,Inactive
15592.0,1,388.58,354,24,47,0,388.58,354.0,24.0,1.0,Medium,Recently Inactive
15593.0,1,199.8,60,5,71,0,199.8,60.0,5.0,1.0,Low,Recently Inactive
15594.0,5,1771.78,983,85,16,218,354.356,196.6,17.0,0.6048387096774194,Very High,Active
15596.0,5,1406.59,561,51,101,264,281.318,112.2,10.2,0.5102040816326531,High,At Risk
15597.0,1,324.57,279,22,35,0,324.57,279.0,22.0,1.0,Medium,Recently Inactive
15598.0,1,240.68,160,14,53,0,240.68,160.0,14.0,1.0,Low,Recently Inactive
15599.0,2,761.74,718,50,27,177,380.87,359.0,25.0,0.2898550724637681,High,Active
15601.0,14,6776.56,4983,230,11,361,484.04,355.92857142857144,16.428571428571427,1.0741687979539642,Very High,Active
15602.0,9,1297.8700000000001,1137,30,8,359,144.20777777777778,126.33333333333333,3.3333333333333335,0.6940874035989717,High,Active
15603.0,1,48.480000000000004,96,2,79,0,48.480000000000004,96.0,2.0,1.0,Low,Recently Inactive
15604.0,1,216.39000000000001,159,17,52,0,216.39000000000001,159.0,17.0,1.0,Low,Recently Inactive
15605.0,5,1198.23,441,61,36,337,239.64600000000002,88.2,12.2,0.40871934604904636,High,Recently Inactive
15606.0,9,2920.16,892,48,61,263,324.4622222222222,99.11111111111111,5.333333333333333,0.9215017064846416,Very High,Recently Inactive
15607.0,1,104.76,202,13,337,0,104.76,202.0,13.0,1.0,Low,Inactive
15608.0,4,1093.68,714,59,28,92,273.42,178.5,14.75,0.9836065573770493,High,Active
15609.0,1,298.48,148,16,184,0,298.48,148.0,16.0,1.0,Low,Inactive
15610.0,1,112.46000000000001,66,6,52,0,112.46000000000001,66.0,6.0,1.0,Low,Recently Inactive
15611.0,13,1591.45,504,23,10,325,122.41923076923078,38.76923076923077,1.7692307692307692,1.0985915492957745,High,Active
15612.0,2,195.15,52,4,36,25,97.575,26.0,2.0,1.0909090909090908,Low,Recently Inactive
15615.0,23,10399.74,5508,184,10,348,452.1626086956522,239.47826086956522,8.0,1.8253968253968254,Very High,Active
15618.0,4,776.851,454,39,33,103,194.21275,113.5,9.75,0.9022556390977443,High,Recently Inactive
15619.0,1,336.4,136,3,11,0,336.4,136.0,3.0,1.0,Medium,Active
15620.0,3,1553.18,915,92,57,301,517.7266666666667,305.0,30.666666666666668,0.2719033232628399,High,Recently Inactive
15621.0,4,1293.03,501,11,4,17,323.2575,125.25,2.75,2.5531914893617023,High,Active
15622.0,9,3709.56,1674,169,43,239,412.17333333333335,186.0,18.77777777777778,1.003717472118959,Very High,Recently Inactive
15623.0,1,301.03000000000003,125,19,141,0,301.03000000000003,125.0,19.0,1.0,Low,At Risk
15624.0,4,588.13,357,26,117,139,147.0325,89.25,6.5,0.7100591715976331,Medium,At Risk
15625.0,4,1534.26,1188,44,104,131,383.565,297.0,11.0,0.7453416149068324,High,At Risk
15626.0,2,675.8,766,49,75,254,337.9,383.0,24.5,0.2112676056338028,High,Recently Inactive
15628.0,9,2870.2400000000002,1894,85,5,362,318.91555555555556,210.44444444444446,9.444444444444445,0.6887755102040817,Very High,Active
15630.0,2,1186.35,800,57,45,159,593.175,400.0,28.5,0.31746031746031744,High,Recently Inactive
15632.0,8,3285.31,2109,107,16,259,410.66375,263.625,13.375,0.8304498269896194,Very High,Active
15634.0,1,243.55,99,15,17,0,243.55,99.0,15.0,1.0,Low,Active
15636.0,2,724.76,284,20,90,192,362.38,142.0,10.0,0.27027027027027023,High,Recently Inactive
15637.0,1,223.36,128,15,53,0,223.36,128.0,15.0,1.0,Low,Recently Inactive
15639.0,1,425.32,323,25,134,0,425.32,323.0,25.0,1.0,Medium,At Risk
15640.0,15,12416.11,6572,240,4,367,827.7406666666667,438.1333333333333,16.0,1.1335012594458438,Very High,Active
15641.0,4,1887.2,1562,102,105,253,471.8,390.5,25.5,0.42402826855123676,Very High,At Risk
15643.0,3,664.0,246,31,192,90,221.33333333333334,82.0,10.333333333333334,0.75,Medium,Inactive
15644.0,4,803.54,550,166,166,94,200.885,137.5,41.5,0.9677419354838711,High,At Risk
15645.0,1,611.59,255,49,19,0,611.59,255.0,49.0,1.0,Medium,Active
15646.0,3,447.64000000000004,394,35,158,214,149.21333333333334,131.33333333333334,11.666666666666666,0.36885245901639346,Medium,At Risk
15648.0,2,639.5,218,23,204,62,319.75,109.0,11.5,0.6521739130434783,Medium,Inactive
15649.0,2,816.0,192,1,336,31,408.0,96.0,0.5,0.9836065573770493,High,Inactive
15651.0,3,646.3,479,27,37,223,215.4333333333333,159.66666666666666,9.0,0.3557312252964427,Medium,Recently Inactive
15652.0,1,337.74,208,21,91,0,337.74,208.0,21.0,1.0,Medium,At Risk
15653.0,2,877.44,1200,4,93,23,438.72,600.0,2.0,1.1320754716981132,High,At Risk
15654.0,2,922.53,475,15,9,16,461.265,237.5,7.5,1.3043478260869565,High,Active
15655.0,1,560.6700000000001,324,34,243,0,560.6700000000001,324.0,34.0,1.0,Medium,Inactive
15656.0,4,748.5,343,46,45,238,187.125,85.75,11.5,0.44776119402985076,High,Recently Inactive
15657.0,1,30.0,24,1,23,0,30.0,24.0,1.0,1.0,Low,Active
15658.0,5,1024.1000000000001,242,40,190,182,204.82000000000002,48.4,8.0,0.7075471698113208,High,Inactive
15659.0,1,306.45,111,11,44,0,306.45,111.0,11.0,1.0,Medium,Recently Inactive
15660.0,9,1600.86,1050,55,25,340,177.87333333333333,116.66666666666667,6.111111111111111,0.7297297297297297,High,Active
15661.0,2,309.8,236,4,317,21,154.9,118.0,2.0,1.1764705882352942,Medium,Inactive
15663.0,1,138.14,106,9,106,0,138.14,106.0,9.0,1.0,Low,At Risk
15664.0,1,386.43,157,17,51,0,386.43,157.0,17.0,1.0,Medium,Recently Inactive
15665.0,2,2222.21,1654,92,168,74,1111.105,827.0,46.0,0.5769230769230769,Very High,At Risk
15667.0,1,301.32000000000005,240,13,40,0,301.32000000000005,240.0,13.0,1.0,Low,Recently Inactive
15668.0,1,76.32000000000001,72,1,218,0,76.32000000000001,72.0,1.0,1.0,Low,Inactive
15669.0,4,684.34,342,31,40,223,171.085,85.5,7.75,0.4743083003952569,High,Recently Inactive
15670.0,1,173.05,91,12,297,0,173.05,91.0,12.0,1.0,Low,Inactive
15671.0,7,2657.13,1699,52,19,252,379.59000000000003,242.71428571428572,7.428571428571429,0.7446808510638298,Very High,Active
15673.0,4,2726.23,1451,107,88,238,681.5575,362.75,26.75,0.44776119402985076,Very High,Recently Inactive
15674.0,4,2111.89,1274,87,73,181,527.9725,318.5,21.75,0.5687203791469194,Very High,Recently Inactive
15675.0,3,323.69,527,20,81,198,107.89666666666666,175.66666666666666,6.666666666666667,0.39473684210526316,Medium,Recently Inactive
15676.0,3,3435.76,2252,191,19,265,1145.2533333333333,750.6666666666666,63.666666666666664,0.30508474576271183,Very High,Active
15677.0,1,657.23,319,33,49,0,657.23,319.0,33.0,1.0,Medium,Recently Inactive
15678.0,1,352.7,184,12,53,0,352.7,184.0,12.0,1.0,Medium,Recently Inactive
15679.0,4,781.28,1170,98,24,158,195.32,292.5,24.5,0.6382978723404256,High,Active
15680.0,3,1333.68,952,61,9,356,444.56,317.3333333333333,20.333333333333332,0.23316062176165803,High,Active
15681.0,5,1426.16,816,32,25,255,285.232,163.2,6.4,0.5263157894736842,High,Active
15683.0,1,193.75,131,10,117,0,193.75,131.0,10.0,1.0,Low,At Risk
15687.0,9,2993.1,1310,119,9,321,332.56666666666666,145.55555555555554,13.222222222222221,0.7692307692307693,Very High,Active
15689.0,2,254.1,84,8,120,241,127.05,42.0,4.0,0.22140221402214022,Low,At Risk
15690.0,2,239.76,408,19,4,96,119.88,204.0,9.5,0.47619047619047616,Low,Active
15691.0,1,136.8,72,2,252,0,136.8,72.0,2.0,1.0,Low,Inactive
15692.0,1,191.04,138,12,28,0,191.04,138.0,12.0,1.0,Low,Active
15694.0,14,6479.4,1677,42,1,372,462.8142857142857,119.78571428571429,3.0,1.044776119402985,Very High,Active
15695.0,2,409.98,212,22,267,0,204.99,106.0,11.0,2.0,Medium,Inactive
15696.0,8,2711.11,1015,140,33,293,338.88875,126.875,17.5,0.7430340557275541,Very High,Recently Inactive
15699.0,1,309.65,113,18,18,0,309.65,113.0,18.0,1.0,Medium,Active
15700.0,2,696.68,357,85,172,1,348.34,178.5,42.5,1.9354838709677418,High,At Risk
15701.0,4,1529.0,912,193,2,108,382.25,228.0,48.25,0.8695652173913044,High,Active
15703.0,1,211.5,66,5,265,0,211.5,66.0,5.0,1.0,Low,Inactive
15704.0,4,2293.62,1028,79,140,75,573.405,257.0,19.75,1.1428571428571428,Very High,At Risk
15705.0,1,143.1,62,6,201,0,143.1,62.0,6.0,1.0,Low,Inactive
15706.0,4,1060.56,321,50,64,52,265.14,80.25,12.5,1.4634146341463414,High,Recently Inactive
15707.0,4,916.98,594,126,35,51,229.245,148.5,31.5,1.4814814814814814,High,Recently Inactive
15708.0,7,3235.25,1217,124,41,328,462.17857142857144,173.85714285714286,17.714285714285715,0.5865921787709497,Very High,Recently Inactive
15709.0,1,133.25,121,6,284,0,133.25,121.0,6.0,1.0,Low,Inactive
15712.0,5,1072.3600000000001,486,41,9,278,214.47200000000004,97.2,8.2,0.48701298701298695,High,Active
15713.0,2,356.7,150,18,143,222,178.35,75.0,9.0,0.23809523809523808,Medium,At Risk
15714.0,2,330.03000000000003,186,34,12,66,165.01500000000001,93.0,17.0,0.625,Medium,Active
15716.0,4,1101.11,738,101,146,223,275.2775,184.5,25.25,0.4743083003952569,High,At Risk
15717.0,1,150.3,70,7,234,0,150.3,70.0,7.0,1.0,Low,Inactive
15719.0,13,5028.42,2717,298,33,304,386.8015384615385,209.0,22.923076923076923,1.1676646706586826,Very High,Recently Inactive
15720.0,1,598.73,281,128,24,0,598.73,281.0,128.0,1.0,Medium,Active
15721.0,1,471.40000000000003,388,80,12,0,471.40000000000003,388.0,80.0,1.0,Medium,Active
15722.0,5,2211.21,1023,45,36,254,442.242,204.6,9.0,0.528169014084507,Very High,Recently Inactive
15723.0,1,190.70000000000002,73,37,365,0,190.70000000000002,73.0,37.0,1.0,Low,Inactive
15724.0,2,218.25,73,11,201,83,109.125,36.5,5.5,0.5309734513274337,Low,Inactive
15725.0,1,415.25,221,32,15,0,415.25,221.0,32.0,1.0,Medium,Active
15727.0,7,5159.06,3063,213,17,342,737.0085714285715,437.57142857142856,30.428571428571427,0.564516129032258,Very High,Active
15729.0,1,85.0,28,5,213,0,85.0,28.0,5.0,1.0,Low,Inactive
15730.0,3,1120.88,689,68,66,140,373.6266666666667,229.66666666666666,22.666666666666668,0.5294117647058824,High,Recently Inactive
15732.0,2,294.12,215,13,212,159,147.06,107.5,6.5,0.31746031746031744,Low,Inactive
15733.0,1,162.3,62,10,283,0,162.3,62.0,10.0,1.0,Low,Inactive
15734.0,2,1339.45,346,25,115,85,669.725,173.0,12.5,0.5217391304347826,High,At Risk
15737.0,8,1188.1200000000001,597,60,15,228,148.51500000000001,74.625,7.5,0.9302325581395349,High,Active
15738.0,16,4812.42,2982,46,19,353,300.77625,186.375,2.875,1.2532637075718014,Very High,Active
15739.0,1,449.12,472,8,66,0,449.12,472.0,8.0,1.0,Medium,Recently Inactive
15740.0,1,154.88,152,9,49,0,154.88,152.0,9.0,1.0,Low,Recently Inactive
15743.0,4,775.96,214,59,16,168,193.99,53.5,14.75,0.6060606060606061,High,Active
15744.0,1,34.8,120,3,78,0,34.8,120.0,3.0,1.0,Low,Recently Inactive
15745.0,4,1094.5900000000001,421,57,19,217,273.64750000000004,105.25,14.25,0.48582995951416996,High,Active
15746.0,1,196.88,178,28,134,0,196.88,178.0,28.0,1.0,Low,At Risk
15747.0,3,946.64,466,52,13,160,315.5466666666667,155.33333333333334,17.333333333333332,0.4736842105263158,High,Active
15748.0,1,144.36,50,19,40,0,144.36,50.0,19.0,1.0,Low,Recently Inactive
15749.0,3,44534.3,18028,5,235,97,14844.766666666668,6009.333333333333,1.6666666666666667,0.7086614173228346,Very High,Inactive
15750.0,8,2463.05,1783,214,3,364,307.88125,222.875,26.75,0.6091370558375635,Very High,Active
15752.0,7,2626.6,1960,236,40,333,375.2285714285714,280.0,33.714285714285715,0.578512396694215,Very High,Recently Inactive
15753.0,1,79.2,144,1,305,0,79.2,144.0,1.0,1.0,Low,Inactive
15754.0,3,458.57,199,24,51,195,152.85666666666665,66.33333333333333,8.0,0.4,Medium,Recently Inactive
15755.0,6,2364.25,1427,127,10,284,394.0416666666667,237.83333333333334,21.166666666666668,0.5732484076433121,Very High,Active
15756.0,4,528.01,241,160,61,187,132.0025,60.25,40.0,0.5529953917050692,Medium,Recently Inactive
15757.0,2,714.42,491,43,66,152,357.21,245.5,21.5,0.32967032967032966,High,Recently Inactive
15758.0,1,205.25,47,9,25,0,205.25,47.0,9.0,1.0,Low,Active
15759.0,3,253.04000000000002,60,5,218,139,84.34666666666668,20.0,1.6666666666666667,0.5325443786982248,Low,Inactive
15762.0,2,583.75,251,37,65,12,291.875,125.5,18.5,1.4285714285714286,Medium,Recently Inactive
15763.0,2,1086.92,271,58,32,45,543.46,135.5,29.0,0.8,High,Recently Inactive
15764.0,6,3279.9700000000003,2050,150,88,188,546.6616666666667,341.6666666666667,25.0,0.8256880733944955,Very High,Recently Inactive
15766.0,1,315.06,170,11,64,0,315.06,170.0,11.0,1.0,Medium,Recently Inactive
15768.0,3,621.83,244,23,116,110,207.27666666666667,81.33333333333333,7.666666666666667,0.6428571428571429,Medium,At Risk
15769.0,26,56252.72,29672,26,7,363,2163.566153846154,1141.2307692307693,1.0,1.984732824427481,Very High,Active
15773.0,1,635.6800000000001,311,10,6,0,635.6800000000001,311.0,10.0,1.0,Medium,Active
15774.0,1,270.8,87,25,69,0,270.8,87.0,25.0,1.0,Low,Recently Inactive
15775.0,1,104.9,68,7,245,0,104.9,68.0,7.0,1.0,Low,Inactive
15776.0,1,241.62,138,18,133,0,241.62,138.0,18.0,1.0,Low,At Risk
15777.0,4,1047.1100000000001,378,18,241,120,261.77750000000003,94.5,4.5,0.8,High,Inactive
15780.0,3,475.28000000000003,220,26,184,174,158.42666666666668,73.33333333333333,8.666666666666666,0.4411764705882353,Medium,Inactive
15781.0,3,345.46000000000004,180,20,25,280,115.15333333333335,60.0,6.666666666666667,0.29032258064516125,Medium,Active
15782.0,3,2614.74,864,34,10,79,871.5799999999999,288.0,11.333333333333334,0.8256880733944955,Very High,Active
15783.0,1,246.3,212,14,11,0,246.3,212.0,14.0,1.0,Low,Active
15785.0,5,2328.9700000000003,1612,58,33,262,465.79400000000004,322.4,11.6,0.5136986301369864,Very High,Recently Inactive
15786.0,3,4919.0,3340,257,46,68,1639.6666666666667,1113.3333333333333,85.66666666666667,0.9183673469387755,Very High,Recently Inactive
15787.0,3,933.26,534,156,26,35,311.08666666666664,178.0,52.0,1.3846153846153844,High,Active
15789.0,1,351.3,438,25,358,0,351.3,438.0,25.0,1.0,Medium,Inactive
15790.0,1,218.75,113,34,10,0,218.75,113.0,34.0,1.0,Low,Active
15791.0,2,1612.69,731,66,44,160,806.345,365.5,33.0,0.31578947368421056,High,Recently Inactive
15793.0,3,965.61,553,6,15,253,321.87,184.33333333333334,2.0,0.31802120141342755,High,Active
15795.0,1,610.01,581,42,150,0,610.01,581.0,42.0,1.0,Medium,At Risk
15796.0,8,2707.61,859,69,1,301,338.45125,107.375,8.625,0.7250755287009063,Very High,Active
15797.0,3,2192.4,872,7,113,191,730.8000000000001,290.6666666666667,2.3333333333333335,0.4072398190045249,Very High,At Risk
15799.0,3,884.14,955,94,76,258,294.7133333333333,318.3333333333333,31.333333333333332,0.3125,High,Recently Inactive
15800.0,2,696.89,332,116,107,139,348.445,166.0,58.0,0.35502958579881655,High,At Risk
15801.0,3,1063.95,570,61,46,63,354.65000000000003,190.0,20.333333333333332,0.9677419354838709,High,Recently Inactive
15803.0,1,415.82000000000005,290,8,51,0,415.82000000000005,290.0,8.0,1.0,Medium,Recently Inactive
15804.0,13,4206.39,2565,170,1,198,323.5684615384616,197.30769230769232,13.076923076923077,1.7105263157894737,Very High,Active
15805.0,17,5488.18,3367,220,23,341,322.83411764705886,198.05882352941177,12.941176470588236,1.3746630727762803,Very High,Active
15806.0,3,784.58,602,24,46,230,261.5266666666667,200.66666666666666,8.0,0.3461538461538461,High,Recently Inactive
15807.0,3,903.9,430,48,50,26,301.3,143.33333333333334,16.0,1.6071428571428572,High,Recently Inactive
15808.0,4,3651.27,1305,142,306,63,912.8175,326.25,35.5,1.2903225806451613,Very High,Inactive
15809.0,5,515.77,301,31,36,266,103.154,60.2,6.2,0.5067567567567567,Medium,Recently Inactive
15810.0,4,1391.98,861,66,79,218,347.995,215.25,16.5,0.48387096774193555,High,Recently Inactive
15811.0,6,2218.62,1071,117,22,343,369.77,178.5,19.5,0.48257372654155495,Very High,Active
15812.0,5,1801.14,922,36,107,210,360.228,184.4,7.2,0.625,Very High,At Risk
15813.0,2,1303.9099999999999,603,40,208,31,651.9549999999999,301.5,20.0,0.9836065573770493,High,Inactive
15814.0,4,1945.3300000000002,1271,63,17,33,486.33250000000004,317.75,15.75,1.9047619047619047,Very High,Active
15815.0,5,2100.6,1856,33,64,196,420.12,371.2,6.6,0.6637168141592921,Very High,Recently Inactive
15819.0,4,1905.45,1357,96,49,227,476.3625,339.25,24.0,0.4669260700389105,Very High,Recently Inactive
15820.0,1,206.98,128,17,320,0,206.98,128.0,17.0,1.0,Low,Inactive
15821.0,2,570.96,202,57,44,17,285.48,101.0,28.5,1.2765957446808511,Medium,Recently Inactive
15822.0,2,885.47,375,28,3,356,442.735,187.5,14.0,0.15544041450777202,High,Active
15823.0,1,15.0,1,1,372,0,15.0,1.0,1.0,1.0,Low,Inactive
15825.0,1,532.94,220,20,172,0,532.94,220.0,20.0,1.0,Medium,At Risk
15826.0,3,1654.31,963,64,56,154,551.4366666666666,321.0,21.333333333333332,0.48913043478260865,Very High,Recently Inactive
15827.0,14,1836.09,882,72,73,299,131.1492857142857,63.0,5.142857142857143,1.2765957446808511,Very High,Recently Inactive
15829.0,2,636.14,996,44,99,41,318.07,498.0,22.0,0.8450704225352113,Medium,At Risk
15830.0,1,576.0,415,39,38,0,576.0,415.0,39.0,1.0,Medium,Recently Inactive
15831.0,3,794.64,1092,63,58,265,264.88,364.0,21.0,0.30508474576271183,High,Recently Inactive
15832.0,1,836.79,465,54,254,0,836.79,465.0,54.0,1.0,High,Inactive
15834.0,4,2222.65,959,241,70,206,555.6625,239.75,60.25,0.5084745762711864,Very High,Recently Inactive
15835.0,4,954.09,439,47,44,286,238.5225,109.75,11.75,0.379746835443038,High,Recently Inactive
15836.0,1,137.37,26,10,50,0,137.37,26.0,10.0,1.0,Low,Recently Inactive
15837.0,1,391.98,189,24,65,0,391.98,189.0,24.0,1.0,Medium,Recently Inactive
15838.0,19,33643.08,18368,54,11,356,1770.6884210526316,966.7368421052631,2.8421052631578947,1.4766839378238341,Very High,Active
15839.0,3,1048.49,675,56,33,114,349.49666666666667,225.0,18.666666666666668,0.625,High,Recently Inactive
15840.0,2,355.56,396,26,59,113,177.78,198.0,13.0,0.4195804195804196,Medium,Recently Inactive
15841.0,4,1224.06,942,36,73,266,306.015,235.5,9.0,0.4054054054054054,High,Recently Inactive
15843.0,1,118.95,27,8,304,0,118.95,27.0,8.0,1.0,Low,Inactive
15844.0,1,130.73999999999998,134,11,46,0,130.73999999999998,134.0,11.0,1.0,Low,Recently Inactive
15845.0,8,3711.77,1926,97,18,319,463.97125,240.75,12.125,0.6876790830945559,Very High,Active
15847.0,2,389.27,449,22,38,249,194.635,224.5,11.0,0.2150537634408602,Medium,Recently Inactive
15850.0,2,234.88,298,87,19,148,117.44,149.0,43.5,0.33707865168539325,Low,Active
15852.0,2,160.71,48,22,187,10,80.355,24.0,11.0,1.5,Low,Inactive
15853.0,1,110.8,135,29,52,0,110.8,135.0,29.0,1.0,Low,Recently Inactive
15854.0,12,2969.12,926,105,4,357,247.42666666666665,77.16666666666667,8.75,0.9302325581395349,Very High,Active
15855.0,5,712.24,470,59,137,126,142.448,94.0,11.8,0.9615384615384615,High,At Risk
15856.0,27,16142.380000000001,10863,294,4,361,597.8659259259259,402.3333333333333,10.88888888888889,2.071611253196931,Very High,Active
15857.0,1,297.0,308,14,19,0,297.0,308.0,14.0,1.0,Low,Active
15858.0,5,1427.57,1163,145,16,351,285.514,232.6,29.0,0.3937007874015748,High,Active
15860.0,8,965.16,437,105,41,327,120.645,54.625,13.125,0.6722689075630252,High,Recently Inactive
15861.0,8,3146.92,2528,339,12,254,393.365,316.0,42.375,0.8450704225352113,Very High,Active
15862.0,4,832.88,585,142,8,365,208.22,146.25,35.5,0.3037974683544304,High,Active
15863.0,2,68.84,19,18,26,167,34.42,9.5,9.0,0.30456852791878175,Low,Active
15864.0,6,1936.32,1192,16,22,293,322.71999999999997,198.66666666666666,2.6666666666666665,0.5572755417956656,Very High,Active
15865.0,3,895.13,368,37,41,173,298.37666666666667,122.66666666666667,12.333333333333334,0.4433497536945813,High,Recently Inactive
15866.0,1,211.89,124,43,101,0,211.89,124.0,43.0,1.0,Low,At Risk
15867.0,15,3803.6,2039,301,5,363,253.57333333333332,135.93333333333334,20.066666666666666,1.1450381679389314,Very High,Active
15869.0,2,149.64,175,13,277,0,74.82,87.5,6.5,2.0,Low,Inactive
15870.0,1,351.44,333,68,33,0,351.44,333.0,68.0,1.0,Medium,Recently Inactive
15872.0,2,316.25,187,101,15,0,158.125,93.5,50.5,2.0,Medium,Active
15874.0,7,4405.88,2534,110,64,220,629.4114285714286,362.0,15.714285714285714,0.8400000000000001,Very High,Recently Inactive
15877.0,2,490.33,368,122,2,16,245.165,184.0,61.0,1.3043478260869565,Medium,Active
15880.0,1,329.03,202,95,369,0,329.03,202.0,95.0,1.0,Medium,Inactive
15881.0,5,501.39,260,26,312,52,100.27799999999999,52.0,5.2,1.829268292682927,Medium,Inactive
15882.0,4,514.08,264,22,199,169,128.52,66.0,5.5,0.6030150753768844,Medium,Inactive
15883.0,2,396.48,223,42,2,31,198.24,111.5,21.0,0.9836065573770493,Medium,Active
15885.0,2,364.35,110,17,93,0,182.175,55.0,8.5,2.0,Medium,At Risk
15886.0,1,181.09,147,12,60,0,181.09,147.0,12.0,1.0,Low,Recently Inactive
15888.0,1,162.64,67,10,81,0,162.64,67.0,10.0,1.0,Low,Recently Inactive
15889.0,2,400.77,200,78,157,212,200.385,100.0,39.0,0.24793388429752067,Medium,At Risk
15891.0,1,509.13,417,59,227,0,509.13,417.0,59.0,1.0,Medium,Inactive
15894.0,2,257.6,163,34,253,115,128.8,81.5,17.0,0.4137931034482758,Low,Inactive
15895.0,1,179.17,94,11,150,0,179.17,94.0,11.0,1.0,Low,At Risk
15897.0,2,208.59,223,17,194,0,104.295,111.5,8.5,2.0,Low,Inactive
15898.0,5,1383.83,567,70,1,367,276.76599999999996,113.4,14.0,0.3778337531486146,High,Active
15899.0,1,56.25,39,4,369,0,56.25,39.0,4.0,1.0,Low,Inactive
15900.0,1,337.28000000000003,216,44,24,0,337.28000000000003,216.0,44.0,1.0,Medium,Active
15901.0,3,349.75,372,101,17,138,116.58333333333333,124.0,33.666666666666664,0.5357142857142857,Medium,Active
15903.0,7,5126.76,2410,46,10,285,732.3942857142857,344.2857142857143,6.571428571428571,0.6666666666666666,Very High,Active
15904.0,1,164.68,84,30,8,0,164.68,84.0,30.0,1.0,Low,Active
15906.0,7,1567.69,544,113,20,235,223.9557142857143,77.71428571428571,16.142857142857142,0.7924528301886794,High,Active
15907.0,3,881.87,477,174,4,206,293.95666666666665,159.0,58.0,0.38135593220338987,High,Active
15909.0,1,191.94,98,7,174,0,191.94,98.0,7.0,1.0,Low,At Risk
15910.0,8,1228.88,1013,215,1,315,153.61,126.625,26.875,0.6956521739130435,High,Active
15912.0,2,264.62,185,19,178,54,132.31,92.5,9.5,0.7142857142857143,Low,At Risk
15916.0,8,1502.8600000000001,752,124,16,350,187.85750000000002,94.0,15.5,0.6315789473684211,High,Active
15917.0,1,123.1,42,12,248,0,123.1,42.0,12.0,1.0,Low,Inactive
15918.0,2,334.23,153,33,191,80,167.115,76.5,16.5,0.5454545454545455,Medium,Inactive
15919.0,2,525.69,385,103,20,349,262.845,192.5,51.5,0.158311345646438,Medium,Active
15920.0,3,163.55,94,52,154,0,54.51666666666667,31.333333333333332,17.333333333333332,3.0,Low,At Risk
15921.0,1,323.03000000000003,162,24,173,0,323.03000000000003,162.0,24.0,1.0,Medium,At Risk
15922.0,1,369.5,138,11,373,0,369.5,138.0,11.0,1.0,Medium,Inactive
15923.0,1,127.08,122,21,373,0,127.08,122.0,21.0,1.0,Low,Inactive
15925.0,1,207.15,93,12,194,0,207.15,93.0,12.0,1.0,Low,Inactive
15930.0,1,426.63,139,21,67,0,426.63,139.0,21.0,1.0,Medium,Recently Inactive
15932.0,8,2495.87,2325,93,4,285,311.98375,290.625,11.625,0.7619047619047619,Very High,Active
15933.0,3,1107.46,885,63,21,65,369.15333333333336,295.0,21.0,0.9473684210526316,High,Active
15935.0,1,108.03999999999999,114,11,239,0,108.03999999999999,114.0,11.0,1.0,Low,Inactive
15937.0,1,145.35000000000002,73,7,64,0,145.35000000000002,73.0,7.0,1.0,Low,Recently Inactive
15938.0,5,404.58000000000004,240,13,112,211,80.91600000000001,48.0,2.6,0.6224066390041494,Medium,At Risk
15939.0,15,6115.01,4728,28,90,241,407.6673333333334,315.2,1.8666666666666667,1.6605166051660516,Very High,Recently Inactive
15940.0,1,35.8,4,1,311,0,35.8,4.0,1.0,1.0,Low,Inactive
15942.0,1,337.44,232,14,134,0,337.44,232.0,14.0,1.0,Medium,At Risk
15944.0,1,325.1,50,6,277,0,325.1,50.0,6.0,1.0,Medium,Inactive
15945.0,1,181.0,52,2,365,0,181.0,52.0,2.0,1.0,Low,Inactive
15947.0,1,1708.24,898,29,83,0,1708.24,898.0,29.0,1.0,Very High,Recently Inactive
15948.0,2,955.24,567,51,8,35,477.62,283.5,25.5,0.9230769230769229,High,Active
15949.0,2,364.72,284,12,17,54,182.36,142.0,6.0,0.7142857142857143,Medium,Active
15950.0,4,1744.71,719,86,32,327,436.1775,179.75,21.5,0.3361344537815126,Very High,Recently Inactive
15951.0,2,708.22,313,36,9,276,354.11,156.5,18.0,0.19607843137254904,High,Active
15952.0,4,781.91,391,65,34,191,195.4775,97.75,16.25,0.5429864253393666,High,Recently Inactive
15953.0,8,1657.28,891,63,15,354,207.16,111.375,7.875,0.625,Very High,Active
15955.0,14,4416.26,2135,137,24,348,315.44714285714286,152.5,9.785714285714286,1.1111111111111112,Very High,Active
15957.0,1,428.89,211,40,32,0,428.89,211.0,40.0,1.0,Medium,Recently Inactive
15958.0,1,104.35,33,7,74,0,104.35,33.0,7.0,1.0,Low,Recently Inactive
15963.0,2,470.76,298,26,20,25,235.38,149.0,13.0,1.0909090909090908,Medium,Active
15965.0,4,808.87,434,88,17,350,202.2175,108.5,22.0,0.31578947368421056,High,Active
15967.0,2,397.68,205,73,23,295,198.84,102.5,36.5,0.1846153846153846,Medium,Active
15969.0,3,666.1,124,20,3,182,222.03333333333333,41.333333333333336,6.666666666666667,0.42452830188679247,Medium,Active
15970.0,1,314.09999999999997,116,11,304,0,314.09999999999997,116.0,11.0,1.0,Medium,Inactive
15971.0,12,4199.85,1717,10,18,293,349.9875,143.08333333333334,0.8333333333333334,1.1145510835913313,Very High,Active
15973.0,1,307.82000000000005,106,4,367,0,307.82000000000005,106.0,4.0,1.0,Medium,Inactive
15974.0,7,3442.15,2262,141,39,249,491.7357142857143,323.14285714285717,20.142857142857142,0.7526881720430108,Very High,Recently Inactive
15975.0,1,371.01,243,24,84,0,371.01,243.0,24.0,1.0,Medium,Recently Inactive
15976.0,2,427.64,275,83,165,54,213.82,137.5,41.5,0.7142857142857143,Medium,At Risk
15977.0,2,1054.73,1016,48,17,21,527.365,508.0,24.0,1.1764705882352942,High,Active
15978.0,1,1098.78,888,49,77,0,1098.78,888.0,49.0,1.0,High,Recently Inactive
15980.0,3,2398.86,1560,40,89,165,799.62,520.0,13.333333333333334,0.46153846153846156,Very High,Recently Inactive
15981.0,8,3408.48,1866,53,25,286,426.06,233.25,6.625,0.759493670886076,Very High,Active
15983.0,4,1465.12,886,82,22,351,366.28,221.5,20.5,0.31496062992125984,High,Active
15984.0,10,2780.63,1815,217,3,365,278.063,181.5,21.7,0.759493670886076,Very High,Active
15985.0,2,1142.42,1086,29,123,113,571.21,543.0,14.5,0.4195804195804196,High,At Risk
15986.0,1,168.12,268,14,30,0,168.12,268.0,14.0,1.0,Low,Active
15987.0,7,1432.77,1533,110,12,356,204.68142857142857,219.0,15.714285714285714,0.544041450777202,High,Active
15988.0,1,156.78,180,26,19,0,156.78,180.0,26.0,1.0,Low,Active
15990.0,2,792.11,443,52,44,243,396.055,221.5,26.0,0.21978021978021978,High,Recently Inactive
15992.0,1,41.989999999999995,17,3,4,0,41.989999999999995,17.0,3.0,1.0,Low,Active
15993.0,7,2768.97,2031,334,9,35,395.5671428571428,290.14285714285717,47.714285714285715,3.2307692307692304,Very High,Active
15994.0,1,414.27,173,31,55,0,414.27,173.0,31.0,1.0,Medium,Recently Inactive
15996.0,6,1032.58,380,103,88,277,172.09666666666666,63.333333333333336,17.166666666666668,0.5863192182410424,High,Recently Inactive
15998.0,5,3080.22,2032,370,37,325,616.044,406.4,74.0,0.4225352112676056,Very High,Recently Inactive
16000.0,3,12393.7,5110,9,3,0,4131.233333333334,1703.3333333333333,3.0,3.0,Very High,Active
16003.0,5,2735.37,1185,82,30,329,547.074,237.0,16.4,0.4178272980501393,Very High,Active
16005.0,4,578.71,280,173,12,258,144.6775,70.0,43.25,0.4166666666666667,Medium,Active
16006.0,1,101.4,84,8,211,0,101.4,84.0,8.0,1.0,Low,Inactive
16007.0,4,1693.81,1388,221,48,167,423.4525,347.0,55.25,0.6091370558375635,Very High,Recently Inactive
16008.0,3,478.78,323,29,24,180,159.59333333333333,107.66666666666667,9.666666666666666,0.42857142857142855,Medium,Active
16009.0,4,972.11,366,68,22,137,243.0275,91.5,17.0,0.718562874251497,High,Active
16010.0,3,392.4,202,62,246,116,130.79999999999998,67.33333333333333,20.666666666666668,0.6164383561643835,Medium,Inactive
16011.0,16,3352.96,2035,99,8,357,209.56,127.1875,6.1875,1.2403100775193798,Very High,Active
16012.0,3,1415.29,799,87,35,119,471.7633333333333,266.3333333333333,29.0,0.6040268456375839,High,Recently Inactive
16013.0,47,37130.6,15536,30,4,367,790.0127659574467,330.5531914893617,0.6382978723404256,3.5516372795969775,Very High,Active
16014.0,3,646.83,258,123,38,253,215.61,86.0,41.0,0.31802120141342755,Medium,Recently Inactive
16015.0,3,704.26,906,145,4,45,234.75333333333333,302.0,48.333333333333336,1.2,High,Active
16016.0,8,1465.51,602,156,3,363,183.18875,75.25,19.5,0.6106870229007634,High,Active
16017.0,1,211.88,102,26,47,0,211.88,102.0,26.0,1.0,Low,Recently Inactive
16018.0,2,408.9,190,26,39,141,204.45,95.0,13.0,0.3508771929824561,Medium,Recently Inactive
16019.0,9,3786.24,1733,133,47,317,420.6933333333333,192.55555555555554,14.777777777777779,0.7780979827089337,Very High,Recently Inactive
16020.0,3,851.01,487,42,17,48,283.67,162.33333333333334,14.0,1.1538461538461537,High,Active
16022.0,1,602.63,255,68,260,0,602.63,255.0,68.0,1.0,Medium,Inactive
16023.0,3,719.81,358,90,46,220,239.93666666666664,119.33333333333333,30.0,0.36000000000000004,High,Recently Inactive
16024.0,1,245.75,377,60,12,0,245.75,377.0,60.0,1.0,Low,Active
16025.0,1,439.65999999999997,338,28,30,0,439.65999999999997,338.0,28.0,1.0,Medium,Active
16026.0,1,236.09,243,30,43,0,236.09,243.0,30.0,1.0,Low,Recently Inactive
16027.0,6,934.62,1147,11,92,210,155.77,191.16666666666666,1.8333333333333333,0.75,High,At Risk
16029.0,63,80850.84,40108,44,39,335,1283.3466666666666,636.6349206349206,0.6984126984126984,5.178082191780822,Very High,Recently Inactive
16030.0,1,331.24,283,28,310,0,331.24,283.0,28.0,1.0,Medium,Inactive
16031.0,2,547.9,421,91,92,154,273.95,210.5,45.5,0.32608695652173914,Medium,At Risk
16033.0,20,8778.82,3529,538,6,364,438.941,176.45,26.9,1.5228426395939088,Very High,Active
16034.0,3,437.70000000000005,242,18,196,136,145.9,80.66666666666667,6.0,0.5421686746987951,Medium,Inactive
16036.0,2,758.9200000000001,716,55,87,176,379.46000000000004,358.0,27.5,0.29126213592233013,High,Recently Inactive
16037.0,3,855.02,428,37,270,88,285.00666666666666,142.66666666666666,12.333333333333334,0.7627118644067797,High,Inactive
16038.0,3,471.78,244,24,8,194,157.26,81.33333333333333,8.0,0.4017857142857143,Medium,Active
16040.0,3,1313.55,684,57,65,203,437.84999999999997,228.0,19.0,0.38626609442060084,High,Recently Inactive
16041.0,3,3166.4,1584,6,31,110,1055.4666666666667,528.0,2.0,0.6428571428571429,Very High,Recently Inactive
16042.0,5,1177.47,743,68,22,310,235.494,148.6,13.6,0.4411764705882353,High,Active
16043.0,4,773.99,503,30,38,280,193.4975,125.75,7.5,0.3870967741935484,High,Recently Inactive
16045.0,4,1340.7,897,71,120,170,335.175,224.25,17.75,0.6,High,At Risk
16048.0,2,256.44,144,8,373,0,128.22,72.0,4.0,2.0,Low,Inactive
16049.0,3,1074.81,763,248,40,34,358.27,254.33333333333334,82.66666666666667,1.40625,High,Recently Inactive
16050.0,1,137.9,278,10,174,0,137.9,278.0,10.0,1.0,Low,At Risk
16052.0,1,362.06,282,34,54,0,362.06,282.0,34.0,1.0,Medium,Recently Inactive
16053.0,2,1511.95,1793,81,33,89,755.975,896.5,40.5,0.5042016806722689,High,Recently Inactive
16054.0,1,783.9,380,70,145,0,783.9,380.0,70.0,1.0,High,At Risk
16055.0,1,134.8,22,8,221,0,134.8,22.0,8.0,1.0,Low,Inactive
16056.0,1,650.75,345,66,45,0,650.75,345.0,66.0,1.0,Medium,Recently Inactive
16057.0,7,2263.12,863,109,16,268,323.30285714285714,123.28571428571429,15.571428571428571,0.7046979865771812,Very High,Active
16059.0,6,1453.16,641,126,66,301,242.19333333333336,106.83333333333333,21.0,0.5438066465256798,High,Recently Inactive
16062.0,4,1153.62,800,50,10,355,288.405,200.0,12.5,0.3116883116883117,High,Active
16063.0,1,335.32,262,23,260,0,335.32,262.0,23.0,1.0,Medium,Inactive
16065.0,1,367.14,228,71,365,0,367.14,228.0,71.0,1.0,Medium,Inactive
16066.0,5,1521.04,935,77,17,107,304.20799999999997,187.0,15.4,1.094890510948905,High,Active
16070.0,2,852.15,457,32,22,9,426.075,228.5,16.0,1.5384615384615383,High,Active
16071.0,1,326.24,180,21,45,0,326.24,180.0,21.0,1.0,Medium,Recently Inactive
16072.0,1,584.3199999999999,140,23,288,0,584.3199999999999,140.0,23.0,1.0,Medium,Inactive
16073.0,1,122.4,48,1,297,0,122.4,48.0,1.0,1.0,Low,Inactive
16076.0,10,2234.73,1435,71,3,205,223.473,143.5,7.1,1.2765957446808511,Very High,Active
16078.0,1,79.2,16,1,284,0,79.2,16.0,1.0,1.0,Low,Inactive
16079.0,3,1352.0,864,18,17,23,450.6666666666667,288.0,6.0,1.6981132075471699,High,Active
16080.0,2,217.16,128,10,82,192,108.58,64.0,5.0,0.27027027027027023,Low,Recently Inactive
16081.0,5,2799.42,1473,175,56,310,559.884,294.6,35.0,0.4411764705882353,Very High,Recently Inactive
16083.0,2,1317.62,908,31,101,259,658.81,454.0,15.5,0.20761245674740486,High,At Risk
16084.0,1,436.18,216,38,299,0,436.18,216.0,38.0,1.0,Medium,Inactive
16085.0,5,981.51,636,123,23,297,196.302,127.2,24.6,0.4587155963302752,High,Active
16086.0,5,1121.39,511,24,59,307,224.27800000000002,102.2,4.8,0.4451038575667656,High,Recently Inactive
16091.0,2,315.06,154,16,155,43,157.53,77.0,8.0,0.821917808219178,Medium,At Risk
16092.0,3,817.86,628,37,115,139,272.62,209.33333333333334,12.333333333333334,0.5325443786982248,High,At Risk
16093.0,1,17.0,20,1,107,0,17.0,20.0,1.0,1.0,Low,At Risk
16094.0,4,1078.23,647,48,12,207,269.5575,161.75,12.0,0.5063291139240506,High,Active
16096.0,1,320.62,155,12,264,0,320.62,155.0,12.0,1.0,Medium,Inactive
16097.0,1,185.04999999999998,87,10,240,0,185.04999999999998,87.0,10.0,1.0,Low,Inactive
16098.0,7,2005.63,613,34,88,286,286.5185714285714,87.57142857142857,4.857142857142857,0.6645569620253164,Very High,Recently Inactive
16099.0,3,731.9,434,29,50,175,243.96666666666667,144.66666666666666,9.666666666666666,0.43902439024390244,High,Recently Inactive
16101.0,1,1290.7,757,76,71,0,1290.7,757.0,76.0,1.0,High,Recently Inactive
16102.0,3,1842.14,942,41,42,86,614.0466666666667,314.0,13.666666666666666,0.7758620689655172,Very High,Recently Inactive
16103.0,6,1429.64,558,30,7,226,238.27333333333334,93.0,5.0,0.703125,High,Active
16104.0,1,298.21,122,28,62,0,298.21,122.0,28.0,1.0,Low,Recently Inactive
16105.0,1,336.96,330,13,249,0,336.96,330.0,13.0,1.0,Medium,Inactive
16106.0,1,108.38,74,6,66,0,108.38,74.0,6.0,1.0,Low,Recently Inactive
16107.0,7,3204.1600000000003,1176,16,18,165,457.7371428571429,168.0,2.2857142857142856,1.0769230769230769,Very High,Active
16108.0,1,842.5,615,48,85,0,842.5,615.0,48.0,1.0,High,Recently Inactive
16109.0,2,611.88,612,18,219,89,305.94,306.0,9.0,0.5042016806722689,Medium,Inactive
16110.0,3,1320.95,720,283,45,266,440.31666666666666,240.0,94.33333333333333,0.30405405405405406,High,Recently Inactive
16112.0,4,195.74,574,15,143,195,48.935,143.5,3.75,0.5333333333333333,Low,At Risk
16113.0,1,161.38,176,30,183,0,161.38,176.0,30.0,1.0,Low,Inactive
16114.0,1,135.75000000000003,43,8,171,0,135.75000000000003,43.0,8.0,1.0,Low,At Risk
16115.0,8,1660.8799999999999,994,169,10,282,207.60999999999999,124.25,21.125,0.7692307692307692,Very High,Active
16116.0,1,612.78,248,34,212,0,612.78,248.0,34.0,1.0,Medium,Inactive
16117.0,1,232.21,130,30,190,0,232.21,130.0,30.0,1.0,Low,Inactive
16119.0,2,423.36,240,14,8,64,211.68,120.0,7.0,0.6382978723404256,Medium,Active
16120.0,4,1309.14,878,26,59,0,327.285,219.5,6.5,4.0,High,Recently Inactive
16121.0,2,854.66,576,170,57,158,427.33,288.0,85.0,0.3191489361702128,High,Recently Inactive
16122.0,4,684.42,1128,26,73,293,171.105,282.0,6.5,0.37151702786377705,High,Recently Inactive
16123.0,1,307.78000000000003,170,16,52,0,307.78000000000003,170.0,16.0,1.0,Medium,Recently Inactive
16124.0,1,249.0,48,11,317,0,249.0,48.0,11.0,1.0,Low,Inactive
16125.0,1,289.35,124,13,367,0,289.35,124.0,13.0,1.0,Low,Inactive
16126.0,4,6287.77,2125,57,29,267,1571.9425,531.25,14.25,0.40404040404040403,Very High,Active
16127.0,1,656.25,323,40,39,0,656.25,323.0,40.0,1.0,Medium,Recently Inactive
16128.0,5,1880.22,988,76,18,264,376.044,197.6,15.2,0.5102040816326531,Very High,Active
16131.0,6,3506.54,1802,55,52,188,584.4233333333333,300.3333333333333,9.166666666666666,0.8256880733944955,Very High,Recently Inactive
16133.0,33,14589.04,8887,219,4,314,442.09212121212124,269.3030303030303,6.636363636363637,2.877906976744186,Very High,Active
16134.0,2,618.09,371,34,22,337,309.045,185.5,17.0,0.16348773841961853,Medium,Active
16135.0,1,517.55,209,21,263,0,517.55,209.0,21.0,1.0,Medium,Inactive
16136.0,3,709.38,440,35,60,217,236.46,146.66666666666666,11.666666666666666,0.36437246963562747,High,Recently Inactive
16139.0,3,635.4100000000001,330,25,19,187,211.80333333333337,110.0,8.333333333333334,0.4147465437788018,Medium,Active
16140.0,2,725.1800000000001,730,32,66,305,362.59000000000003,365.0,16.0,0.17910447761194032,High,Recently Inactive
16141.0,1,620.4,238,30,88,0,620.4,238.0,30.0,1.0,Medium,Recently Inactive
16142.0,1,535.34,422,37,250,0,535.34,422.0,37.0,1.0,Medium,Inactive
16143.0,6,2424.94,919,75,3,365,404.1566666666667,153.16666666666666,12.5,0.4556962025316456,Very High,Active
16144.0,1,175.2,16,1,247,0,175.2,16.0,1.0,1.0,Low,Inactive
16145.0,11,3799.4900000000002,3123,134,9,351,345.40818181818184,283.90909090909093,12.181818181818182,0.8661417322834646,Very High,Active
16146.0,3,734.13,427,26,157,74,244.71,142.33333333333334,8.666666666666666,0.8653846153846153,High,At Risk
16147.0,1,375.0,246,22,134,0,375.0,246.0,22.0,1.0,Medium,At Risk
16148.0,1,76.32000000000001,72,1,296,0,76.32000000000001,72.0,1.0,1.0,Low,Inactive
16149.0,2,280.52,308,18,5,137,140.26,154.0,9.0,0.3592814371257485,Low,Active
16150.0,5,2053.02,1047,91,43,329,410.604,209.4,18.2,0.4178272980501393,Very High,Recently Inactive
16152.0,1,1829.04,642,29,269,0,1829.04,642.0,29.0,1.0,Very High,Inactive
16153.0,5,1824.23,1073,78,50,305,364.846,214.6,15.6,0.44776119402985076,Very High,Recently Inactive
16156.0,9,3092.04,1273,108,9,302,343.56,141.44444444444446,12.0,0.8132530120481928,Very High,Active
16157.0,3,656.69,347,12,16,56,218.89666666666668,115.66666666666667,4.0,1.0465116279069768,Medium,Active
16159.0,1,348.2,236,14,282,0,348.2,236.0,14.0,1.0,Medium,Inactive
16160.0,2,1025.44,1162,20,65,20,512.72,581.0,10.0,1.2000000000000002,High,Recently Inactive
16161.0,19,5533.67,2583,286,2,367,291.2457894736842,135.94736842105263,15.052631578947368,1.4357682619647356,Very High,Active
16162.0,1,37.4,4,2,252,0,37.4,4.0,2.0,1.0,Low,Inactive
16163.0,2,856.6,192,5,232,132,428.3,96.0,2.5,0.37037037037037035,High,Inactive
16164.0,3,822.48,433,27,17,25,274.16,144.33333333333334,9.0,1.6363636363636362,High,Active
16168.0,27,3787.6,1892,57,11,359,140.28148148148148,70.07407407407408,2.111111111111111,2.082262210796915,Very High,Active
16169.0,4,1822.97,1325,71,8,67,455.7425,331.25,17.75,1.2371134020618557,Very High,Active
16170.0,6,1885.05,1770,106,51,197,314.175,295.0,17.666666666666668,0.7929515418502203,Very High,Recently Inactive
16171.0,1,73.19999999999999,24,3,59,0,73.19999999999999,24.0,3.0,1.0,Low,Recently Inactive
16172.0,5,1140.21,787,52,95,146,228.042,157.4,10.4,0.8522727272727273,High,At Risk
16173.0,6,1418.32,575,70,16,82,236.38666666666666,95.83333333333333,11.666666666666666,1.6071428571428572,High,Active
16174.0,3,1009.55,651,19,126,25,336.51666666666665,217.0,6.333333333333333,1.6363636363636362,High,At Risk
16175.0,4,1037.5900000000001,533,45,94,145,259.39750000000004,133.25,11.25,0.6857142857142857,High,At Risk
16177.0,1,331.95,95,15,50,0,331.95,95.0,15.0,1.0,Medium,Recently Inactive
16178.0,1,197.9,94,8,138,0,197.9,94.0,8.0,1.0,Low,At Risk
16179.0,1,215.83,99,11,61,0,215.83,99.0,11.0,1.0,Low,Recently Inactive
16180.0,8,10254.18,5867,90,100,152,1281.7725,733.375,11.25,1.3186813186813187,Very High,At Risk
16181.0,1,305.54,152,11,73,0,305.54,152.0,11.0,1.0,Low,Recently Inactive
16182.0,4,6617.65,3791,17,72,222,1654.4125,947.75,4.25,0.47619047619047616,Very High,Recently Inactive
16183.0,1,338.71000000000004,113,15,67,0,338.71000000000004,113.0,15.0,1.0,Medium,Recently Inactive
16184.0,6,1158.79,561,26,64,147,193.13166666666666,93.5,4.333333333333333,1.0169491525423728,High,Recently Inactive
16185.0,2,529.41,260,31,17,215,264.705,130.0,15.5,0.24489795918367344,Medium,Active
16186.0,12,4006.94,3020,87,23,349,333.9116666666667,251.66666666666666,7.25,0.949868073878628,Very High,Active
16187.0,15,6911.4400000000005,5048,160,32,252,460.7626666666667,336.53333333333336,10.666666666666666,1.5957446808510638,Very High,Recently Inactive
16188.0,4,981.86,782,65,45,198,245.465,195.5,16.25,0.5263157894736842,High,Recently Inactive
16189.0,2,215.48,134,9,16,69,107.74,67.0,4.5,0.6060606060606061,Low,Active
16190.0,1,215.08,88,6,40,0,215.08,88.0,6.0,1.0,Low,Recently Inactive
16191.0,13,5180.52,3351,65,3,357,398.5015384615385,257.7692307692308,5.0,1.0077519379844961,Very High,Active
16193.0,1,314.45,219,19,237,0,314.45,219.0,19.0,1.0,Medium,Inactive
16198.0,1,400.68100000000004,129,15,75,0,400.68100000000004,129.0,15.0,1.0,Medium,Recently Inactive
16200.0,2,1068.8700000000001,516,149,4,159,534.4350000000001,258.0,74.5,0.31746031746031744,High,Active
16201.0,4,1863.47,1286,74,3,106,465.8675,321.5,18.5,0.8823529411764706,Very High,Active
16202.0,1,365.27,191,18,361,0,365.27,191.0,18.0,1.0,Medium,Inactive
16203.0,4,592.9,262,27,59,313,148.225,65.5,6.75,0.3498542274052478,Medium,Recently Inactive
16204.0,1,384.18,218,45,23,0,384.18,218.0,45.0,1.0,Medium,Active
16205.0,4,751.03,512,72,31,148,187.7575,128.0,18.0,0.6741573033707865,High,Recently Inactive
16206.0,4,537.0600000000001,272,52,55,272,134.26500000000001,68.0,13.0,0.3973509933774835,Medium,Recently Inactive
16207.0,1,394.38,140,19,25,0,394.38,140.0,19.0,1.0,Medium,Active
16208.0,2,664.26,333,61,45,244,332.13,166.5,30.5,0.21897810218978103,Medium,Recently Inactive
16209.0,5,2262.62,1179,37,89,157,452.524,235.8,7.4,0.8021390374331551,Very High,Recently Inactive
16210.0,17,21076.3,7558,73,2,372,1239.7823529411764,444.5882352941176,4.294117647058823,1.2686567164179103,Very High,Active
16211.0,1,547.02,154,23,89,0,547.02,154.0,23.0,1.0,Medium,Recently Inactive
16212.0,2,690.34,244,40,19,264,345.17,122.0,20.0,0.2040816326530612,High,Active
16213.0,1,159.0,48,6,79,0,159.0,48.0,6.0,1.0,Low,Recently Inactive
16214.0,3,1062.75,420,36,171,98,354.25,140.0,12.0,0.703125,High,At Risk
16215.0,1,242.35,104,14,81,0,242.35,104.0,14.0,1.0,Low,Recently Inactive
16216.0,1,914.9300000000001,254,37,267,0,914.9300000000001,254.0,37.0,1.0,High,Inactive
16217.0,2,304.25,91,13,235,46,152.125,45.5,6.5,0.7894736842105263,Low,Inactive
16218.0,7,3084.68,2088,56,30,343,440.6685714285714,298.2857142857143,8.0,0.5630026809651475,Very High,Active
16221.0,3,860.86,714,90,37,330,286.9533333333333,238.0,30.0,0.25,High,Recently Inactive
16222.0,1,773.55,325,120,318,0,773.55,325.0,120.0,1.0,High,Inactive
16224.0,4,1295.3,1116,90,57,192,323.825,279.0,22.5,0.5405405405405405,High,Recently Inactive
16225.0,5,1096.32,493,109,45,232,219.26399999999998,98.6,21.8,0.5725190839694656,High,Recently Inactive
16226.0,3,255.12,192,6,203,32,85.04,64.0,2.0,1.4516129032258067,Low,Inactive
16227.0,1,314.22,90,6,225,0,314.22,90.0,6.0,1.0,Medium,Inactive
16229.0,2,1010.6,318,46,87,125,505.3,159.0,23.0,0.3870967741935484,High,Recently Inactive
16230.0,2,542.03,365,32,190,30,271.015,182.5,16.0,1.0,Medium,Inactive
16232.0,4,990.88,550,24,44,171,247.72,137.5,6.0,0.5970149253731343,High,Recently Inactive
16233.0,3,536.6800000000001,174,22,71,295,178.89333333333335,58.0,7.333333333333333,0.2769230769230769,Medium,Recently Inactive
16235.0,5,867.3100000000001,330,42,41,291,173.46200000000002,66.0,8.4,0.4672897196261683,High,Recently Inactive
16236.0,1,432.2,184,20,78,0,432.2,184.0,20.0,1.0,Medium,Recently Inactive
16239.0,2,414.2,228,18,57,132,207.1,114.0,9.0,0.37037037037037035,Medium,Recently Inactive
16240.0,2,3718.8,1641,126,24,53,1859.4,820.5,63.0,0.7228915662650602,Very High,Active
16241.0,13,2590.31,1443,347,10,360,199.2546153846154,111.0,26.692307692307693,1.0,Very High,Active
16242.0,7,3579.86,1969,184,8,268,511.40857142857146,281.2857142857143,26.285714285714285,0.7046979865771812,Very High,Active
16243.0,2,409.1,110,49,34,21,204.55,55.0,24.5,1.1764705882352942,Medium,Recently Inactive
16244.0,2,1522.75,855,88,212,160,761.375,427.5,44.0,0.31578947368421056,High,Inactive
16245.0,3,1413.66,1014,80,24,233,471.22,338.0,26.666666666666668,0.3422053231939164,High,Active
16247.0,1,114.56,182,16,170,0,114.56,182.0,16.0,1.0,Low,At Risk
16248.0,1,152.94,78,7,62,0,152.94,78.0,7.0,1.0,Low,Recently Inactive
16249.0,5,1800.07,950,67,53,186,360.014,190.0,13.4,0.6944444444444444,Very High,Recently Inactive
16250.0,2,389.44,208,22,261,112,194.72,104.0,11.0,0.4225352112676056,Medium,Inactive
16253.0,2,3683.86,3233,114,67,188,1841.93,1616.5,57.0,0.27522935779816515,Very High,Recently Inactive
16255.0,8,2619.91,1767,146,17,348,327.48875,220.875,18.25,0.6349206349206349,Very High,Active
16256.0,1,752.4300000000001,581,13,267,0,752.4300000000001,581.0,13.0,1.0,High,Inactive
16257.0,1,46.95,2,2,177,0,46.95,2.0,2.0,1.0,Low,At Risk
16258.0,5,5203.51,2994,111,45,173,1040.702,598.8,22.2,0.7389162561576355,Very High,Recently Inactive
16260.0,1,1035.45,311,18,51,0,1035.45,311.0,18.0,1.0,High,Recently Inactive
16261.0,4,728.54,301,98,17,228,182.135,75.25,24.5,0.46511627906976744,High,Active
16265.0,9,5447.0,2646,164,9,355,605.2222222222222,294.0,18.22222222222222,0.7012987012987013,Very High,Active
16266.0,7,861.89,398,44,74,132,123.12714285714286,56.857142857142854,6.285714285714286,1.2962962962962963,High,Recently Inactive
16268.0,2,667.65,533,45,71,0,333.825,266.5,22.5,2.0,Medium,Recently Inactive
16270.0,1,1141.24,688,54,353,0,1141.24,688.0,54.0,1.0,High,Inactive
16271.0,5,1404.64,1024,89,3,355,280.928,204.8,17.8,0.3896103896103896,High,Active
16272.0,1,411.7,224,25,117,0,411.7,224.0,25.0,1.0,Medium,At Risk
16274.0,1,331.55,151,63,373,0,331.55,151.0,63.0,1.0,Medium,Inactive
16275.0,1,559.87,336,33,197,0,559.87,336.0,33.0,1.0,Medium,Inactive
16276.0,1,810.6,420,6,177,0,810.6,420.0,6.0,1.0,High,At Risk
16278.0,1,566.38,114,23,100,0,566.38,114.0,23.0,1.0,Medium,At Risk
16279.0,3,1502.78,1046,102,21,155,500.9266666666667,348.6666666666667,34.0,0.48648648648648646,High,Active
16281.0,1,2062.06,934,17,72,0,2062.06,934.0,17.0,1.0,Very High,Recently Inactive
16282.0,1,168.3,114,11,340,0,168.3,114.0,11.0,1.0,Low,Inactive
16283.0,5,1569.11,1234,116,6,202,313.822,246.8,23.2,0.646551724137931,High,Active
16284.0,2,812.68,535,87,31,19,406.34,267.5,43.5,1.2244897959183674,High,Recently Inactive
16287.0,1,142.5,298,8,170,0,142.5,298.0,8.0,1.0,Low,At Risk
16292.0,1,302.25,191,17,122,0,302.25,191.0,17.0,1.0,Low,At Risk
16293.0,10,2248.9900000000002,982,102,22,345,224.89900000000003,98.2,10.2,0.8,Very High,Active
16295.0,4,1328.55,841,70,10,54,332.1375,210.25,17.5,1.4285714285714286,High,Active
16297.0,1,301.9,206,20,269,0,301.9,206.0,20.0,1.0,Low,Inactive
16298.0,3,598.2,198,22,23,164,199.4,66.0,7.333333333333333,0.4639175257731959,Medium,Active
16302.0,1,233.22,158,11,127,0,233.22,158.0,11.0,1.0,Low,At Risk
16303.0,3,5360.63,2659,119,26,307,1786.8766666666668,886.3333333333334,39.666666666666664,0.26706231454005935,Very High,Active
16305.0,1,361.22,256,22,139,0,361.22,256.0,22.0,1.0,Medium,At Risk
16306.0,6,632.27,487,36,214,153,105.37833333333333,81.16666666666667,6.0,0.9836065573770493,Medium,Inactive
16308.0,4,2560.0,8000,1,38,223,640.0,2000.0,0.25,0.4743083003952569,Very High,Recently Inactive
16309.0,2,706.57,467,39,106,134,353.285,233.5,19.5,0.36585365853658536,High,At Risk
16311.0,2,616.26,394,35,18,31,308.13,197.0,17.5,0.9836065573770493,Medium,Active
16313.0,2,274.15000000000003,165,16,3,46,137.07500000000002,82.5,8.0,0.7894736842105263,Low,Active
16315.0,1,226.37,75,14,331,0,226.37,75.0,14.0,1.0,Low,Inactive
16316.0,8,2938.91,1484,120,64,293,367.36375,185.5,15.0,0.7430340557275541,Very High,Recently Inactive
16317.0,3,1341.65,890,64,120,177,447.2166666666667,296.6666666666667,21.333333333333332,0.43478260869565216,High,At Risk
16318.0,1,328.15000000000003,199,19,35,0,328.15000000000003,199.0,19.0,1.0,Medium,Recently Inactive
16319.0,1,404.40000000000003,72,3,218,0,404.40000000000003,72.0,3.0,1.0,Medium,Inactive
16320.0,2,1038.46,732,56,172,40,519.23,366.0,28.0,0.8571428571428572,High,At Risk
16321.0,5,373.65000000000003,135,7,72,251,74.73,27.0,1.4,0.5338078291814946,Medium,Recently Inactive
16322.0,2,326.75,231,28,1,35,163.375,115.5,14.0,0.9230769230769229,Medium,Active
16323.0,1,207.50000000000003,50,1,196,0,207.50000000000003,50.0,1.0,1.0,Low,Inactive
16324.0,3,408.59000000000003,270,100,128,48,136.1966666666667,90.0,33.333333333333336,1.1538461538461537,Medium,At Risk
16325.0,3,594.24,194,14,47,198,198.08,64.66666666666667,4.666666666666667,0.39473684210526316,Medium,Recently Inactive
16326.0,14,3039.2200000000003,682,158,6,328,217.08714285714288,48.714285714285715,11.285714285714286,1.1731843575418994,Very High,Active
16327.0,6,3789.67,2524,141,14,355,631.6116666666667,420.6666666666667,23.5,0.4675324675324675,Very High,Active
16330.0,3,251.91,147,39,18,94,83.97,49.0,13.0,0.7258064516129034,Low,Active
16332.0,7,1582.8,797,125,28,277,226.1142857142857,113.85714285714286,17.857142857142858,0.6840390879478828,High,Active
16333.0,22,26626.8,32184,9,8,302,1210.3090909090909,1462.909090909091,0.4090909090909091,1.9879518072289157,Very High,Active
16337.0,1,151.05,87,10,37,0,151.05,87.0,10.0,1.0,Low,Recently Inactive
16338.0,1,214.8,94,11,157,0,214.8,94.0,11.0,1.0,Low,At Risk
16339.0,1,94.05,21,17,284,0,94.05,21.0,17.0,1.0,Low,Inactive
16340.0,1,534.31,486,124,107,0,534.31,486.0,124.0,1.0,Medium,At Risk
16341.0,4,1971.8700000000001,1398,60,25,176,492.96750000000003,349.5,15.0,0.5825242718446603,Very High,Active
16342.0,4,322.41,157,10,75,104,80.6025,39.25,2.5,0.8955223880597015,Medium,Recently Inactive
16343.0,2,328.58,175,29,16,0,164.29,87.5,14.5,2.0,Medium,Active
16344.0,1,101.10000000000001,18,1,158,0,101.10000000000001,18.0,1.0,1.0,Low,At Risk
16345.0,1,565.46,288,35,44,0,565.46,288.0,35.0,1.0,Medium,Recently Inactive
16347.0,2,847.45,341,61,11,25,423.725,170.5,30.5,1.0909090909090908,High,Active
16348.0,7,1413.31,799,156,32,207,201.90142857142857,114.14285714285714,22.285714285714285,0.8860759493670886,High,Recently Inactive
16349.0,1,53.5,9,9,291,0,53.5,9.0,9.0,1.0,Low,Inactive
16350.0,4,1116.47,545,40,21,312,279.1175,136.25,10.0,0.3508771929824561,High,Active
16351.0,1,153.9,90,8,333,0,153.9,90.0,8.0,1.0,Low,Inactive
16352.0,2,494.44,300,28,18,20,247.22,150.0,14.0,1.2000000000000002,Medium,Active
16353.0,23,6675.71,2006,51,4,366,290.24826086956523,87.21739130434783,2.217391304347826,1.7424242424242424,Very High,Active
16354.0,2,395.8,150,38,63,9,197.9,75.0,19.0,1.5384615384615383,Medium,Recently Inactive
16356.0,3,211.77,93,20,198,79,70.59,31.0,6.666666666666667,0.8256880733944955,Low,Inactive
16357.0,3,658.88,246,31,33,180,219.62666666666667,82.0,10.333333333333334,0.42857142857142855,Medium,Recently Inactive
16358.0,4,2027.5,1302,82,1,183,506.875,325.5,20.5,0.5633802816901409,Very High,Active
16359.0,9,1750.92,1183,39,7,324,194.54666666666668,131.44444444444446,4.333333333333333,0.7627118644067796,Very High,Active
16360.0,6,3450.41,2110,365,5,83,575.0683333333333,351.6666666666667,60.833333333333336,1.592920353982301,Very High,Active
16361.0,4,891.21,418,87,10,61,222.8025,104.5,21.75,1.3186813186813187,High,Active
16362.0,5,709.99,340,58,32,58,141.998,68.0,11.6,1.7045454545454544,High,Recently Inactive
16363.0,1,109.36000000000001,52,5,53,0,109.36000000000001,52.0,5.0,1.0,Low,Recently Inactive
16364.0,2,705.79,279,48,12,125,352.895,139.5,24.0,0.3870967741935484,High,Active
16365.0,9,1540.42,504,45,18,349,171.1577777777778,56.0,5.0,0.712401055408971,High,Active
16366.0,1,327.3,256,18,19,0,327.3,256.0,18.0,1.0,Medium,Active
16367.0,2,800.67,643,123,37,325,400.335,321.5,61.5,0.16901408450704225,High,Recently Inactive
16368.0,2,479.91,251,58,2,25,239.955,125.5,29.0,1.0909090909090908,Medium,Active
16369.0,3,1543.33,1026,90,18,178,514.4433333333333,342.0,30.0,0.43269230769230765,High,Active
16370.0,4,1301.91,640,143,82,142,325.4775,160.0,35.75,0.6976744186046512,High,Recently Inactive
16372.0,2,355.73,158,86,33,0,177.865,79.0,43.0,2.0,Medium,Recently Inactive
16374.0,2,458.78,236,100,66,196,229.39,118.0,50.0,0.26548672566371684,Medium,Recently Inactive
16376.0,2,974.96,691,104,9,8,487.48,345.5,52.0,1.5789473684210527,High,Active
16377.0,1,676.2,1500,5,267,0,676.2,1500.0,5.0,1.0,High,Inactive
16378.0,3,362.95,267,22,247,63,120.98333333333333,89.0,7.333333333333333,0.9677419354838709,Medium,Inactive
16379.0,4,2157.4,1410,87,4,74,539.35,352.5,21.75,1.1538461538461537,Very High,Active
16380.0,1,1743.1499999999999,1428,28,61,0,1743.1499999999999,1428.0,28.0,1.0,Very High,Recently Inactive
16383.0,2,643.76,467,80,75,193,321.88,233.5,40.0,0.26905829596412556,Medium,Recently Inactive
16384.0,2,584.5,260,33,90,174,292.25,130.0,16.5,0.29411764705882354,Medium,Recently Inactive
16385.0,3,554.86,258,52,60,306,184.95333333333335,86.0,17.333333333333332,0.26785714285714285,Medium,Recently Inactive
16386.0,2,302.57,205,76,29,225,151.285,102.5,38.0,0.23529411764705882,Low,Active
16387.0,1,94.36,44,4,323,0,94.36,44.0,4.0,1.0,Low,Inactive
16389.0,4,1382.0700000000002,1242,33,53,229,345.51750000000004,310.5,8.25,0.46332046332046334,High,Recently Inactive
16392.0,1,217.89000000000001,201,41,270,0,217.89000000000001,201.0,41.0,1.0,Low,Inactive
16393.0,13,3040.96,1573,120,2,366,233.92000000000002,121.0,9.23076923076923,0.9848484848484849,Very High,Active
16394.0,5,1555.34,2604,61,57,232,311.068,520.8,12.2,0.5725190839694656,High,Recently Inactive
16395.0,5,1482.06,1472,150,61,270,296.412,294.4,30.0,0.5,High,Recently Inactive
16398.0,2,1705.8,758,75,154,99,852.9,379.0,37.5,0.46511627906976744,Very High,At Risk
16399.0,2,406.22,245,67,19,216,203.11,122.5,33.5,0.24390243902439027,Medium,Active
16400.0,1,303.93,172,28,95,0,303.93,172.0,28.0,1.0,Low,At Risk
16401.0,12,4098.32,3882,66,1,326,341.52666666666664,323.5,5.5,1.0112359550561798,Very High,Active
16402.0,2,293.45,146,55,265,104,146.725,73.0,27.5,0.44776119402985076,Low,Inactive
16403.0,1,177.5,114,10,312,0,177.5,114.0,10.0,1.0,Low,Inactive
16404.0,1,443.05,157,23,70,0,443.05,157.0,23.0,1.0,Medium,Recently Inactive
16405.0,2,167.25,187,3,302,7,83.625,93.5,1.5,1.6216216216216215,Low,Inactive
16406.0,1,154.35,116,54,19,0,154.35,116.0,54.0,1.0,Low,Active
16407.0,10,2079.68,1093,99,13,299,207.968,109.3,9.9,0.9118541033434651,Very High,Active
16409.0,5,2022.98,1304,145,36,281,404.596,260.8,29.0,0.4823151125401929,Very High,Recently Inactive
16411.0,2,211.7,131,41,19,349,105.85,65.5,20.5,0.158311345646438,Low,Active
16412.0,1,135.99,63,25,54,0,135.99,63.0,25.0,1.0,Low,Recently Inactive
16413.0,1,262.2,148,30,57,0,262.2,148.0,30.0,1.0,Low,Recently Inactive
16414.0,2,126.25,27,5,22,258,63.125,13.5,2.5,0.20833333333333334,Low,Active
16415.0,1,200.27,178,45,44,0,200.27,178.0,45.0,1.0,Low,Recently Inactive
16416.0,3,1051.4,672,59,27,29,350.4666666666667,224.0,19.666666666666668,1.5254237288135593,High,Active
16418.0,3,631.12,280,76,45,181,210.37333333333333,93.33333333333333,25.333333333333332,0.4265402843601896,Medium,Recently Inactive
16419.0,6,958.71,428,36,113,199,159.785,71.33333333333333,6.0,0.7860262008733624,High,At Risk
16422.0,51,34684.4,33704,68,17,351,680.086274509804,660.8627450980392,1.3333333333333333,4.015748031496063,Very High,Active
16423.0,1,346.12,230,18,25,0,346.12,230.0,18.0,1.0,Medium,Active
16424.0,1,133.56,88,5,191,0,133.56,88.0,5.0,1.0,Low,Inactive
16425.0,1,302.7,199,21,302,0,302.7,199.0,21.0,1.0,Low,Inactive
16426.0,10,1863.76,1215,211,2,273,186.376,121.5,21.1,0.9900990099009901,Very High,Active
16427.0,2,241.06,156,8,263,21,120.53,78.0,4.0,1.1764705882352942,Low,Inactive
16429.0,1,284.55,9,2,106,0,284.55,9.0,2.0,1.0,Low,At Risk
16430.0,1,300.85,103,6,57,0,300.85,103.0,6.0,1.0,Low,Recently Inactive
16431.0,3,623.28,442,51,213,84,207.76,147.33333333333334,17.0,0.7894736842105263,Medium,Inactive
16432.0,1,287.40000000000003,276,8,64,0,287.40000000000003,276.0,8.0,1.0,Low,Recently Inactive
16433.0,1,184.26,106,17,28,0,184.26,106.0,17.0,1.0,Low,Active
16434.0,7,1511.8,760,88,29,270,215.97142857142856,108.57142857142857,12.571428571428571,0.7,High,Active
16438.0,5,798.35,463,74,6,76,159.67000000000002,92.6,14.8,1.4150943396226416,High,Active
16440.0,5,3640.67,2018,186,8,206,728.134,403.6,37.2,0.6355932203389831,Very High,Active
16441.0,2,381.2,173,22,67,224,190.6,86.5,11.0,0.23622047244094488,Medium,Recently Inactive
16442.0,3,609.3,443,161,2,359,203.1,147.66666666666666,53.666666666666664,0.23136246786632392,Medium,Active
16444.0,4,654.67,407,68,46,218,163.6675,101.75,17.0,0.48387096774193555,Medium,Recently Inactive
16445.0,1,230.51,111,62,34,0,230.51,111.0,62.0,1.0,Low,Recently Inactive
16446.0,2,168472.5,80997,3,1,204,84236.25,40498.5,1.5,0.25641025641025644,Very High,Active
16447.0,1,255.91,221,34,136,0,255.91,221.0,34.0,1.0,Low,At Risk
16448.0,1,182.99,76,19,198,0,182.99,76.0,19.0,1.0,Low,Inactive
16449.0,2,707.69,367,40,198,82,353.845,183.5,20.0,0.5357142857142857,High,Inactive
16450.0,1,311.92,200,11,150,0,311.92,200.0,11.0,1.0,Medium,At Risk
16451.0,1,266.97,120,14,88,0,266.97,120.0,14.0,1.0,Low,Recently Inactive
16454.0,1,5.9,2,1,64,0,5.9,2.0,1.0,1.0,Low,Recently Inactive
16455.0,7,1841.18,988,69,64,307,263.0257142857143,141.14285714285714,9.857142857142858,0.6231454005934719,Very High,Recently Inactive
16456.0,5,2158.18,1147,80,99,273,431.63599999999997,229.4,16.0,0.49504950495049505,Very High,At Risk
16457.0,1,208.36,140,9,218,0,208.36,140.0,9.0,1.0,Low,Inactive
16458.0,18,3482.7400000000002,2154,52,3,357,193.48555555555558,119.66666666666667,2.888888888888889,1.3953488372093024,Very High,Active
16460.0,3,811.23,876,128,28,53,270.41,292.0,42.666666666666664,1.0843373493975903,High,Active
16461.0,1,142.92,48,31,178,0,142.92,48.0,31.0,1.0,Low,At Risk
16462.0,3,136.0,16,1,74,210,45.333333333333336,5.333333333333333,0.3333333333333333,0.375,Low,Recently Inactive
16463.0,4,1422.4,1163,74,21,182,355.6,290.75,18.5,0.5660377358490566,High,Active
16464.0,3,1298.66,952,152,20,122,432.8866666666667,317.3333333333333,50.666666666666664,0.5921052631578948,High,Active
16466.0,7,1595.96,785,103,34,258,227.99428571428572,112.14285714285714,14.714285714285714,0.7291666666666667,High,Recently Inactive
16468.0,1,74.9,31,2,74,0,74.9,31.0,2.0,1.0,Low,Recently Inactive
16469.0,4,625.42,260,148,24,222,156.355,65.0,37.0,0.47619047619047616,Medium,Active
16470.0,4,752.77,522,120,52,307,188.1925,130.5,30.0,0.3560830860534125,High,Recently Inactive
16471.0,1,223.95000000000002,141,13,275,0,223.95000000000002,141.0,13.0,1.0,Low,Inactive
16473.0,3,316.11,196,18,165,171,105.37,65.33333333333333,6.0,0.44776119402985076,Medium,At Risk
16474.0,7,1810.49,907,236,7,137,258.64142857142855,129.57142857142858,33.714285714285715,1.25748502994012,Very High,Active
16475.0,4,544.3,319,23,88,185,136.075,79.75,5.75,0.5581395348837209,Medium,Recently Inactive
16477.0,7,2494.46,1415,111,64,307,356.3514285714286,202.14285714285714,15.857142857142858,0.6231454005934719,Very High,Recently Inactive
16478.0,3,331.0,224,15,25,40,110.33333333333333,74.66666666666667,5.0,1.2857142857142858,Medium,Active
16479.0,2,300.83,102,35,10,0,150.415,51.0,17.5,2.0,Low,Active
16480.0,1,769.29,455,51,76,0,769.29,455.0,51.0,1.0,High,Recently Inactive
16482.0,1,220.62,346,18,16,0,220.62,346.0,18.0,1.0,Low,Active
16483.0,1,139.35,44,19,192,0,139.35,44.0,19.0,1.0,Low,Inactive
16484.0,2,404.3,200,25,174,17,202.15,100.0,12.5,1.2765957446808511,Medium,At Risk
16485.0,1,363.65,235,41,77,0,363.65,235.0,41.0,1.0,Medium,Recently Inactive
16488.0,3,498.8,728,28,33,115,166.26666666666668,242.66666666666666,9.333333333333334,0.6206896551724137,Medium,Recently Inactive
16491.0,1,731.5,478,39,47,0,731.5,478.0,39.0,1.0,High,Recently Inactive
16493.0,4,1351.63,1164,40,80,250,337.9075,291.0,10.0,0.42857142857142855,High,Recently Inactive
16494.0,1,826.53,675,47,297,0,826.53,675.0,47.0,1.0,High,Inactive
16495.0,3,648.26,328,78,3,272,216.08666666666667,109.33333333333333,26.0,0.2980132450331126,Medium,Active
16496.0,3,1599.52,1111,92,9,308,533.1733333333333,370.3333333333333,30.666666666666668,0.2662721893491124,High,Active
16497.0,6,2965.69,1396,128,50,283,494.2816666666667,232.66666666666666,21.333333333333332,0.5750798722044729,Very High,Recently Inactive
16498.0,2,100.97,45,15,161,0,50.485,22.5,7.5,2.0,Low,At Risk
16499.0,2,365.45,127,18,360,4,182.725,63.5,9.0,1.7647058823529411,Medium,Inactive
16500.0,6,400.86,123,8,5,326,66.81,20.5,1.3333333333333333,0.5056179775280899,Medium,Active
16503.0,4,1431.93,569,71,107,253,357.9825,142.25,17.75,0.42402826855123676,High,At Risk
16504.0,1,465.88,510,76,25,0,465.88,510.0,76.0,1.0,Medium,Active
16505.0,1,777.6,576,4,32,0,777.6,576.0,4.0,1.0,High,Recently Inactive
16506.0,2,90.30000000000001,42,3,20,20,45.150000000000006,21.0,1.5,1.2000000000000002,Low,Active
16509.0,1,363.70000000000005,64,13,297,0,363.70000000000005,64.0,13.0,1.0,Medium,Inactive
16510.0,1,248.1,92,13,372,0,248.1,92.0,13.0,1.0,Low,Inactive
16511.0,3,916.33,401,134,22,244,305.4433333333333,133.66666666666666,44.666666666666664,0.3284671532846716,High,Active
16513.0,4,874.59,407,33,5,38,218.6475,101.75,8.25,1.7647058823529411,High,Active
16515.0,5,1624.14,826,89,52,259,324.82800000000003,165.2,17.8,0.5190311418685122,High,Recently Inactive
16516.0,1,101.69999999999999,58,6,30,0,101.69999999999999,58.0,6.0,1.0,Low,Active
16517.0,1,162.70000000000002,96,17,277,0,162.70000000000002,96.0,17.0,1.0,Low,Inactive
16518.0,2,484.32,327,36,61,222,242.16,163.5,18.0,0.23809523809523808,Medium,Recently Inactive
16519.0,2,212.98,53,12,25,340,106.49,26.5,6.0,0.16216216216216214,Low,Active
16520.0,3,1046.57,558,129,186,179,348.8566666666666,186.0,43.0,0.43062200956937796,High,Inactive
16523.0,21,9418.470000000001,4265,151,2,313,448.4985714285715,203.0952380952381,7.190476190476191,1.836734693877551,Very High,Active
16525.0,26,13027.45,7397,75,2,364,501.0557692307693,284.5,2.8846153846153846,1.9796954314720814,Very High,Active
16526.0,1,290.36,106,15,172,0,290.36,106.0,15.0,1.0,Low,At Risk
16527.0,1,228.06,106,14,81,0,228.06,106.0,14.0,1.0,Low,Recently Inactive
16528.0,1,244.41,171,17,4,0,244.41,171.0,17.0,1.0,Low,Active
16529.0,1,455.25,198,30,190,0,455.25,198.0,30.0,1.0,Medium,Inactive
16531.0,7,1244.59,915,68,22,338,177.79857142857142,130.71428571428572,9.714285714285714,0.5706521739130435,High,Active
16532.0,3,6748.8,2016,2,18,320,2249.6,672.0,0.6666666666666666,0.2571428571428572,Very High,Active
16533.0,3,1082.81,611,112,19,48,360.93666666666667,203.66666666666666,37.333333333333336,1.1538461538461537,High,Active
16535.0,1,593.75,356,31,5,0,593.75,356.0,31.0,1.0,Medium,Active
16536.0,1,548.12,250,49,110,0,548.12,250.0,49.0,1.0,Medium,At Risk
16539.0,4,1388.81,477,36,3,370,347.2025,119.25,9.0,0.3,High,Active
16542.0,1,119.62,46,5,54,0,119.62,46.0,5.0,1.0,Low,Recently Inactive
16545.0,1,339.3,78,3,165,0,339.3,78.0,3.0,1.0,Medium,At Risk
16546.0,2,787.15,549,25,291,81,393.575,274.5,12.5,0.5405405405405405,High,Inactive
16549.0,10,4034.9,2294,445,10,324,403.49,229.4,44.5,0.847457627118644,Very High,Active
16550.0,5,2298.97,1540,162,109,259,459.794,308.0,32.4,0.5190311418685122,Very High,At Risk
16551.0,3,922.12,970,26,96,240,307.37333333333333,323.3333333333333,8.666666666666666,0.3333333333333333,High,At Risk
16552.0,2,379.73,219,17,243,130,189.865,109.5,8.5,0.375,Medium,Inactive
16553.0,12,5719.82,4600,62,163,197,476.65166666666664,383.3333333333333,5.166666666666667,1.5859030837004406,Very High,At Risk
16554.0,3,837.1,402,51,42,289,279.03333333333336,134.0,17.0,0.2821316614420063,High,Recently Inactive
16555.0,2,285.89,175,15,35,74,142.945,87.5,7.5,0.5769230769230769,Low,Recently Inactive
16556.0,7,3313.79,1890,144,67,293,473.3985714285714,270.0,20.571428571428573,0.6501547987616099,Very High,Recently Inactive
16557.0,2,281.85,111,11,24,113,140.925,55.5,5.5,0.4195804195804196,Low,Active
16558.0,20,8338.49,5377,264,1,365,416.92449999999997,268.85,13.2,1.518987341772152,Very High,Active
16560.0,2,841.41,500,52,27,331,420.705,250.0,26.0,0.16620498614958448,High,Active
16561.0,2,511.12,244,29,6,54,255.56,122.0,14.5,0.7142857142857143,Medium,Active
16563.0,1,1077.74,486,19,54,0,1077.74,486.0,19.0,1.0,High,Recently Inactive
16565.0,1,173.7,46,3,364,0,173.7,46.0,3.0,1.0,Low,Inactive
16566.0,5,614.66,362,14,15,277,122.93199999999999,72.4,2.8,0.488599348534202,Medium,Active
16567.0,2,865.6,996,34,194,142,432.8,498.0,17.0,0.3488372093023256,High,Inactive
16569.0,1,124.2,93,5,3,0,124.2,93.0,5.0,1.0,Low,Active
16570.0,10,3738.4,2112,68,15,296,373.84000000000003,211.2,6.8,0.920245398773006,Very High,Active
16571.0,3,1421.69,1239,73,27,255,473.8966666666667,413.0,24.333333333333332,0.3157894736842105,High,Active
16572.0,3,1009.6,532,40,127,148,336.53333333333336,177.33333333333334,13.333333333333334,0.5056179775280899,High,At Risk
16573.0,2,663.61,360,40,85,205,331.805,180.0,20.0,0.25531914893617025,Medium,Recently Inactive
16574.0,1,451.44,416,28,71,0,451.44,416.0,28.0,1.0,Medium,Recently Inactive
16581.0,1,105.84,134,9,183,0,105.84,134.0,9.0,1.0,Low,Inactive
16582.0,1,313.62,164,6,113,0,313.62,164.0,6.0,1.0,Medium,At Risk
16583.0,1,233.45,111,14,374,0,233.45,111.0,14.0,1.0,Low,Inactive
16584.0,2,936.08,646,25,80,174,468.04,323.0,12.5,0.29411764705882354,High,Recently Inactive
16586.0,1,463.95,95,8,249,0,463.95,95.0,8.0,1.0,Medium,Inactive
16587.0,1,225.15,71,13,232,0,225.15,71.0,13.0,1.0,Low,Inactive
16589.0,3,459.24,368,31,71,90,153.08,122.66666666666667,10.333333333333334,0.75,Medium,Recently Inactive
16591.0,1,213.5,41,10,69,0,213.5,41.0,10.0,1.0,Low,Recently Inactive
16592.0,16,4113.68,2927,142,4,283,257.105,182.9375,8.875,1.5335463258785942,Very High,Active
16593.0,3,330.03,116,24,51,277,110.00999999999999,38.666666666666664,8.0,0.2931596091205212,Medium,Recently Inactive
16594.0,1,181.09,64,53,75,0,181.09,64.0,53.0,1.0,Low,Recently Inactive
16595.0,1,360.16,335,83,61,0,360.16,335.0,83.0,1.0,Medium,Recently Inactive
16596.0,2,250.15,97,12,16,350,125.075,48.5,6.0,0.15789473684210528,Low,Active
16597.0,1,90.04,184,7,4,0,90.04,184.0,7.0,1.0,Low,Active
16598.0,1,145.05,73,10,286,0,145.05,73.0,10.0,1.0,Low,Inactive
16600.0,6,813.52,1145,50,4,334,135.58666666666667,190.83333333333334,8.333333333333334,0.4945054945054945,High,Active
16601.0,1,241.53,130,28,41,0,241.53,130.0,28.0,1.0,Low,Recently Inactive
16602.0,1,528.08,336,29,36,0,528.08,336.0,29.0,1.0,Medium,Recently Inactive
16603.0,2,482.47,480,34,75,16,241.235,240.0,17.0,1.3043478260869565,Medium,Recently Inactive
16607.0,14,3347.71,2859,140,18,341,239.12214285714285,204.21428571428572,10.0,1.1320754716981132,Very High,Active
16609.0,7,5493.46,2420,155,15,237,784.78,345.7142857142857,22.142857142857142,0.7865168539325842,Very High,Active
16610.0,1,75.66,66,6,219,0,75.66,66.0,6.0,1.0,Low,Inactive
16611.0,1,129.49,47,9,186,0,129.49,47.0,9.0,1.0,Low,Inactive
16612.0,4,1187.66,506,48,33,278,296.915,126.5,12.0,0.3896103896103896,High,Recently Inactive
16613.0,1,618.59,293,30,70,0,618.59,293.0,30.0,1.0,Medium,Recently Inactive
16614.0,1,506.19,223,26,183,0,506.19,223.0,26.0,1.0,Medium,Inactive
16616.0,2,500.42,370,31,15,142,250.21,185.0,15.5,0.3488372093023256,Medium,Active
16617.0,1,151.85,91,5,236,0,151.85,91.0,5.0,1.0,Low,Inactive
16618.0,5,2647.59,1363,79,31,291,529.518,272.6,15.8,0.4672897196261683,Very High,Recently Inactive
16619.0,1,226.21,133,14,264,0,226.21,133.0,14.0,1.0,Low,Inactive
16620.0,2,178.96,88,9,4,257,89.48,44.0,4.5,0.20905923344947736,Low,Active
16621.0,4,813.48,302,22,52,226,203.37,75.5,5.5,0.46875,High,Recently Inactive
16623.0,1,129.45000000000002,39,5,246,0,129.45000000000002,39.0,5.0,1.0,Low,Inactive
16624.0,2,810.57,488,44,81,116,405.285,244.0,22.0,0.410958904109589,High,Recently Inactive
16625.0,1,333.08,164,23,275,0,333.08,164.0,23.0,1.0,Medium,Inactive
16626.0,17,4413.1,2690,86,1,265,259.59411764705885,158.23529411764707,5.0588235294117645,1.7288135593220337,Very High,Active
16627.0,1,322.8,162,20,79,0,322.8,162.0,20.0,1.0,Medium,Recently Inactive
16628.0,5,2188.05,1205,79,30,205,437.61,241.0,15.8,0.6382978723404256,Very High,Active
16629.0,2,408.63,489,58,74,22,204.315,244.5,29.0,1.1538461538461537,Medium,Recently Inactive
16633.0,6,2883.1,1138,115,17,216,480.51666666666665,189.66666666666666,19.166666666666668,0.7317073170731708,Very High,Active
16634.0,2,217.9,82,9,223,149,108.95,41.0,4.5,0.33519553072625696,Low,Inactive
16637.0,4,1154.47,927,66,32,193,288.6175,231.75,16.5,0.5381165919282511,High,Recently Inactive
16638.0,10,1680.72,1255,92,23,346,168.072,125.5,9.2,0.7978723404255319,Very High,Active
16639.0,3,1257.51,510,48,31,204,419.17,170.0,16.0,0.38461538461538464,High,Recently Inactive
16641.0,1,231.1,256,12,106,0,231.1,256.0,12.0,1.0,Low,At Risk
16642.0,2,688.33,479,32,5,202,344.165,239.5,16.0,0.25862068965517243,High,Active
16643.0,1,487.51,269,27,246,0,487.51,269.0,27.0,1.0,Medium,Inactive
16644.0,2,833.78,826,62,178,34,416.89,413.0,31.0,0.9375,High,At Risk
16647.0,2,214.06,146,12,170,35,107.03,73.0,6.0,0.9230769230769229,Low,At Risk
16648.0,1,290.66,281,19,43,0,290.66,281.0,19.0,1.0,Low,Recently Inactive
16650.0,1,518.42,372,24,72,0,518.42,372.0,24.0,1.0,Medium,Recently Inactive
16652.0,7,6773.97,3283,74,59,214,967.71,469.0,10.571428571428571,0.8606557377049181,Very High,Recently Inactive
16653.0,2,1212.66,733,67,16,55,606.33,366.5,33.5,0.7058823529411765,High,Active
16654.0,4,601.27,282,29,141,227,150.3175,70.5,7.25,0.4669260700389105,Medium,At Risk
16655.0,6,3789.52,2363,208,18,314,631.5866666666667,393.8333333333333,34.666666666666664,0.5232558139534884,Very High,Active
16656.0,15,8625.8,8894,14,22,342,575.0533333333333,592.9333333333333,0.9333333333333333,1.2096774193548387,Very High,Active
16657.0,4,874.43,1130,158,10,244,218.6075,282.5,39.5,0.43795620437956206,High,Active
16658.0,1,123.24,40,8,368,0,123.24,40.0,8.0,1.0,Low,Inactive
16659.0,1,39.12,72,2,189,0,39.12,72.0,2.0,1.0,Low,Inactive
16660.0,4,1267.65,571,16,16,303,316.9125,142.75,4.0,0.3603603603603604,High,Active
16665.0,1,135.4,59,9,362,0,135.4,59.0,9.0,1.0,Low,Inactive
16666.0,1,118.98,233,32,19,0,118.98,233.0,32.0,1.0,Low,Active
16667.0,2,567.1800000000001,236,52,68,216,283.59000000000003,118.0,26.0,0.24390243902439027,Medium,Recently Inactive
16668.0,6,306.72,318,9,15,269,51.120000000000005,53.0,1.5,0.6020066889632107,Medium,Active
16669.0,2,1344.48,871,140,24,54,672.24,435.5,70.0,0.7142857142857143,High,Active
16670.0,11,4095.9,2556,179,17,341,372.3545454545455,232.36363636363637,16.272727272727273,0.889487870619946,Very High,Active
16671.0,3,1692.27,875,3,28,136,564.09,291.6666666666667,1.0,0.5421686746987951,Very High,Active
16672.0,20,8134.9400000000005,2832,22,2,264,406.747,141.6,1.1,2.0408163265306123,Very High,Active
16674.0,2,304.24,181,89,55,43,152.12,90.5,44.5,0.821917808219178,Low,Recently Inactive
16676.0,4,1592.12,636,75,34,303,398.03,159.0,18.75,0.3603603603603604,High,Recently Inactive
16678.0,12,3109.99,2397,92,3,280,259.1658333333333,199.75,7.666666666666667,1.161290322580645,Very High,Active
16679.0,1,129.75,29,3,366,0,129.75,29.0,3.0,1.0,Low,Inactive
16680.0,1,183.7,94,10,43,0,183.7,94.0,10.0,1.0,Low,Recently Inactive
16681.0,6,1770.3400000000001,1407,18,73,180,295.0566666666667,234.5,3.0,0.8571428571428571,Very High,Recently Inactive
16682.0,5,1028.0,1040,15,5,183,205.6,208.0,3.0,0.7042253521126761,High,Active
16684.0,28,66653.56,50255,119,4,353,2380.4842857142858,1794.8214285714287,4.25,2.1932114882506526,Very High,Active
16685.0,2,324.24,396,60,61,0,162.12,198.0,30.0,2.0,Medium,Recently Inactive
16686.0,7,2959.88,1977,406,47,307,422.84000000000003,282.42857142857144,58.0,0.6231454005934719,Very High,Recently Inactive
16688.0,4,1260.8600000000001,804,52,1,59,315.21500000000003,201.0,13.0,1.348314606741573,High,Active
16689.0,2,422.6,330,12,76,6,211.3,165.0,6.0,1.6666666666666667,Medium,Recently Inactive
16690.0,2,225.58,138,10,72,129,112.79,69.0,5.0,0.37735849056603776,Low,Recently Inactive
16692.0,2,1276.0,152,2,256,32,638.0,76.0,1.0,0.9677419354838711,High,Inactive
16693.0,2,477.86,203,58,69,203,238.93,101.5,29.0,0.2575107296137339,Medium,Recently Inactive
16696.0,4,657.9,146,7,135,112,164.475,36.5,1.75,0.8450704225352113,Medium,At Risk
16697.0,1,112.75,27,20,241,0,112.75,27.0,20.0,1.0,Low,Inactive
16698.0,2,1998.0,840,4,227,26,999.0,420.0,2.0,1.0714285714285714,Very High,Inactive
16700.0,13,5076.55,4024,159,9,357,390.50384615384615,309.53846153846155,12.23076923076923,1.0077519379844961,Very High,Active
16701.0,13,5398.3,6393,99,9,352,415.25384615384615,491.7692307692308,7.615384615384615,1.0209424083769634,Very High,Active
16705.0,20,14034.99,5476,133,1,358,701.7495,273.8,6.65,1.5463917525773196,Very High,Active
16706.0,3,531.35,249,108,37,76,177.11666666666667,83.0,36.0,0.8490566037735849,Medium,Recently Inactive
16708.0,1,656.63,285,27,46,0,656.63,285.0,27.0,1.0,Medium,Recently Inactive
16709.0,5,3029.87,851,64,85,197,605.9739999999999,170.2,12.8,0.6607929515418502,Very High,Recently Inactive
16710.0,10,2467.9900000000002,1823,268,19,349,246.79900000000004,182.3,26.8,0.79155672823219,Very High,Active
16711.0,5,1651.03,833,18,3,354,330.206,166.6,3.6,0.390625,High,Active
16712.0,11,3603.66,1727,258,9,266,327.6054545454545,157.0,23.454545454545453,1.114864864864865,Very High,Active
16713.0,15,6910.78,4271,338,19,347,460.71866666666665,284.73333333333335,22.533333333333335,1.193633952254642,Very High,Active
16714.0,3,1129.06,589,77,219,98,376.3533333333333,196.33333333333334,25.666666666666668,0.703125,High,Inactive
16715.0,1,301.71999999999997,642,19,78,0,301.71999999999997,642.0,19.0,1.0,Low,Recently Inactive
16716.0,2,901.2,120,1,267,44,450.6,60.0,0.5,0.8108108108108107,High,Inactive
16717.0,6,3843.08,1860,176,24,342,640.5133333333333,310.0,29.333333333333332,0.48387096774193544,Very High,Active
16718.0,1,606.0500000000001,407,41,369,0,606.0500000000001,407.0,41.0,1.0,Medium,Inactive
16719.0,7,1770.22,1175,107,15,353,252.88857142857142,167.85714285714286,15.285714285714286,0.5483028720626631,Very High,Active
16720.0,1,152.95,180,25,26,0,152.95,180.0,25.0,1.0,Low,Active
16721.0,1,292.47,172,37,262,0,292.47,172.0,37.0,1.0,Low,Inactive
16722.0,13,4730.81,5001,96,17,351,363.90846153846155,384.6923076923077,7.384615384615385,1.0236220472440944,Very High,Active
16723.0,2,576.4,398,37,91,16,288.2,199.0,18.5,1.3043478260869565,Medium,At Risk
16725.0,6,756.82,287,109,302,69,126.13666666666667,47.833333333333336,18.166666666666668,1.8181818181818183,High,Inactive
16726.0,5,1358.74,945,121,26,335,271.748,189.0,24.2,0.4109589041095891,High,Active
16727.0,1,256.32,167,41,364,0,256.32,167.0,41.0,1.0,Low,Inactive
16728.0,4,1048.28,671,218,46,218,262.07,167.75,54.5,0.48387096774193555,High,Recently Inactive
16729.0,21,7202.01,5718,233,38,203,342.95285714285717,272.2857142857143,11.095238095238095,2.703862660944206,Very High,Recently Inactive
16730.0,3,743.11,994,75,52,267,247.70333333333335,331.3333333333333,25.0,0.30303030303030304,High,Recently Inactive
16732.0,1,603.75,317,28,32,0,603.75,317.0,28.0,1.0,Medium,Recently Inactive
16734.0,3,646.76,345,44,52,61,215.58666666666667,115.0,14.666666666666666,0.989010989010989,Medium,Recently Inactive
16735.0,5,2247.41,1532,88,79,255,449.48199999999997,306.4,17.6,0.5263157894736842,Very High,Recently Inactive
16737.0,1,417.6,288,1,53,0,417.6,288.0,1.0,1.0,Medium,Recently Inactive
16738.0,1,3.75,3,1,298,0,3.75,3.0,1.0,1.0,Low,Inactive
16739.0,1,323.0,172,13,177,0,323.0,172.0,13.0,1.0,Medium,At Risk
16743.0,7,2213.13,2035,89,29,329,316.1614285714286,290.7142857142857,12.714285714285714,0.584958217270195,Very High,Active
16744.0,7,1291.91,798,198,11,161,184.55857142857144,114.0,28.285714285714285,1.099476439790576,High,Active
16745.0,17,7180.7,6719,148,87,225,422.3941176470588,395.2352941176471,8.705882352941176,2.0,Very High,Recently Inactive
16746.0,18,6680.11,4660,234,5,354,371.1172222222222,258.8888888888889,13.0,1.40625,Very High,Active
16747.0,2,836.0600000000001,583,34,38,30,418.03000000000003,291.5,17.0,1.0,High,Recently Inactive
16748.0,5,1515.9,880,42,18,316,303.18,176.0,8.4,0.43352601156069365,High,Active
16750.0,5,623.93,214,74,45,187,124.78599999999999,42.8,14.8,0.6912442396313364,Medium,Recently Inactive
16751.0,1,1764.72,1031,24,31,0,1764.72,1031.0,24.0,1.0,Very High,Recently Inactive
16752.0,1,207.5,54,9,373,0,207.5,54.0,9.0,1.0,Low,Inactive
16753.0,1,223.92000000000002,189,34,58,0,223.92000000000002,189.0,34.0,1.0,Low,Recently Inactive
16754.0,1,2002.4,4280,2,372,0,2002.4,4280.0,2.0,1.0,Very High,Inactive
16755.0,3,1475.43,1058,133,114,201,491.81,352.6666666666667,44.333333333333336,0.38961038961038963,High,At Risk
16756.0,1,239.4,106,13,215,0,239.4,106.0,13.0,1.0,Low,Inactive
16757.0,1,106.83000000000001,81,7,319,0,106.83000000000001,81.0,7.0,1.0,Low,Inactive
16758.0,1,369.34000000000003,203,22,65,0,369.34000000000003,203.0,22.0,1.0,Medium,Recently Inactive
16759.0,3,789.79,609,40,8,23,263.2633333333333,203.0,13.333333333333334,1.6981132075471699,High,Active
16761.0,1,316.62,341,13,97,0,316.62,341.0,13.0,1.0,Medium,At Risk
16762.0,3,1207.24,480,51,20,124,402.41333333333336,160.0,17.0,0.5844155844155844,High,Active
16763.0,1,611.8499999999999,319,23,199,0,611.8499999999999,319.0,23.0,1.0,Medium,Inactive
16764.0,13,2790.9500000000003,1253,209,4,139,214.68846153846155,96.38461538461539,16.076923076923077,2.3076923076923075,Very High,Active
16765.0,1,34.0,4,1,294,0,34.0,4.0,1.0,1.0,Low,Inactive
16766.0,2,1145.6,536,17,273,0,572.8,268.0,8.5,2.0,High,Inactive
16767.0,11,5575.56,4423,148,31,285,506.86909090909097,402.09090909090907,13.454545454545455,1.0476190476190477,Very High,Recently Inactive
16768.0,3,478.09000000000003,196,47,48,224,159.36333333333334,65.33333333333333,15.666666666666666,0.3543307086614173,Medium,Recently Inactive
16769.0,1,361.54,80,33,260,0,361.54,80.0,33.0,1.0,Medium,Inactive
16770.0,5,757.1,456,116,58,314,151.42000000000002,91.2,23.2,0.436046511627907,High,Recently Inactive
16771.0,5,2230.61,1475,199,33,304,446.122,295.0,39.8,0.44910179640718567,Very High,Recently Inactive
16773.0,1,171.59,171,23,57,0,171.59,171.0,23.0,1.0,Low,Recently Inactive
16774.0,4,661.52,322,36,68,110,165.38,80.5,9.0,0.8571428571428572,Medium,Recently Inactive
16775.0,11,1691.51,439,84,10,357,153.77363636363637,39.90909090909091,7.636363636363637,0.8527131782945736,Very High,Active
16776.0,1,371.54,254,61,60,0,371.54,254.0,61.0,1.0,Medium,Recently Inactive
16777.0,2,222.62,62,45,80,176,111.31,31.0,22.5,0.29126213592233013,Low,Recently Inactive
16778.0,2,245.94,194,16,74,199,122.97,97.0,8.0,0.26200873362445415,Low,Recently Inactive
16779.0,22,10611.72,5301,161,2,364,482.35090909090906,240.95454545454547,7.318181818181818,1.6751269035532996,Very High,Active
16780.0,2,422.24,270,51,100,158,211.12,135.0,25.5,0.3191489361702128,Medium,At Risk
16781.0,1,311.25,113,17,372,0,311.25,113.0,17.0,1.0,Medium,Inactive
16782.0,13,2267.9500000000003,705,103,10,355,174.45769230769233,54.23076923076923,7.923076923076923,1.0129870129870129,Very High,Active
16784.0,1,107.6,24,3,20,0,107.6,24.0,3.0,1.0,Low,Active
16788.0,2,592.74,303,137,123,131,296.37,151.5,68.5,0.3726708074534162,Medium,At Risk
16789.0,1,80.80000000000001,32,5,8,0,80.80000000000001,32.0,5.0,1.0,Low,Active
16790.0,6,1545.6200000000001,898,88,4,34,257.60333333333335,149.66666666666666,14.666666666666666,2.8125,High,Active
16791.0,7,1693.03,756,217,29,303,241.86142857142858,108.0,31.0,0.6306306306306306,Very High,Active
16792.0,2,110.38,44,11,282,0,55.19,22.0,5.5,2.0,Low,Inactive
16793.0,1,243.84,146,16,57,0,243.84,146.0,16.0,1.0,Low,Recently Inactive
16794.0,10,1196.5,923,142,1,179,119.65,92.3,14.2,1.4354066985645932,High,Active
16795.0,1,414.88,239,64,365,0,414.88,239.0,64.0,1.0,Medium,Inactive
16796.0,1,305.62,186,18,89,0,305.62,186.0,18.0,1.0,Low,Recently Inactive
16800.0,1,1162.65,524,148,11,0,1162.65,524.0,148.0,1.0,High,Active
16801.0,4,1594.23,493,72,163,110,398.5575,123.25,18.0,0.8571428571428572,High,At Risk
16803.0,1,332.3,245,24,65,0,332.3,245.0,24.0,1.0,Medium,Recently Inactive
16804.0,3,536.99,246,59,23,247,178.99666666666667,82.0,19.666666666666668,0.3249097472924188,Medium,Active
16805.0,2,460.59000000000003,539,94,174,186,230.29500000000002,269.5,47.0,0.2777777777777778,Medium,At Risk
16806.0,4,736.21,355,67,103,135,184.0525,88.75,16.75,0.7272727272727273,High,At Risk
16807.0,3,1121.59,778,57,143,128,373.8633333333333,259.3333333333333,19.0,0.569620253164557,High,At Risk
16808.0,2,288.42,196,21,99,175,144.21,98.0,10.5,0.29268292682926833,Low,At Risk
16809.0,5,914.69,652,79,23,239,182.93800000000002,130.4,15.8,0.5576208178438662,High,Active
16810.0,1,309.54,114,15,192,0,309.54,114.0,15.0,1.0,Medium,Inactive
16811.0,2,547.07,477,26,5,12,273.535,238.5,13.0,1.4285714285714286,Medium,Active
16812.0,1,479.35,81,15,361,0,479.35,81.0,15.0,1.0,Medium,Inactive
16813.0,10,1652.18,1501,248,8,196,165.21800000000002,150.1,24.8,1.3274336283185841,Very High,Active
16814.0,21,6406.8,2691,121,14,355,305.0857142857143,128.14285714285714,5.761904761904762,1.6363636363636362,Very High,Active
16816.0,4,417.06,274,28,103,254,104.265,68.5,7.0,0.4225352112676056,Medium,At Risk
16817.0,9,1604.75,822,73,3,365,178.30555555555554,91.33333333333333,8.11111111111111,0.6835443037974683,High,Active
16818.0,11,3349.57,2164,172,11,194,304.50636363636363,196.72727272727272,15.636363636363637,1.4732142857142856,Very High,Active
16820.0,1,497.61,307,26,96,0,497.61,307.0,26.0,1.0,Medium,At Risk
16823.0,1,358.38,136,34,227,0,358.38,136.0,34.0,1.0,Medium,Inactive
16824.0,2,460.64,236,23,16,148,230.32,118.0,11.5,0.33707865168539325,Medium,Active
16825.0,2,775.18,566,27,39,147,387.59,283.0,13.5,0.3389830508474576,High,Recently Inactive
16826.0,1,341.7,158,22,51,0,341.7,158.0,22.0,1.0,Medium,Recently Inactive
16828.0,2,128.5,59,8,93,19,64.25,29.5,4.0,1.2244897959183674,Low,At Risk
16829.0,1,197.22,99,11,157,0,197.22,99.0,11.0,1.0,Low,At Risk
16830.0,1,325.91,264,23,39,0,325.91,264.0,23.0,1.0,Medium,Recently Inactive
16832.0,3,199.15,33,11,184,33,66.38333333333334,11.0,3.6666666666666665,1.4285714285714286,Low,Inactive
16833.0,4,1106.53,440,46,1,333,276.6325,110.0,11.5,0.3305785123966942,High,Active
16834.0,1,413.46,358,24,228,0,413.46,358.0,24.0,1.0,Medium,Inactive
16835.0,2,180.85,61,10,128,244,90.425,30.5,5.0,0.21897810218978103,Low,At Risk
16836.0,2,251.87,165,11,40,76,125.935,82.5,5.5,0.5660377358490566,Low,Recently Inactive
16837.0,11,3170.98,1563,123,31,214,288.2709090909091,142.0909090909091,11.181818181818182,1.3524590163934427,Very High,Recently Inactive
16838.0,2,588.85,185,24,197,90,294.425,92.5,12.0,0.5,Medium,Inactive
16839.0,34,16594.35,8975,114,9,360,488.06911764705876,263.97058823529414,3.3529411764705883,2.6153846153846154,Very High,Active
16841.0,6,1869.82,2250,101,37,250,311.63666666666666,375.0,16.833333333333332,0.6428571428571428,Very High,Recently Inactive
16842.0,3,1264.19,693,45,101,201,421.3966666666667,231.0,15.0,0.38961038961038963,High,At Risk
16843.0,16,10196.57,10159,226,43,284,637.285625,634.9375,14.125,1.5286624203821655,Very High,Recently Inactive
16846.0,1,214.32,135,11,50,0,214.32,135.0,11.0,1.0,Low,Recently Inactive
16847.0,1,193.44,78,12,43,0,193.44,78.0,12.0,1.0,Low,Recently Inactive
16848.0,1,281.42,182,14,53,0,281.42,182.0,14.0,1.0,Low,Recently Inactive
16849.0,1,124.57,33,8,187,0,124.57,33.0,8.0,1.0,Low,Inactive
16850.0,1,332.41,249,19,334,0,332.41,249.0,19.0,1.0,Medium,Inactive
16851.0,3,342.45,271,17,4,47,114.14999999999999,90.33333333333333,5.666666666666667,1.168831168831169,Medium,Active
16852.0,2,144.91,56,9,10,165,72.455,28.0,4.5,0.3076923076923077,Low,Active
16855.0,2,328.40000000000003,164,19,24,19,164.20000000000002,82.0,9.5,1.2244897959183674,Medium,Active
16856.0,1,35.400000000000006,12,2,15,0,35.400000000000006,12.0,2.0,1.0,Low,Active
16858.0,1,375.69000000000005,91,9,369,0,375.69000000000005,91.0,9.0,1.0,Medium,Inactive
16859.0,2,747.81,827,50,145,116,373.905,413.5,25.0,0.410958904109589,High,At Risk
16861.0,2,173.76,140,6,60,98,86.88,70.0,3.0,0.46875,Low,Recently Inactive
16863.0,2,502.8,409,25,31,335,251.4,204.5,12.5,0.16438356164383564,Medium,Recently Inactive
16866.0,3,207.74,60,10,141,20,69.24666666666667,20.0,3.3333333333333335,1.8000000000000003,Low,At Risk
16869.0,4,817.12,583,113,23,152,204.28,145.75,28.25,0.6593406593406593,High,Active
16871.0,6,2812.34,1253,131,22,248,468.72333333333336,208.83333333333334,21.833333333333332,0.6474820143884892,Very High,Active
16872.0,3,680.02,600,5,77,107,226.67333333333332,200.0,1.6666666666666667,0.6569343065693432,High,Recently Inactive
16873.0,6,7123.62,3840,179,5,359,1187.27,640.0,29.833333333333332,0.46272493573264784,Very High,Active
16875.0,5,2095.53,1069,93,67,272,419.10600000000005,213.8,18.6,0.49668874172185434,Very High,Recently Inactive
16877.0,6,846.62,458,111,12,195,141.10333333333332,76.33333333333333,18.5,0.8,High,Active
16878.0,1,13.3,12,3,84,0,13.3,12.0,3.0,1.0,Low,Recently Inactive
16880.0,7,1491.43,746,121,31,158,213.0614285714286,106.57142857142857,17.285714285714285,1.1170212765957448,High,Recently Inactive
16881.0,1,432.0,600,1,67,0,432.0,600.0,1.0,1.0,Medium,Recently Inactive
16882.0,3,705.12,424,39,67,250,235.04,141.33333333333334,13.0,0.3214285714285714,High,Recently Inactive
16883.0,2,272.48,103,33,187,184,136.24,51.5,16.5,0.2803738317757009,Low,Inactive
16884.0,2,429.84,320,26,38,0,214.92,160.0,13.0,2.0,Medium,Recently Inactive
16885.0,3,450.41,178,82,15,341,150.13666666666668,59.333333333333336,27.333333333333332,0.2425876010781671,Medium,Active
16887.0,1,192.32999999999998,156,35,35,0,192.32999999999998,156.0,35.0,1.0,Low,Recently Inactive
16889.0,3,1578.67,925,112,195,142,526.2233333333334,308.3333333333333,37.333333333333336,0.5232558139534884,High,Inactive
16891.0,5,742.43,265,166,2,369,148.486,53.0,33.2,0.37593984962406013,High,Active
16892.0,5,518.19,236,87,1,182,103.638,47.2,17.4,0.7075471698113208,Medium,Active
16893.0,1,145.93,62,44,367,0,145.93,62.0,44.0,1.0,Low,Inactive
16895.0,1,202.27,91,57,65,0,202.27,91.0,57.0,1.0,Low,Recently Inactive
16897.0,2,289.78,73,37,299,14,144.89,36.5,18.5,1.3636363636363635,Low,Inactive
16898.0,3,501.03000000000003,412,150,26,342,167.01000000000002,137.33333333333334,50.0,0.24193548387096772,Medium,Active
16899.0,6,1271.06,520,80,8,352,211.84333333333333,86.66666666666667,13.333333333333334,0.47120418848167545,High,Active
16900.0,3,887.11,833,78,17,46,295.7033333333333,277.6666666666667,26.0,1.1842105263157896,High,Active
16902.0,1,1706.88,629,43,116,0,1706.88,629.0,43.0,1.0,Very High,At Risk
16903.0,1,363.2,247,50,29,0,363.2,247.0,50.0,1.0,Medium,Active
16904.0,16,3649.95,1974,386,4,362,228.121875,123.375,24.125,1.2244897959183674,Very High,Active
16905.0,7,3037.6,1381,117,5,366,433.9428571428571,197.28571428571428,16.714285714285715,0.5303030303030303,Very High,Active
16906.0,4,559.59,263,74,82,166,139.8975,65.75,18.5,0.6122448979591837,Medium,Recently Inactive
16907.0,5,928.76,286,89,29,336,185.752,57.2,17.8,0.4098360655737705,High,Active
16909.0,1,379.14,436,18,72,0,379.14,436.0,18.0,1.0,Medium,Recently Inactive
16910.0,8,1508.96,884,318,4,86,188.62,110.5,39.75,2.0689655172413794,High,Active
16912.0,11,2555.58,1025,88,29,294,232.32545454545453,93.18181818181819,8.0,1.0185185185185184,Very High,Active
16913.0,1,113.44,82,8,290,0,113.44,82.0,8.0,1.0,Low,Inactive
16914.0,1,183.76,112,25,36,0,183.76,112.0,25.0,1.0,Low,Recently Inactive
16915.0,6,621.6800000000001,132,46,9,274,103.61333333333334,22.0,7.666666666666667,0.5921052631578948,Medium,Active
16916.0,2,562.41,431,129,24,348,281.205,215.5,64.5,0.15873015873015872,Medium,Active
16917.0,1,391.52,232,9,277,0,391.52,232.0,9.0,1.0,Medium,Inactive
16918.0,6,1068.82,721,97,50,267,178.13666666666666,120.16666666666667,16.166666666666668,0.6060606060606061,High,Recently Inactive
16919.0,11,2592.25,1403,141,156,212,235.6590909090909,127.54545454545455,12.818181818181818,1.3636363636363638,Very High,At Risk
16921.0,1,154.18,154,50,61,0,154.18,154.0,50.0,1.0,Low,Recently Inactive
16923.0,19,7069.08,3344,313,12,350,372.0568421052632,176.0,16.473684210526315,1.5,Very High,Active
16924.0,3,829.89,467,69,21,62,276.63,155.66666666666666,23.0,0.9782608695652173,High,Active
16926.0,1,230.25,35,14,371,0,230.25,35.0,14.0,1.0,Low,Inactive
16927.0,3,543.05,993,5,116,245,181.01666666666665,331.0,1.6666666666666667,0.32727272727272727,Medium,At Risk
16928.0,17,2806.75,2091,68,80,292,165.10294117647058,123.0,4.0,1.5838509316770188,Very High,Recently Inactive
16929.0,7,1295.39,929,51,4,151,185.0557142857143,132.71428571428572,7.285714285714286,1.160220994475138,High,Active
16930.0,3,378.89,339,47,26,42,126.29666666666667,113.0,15.666666666666666,1.25,Medium,Active
16931.0,21,4554.87,3134,448,5,364,216.89857142857142,149.23809523809524,21.333333333333332,1.598984771573604,Very High,Active
16932.0,1,150.23000000000002,82,44,53,0,150.23000000000002,82.0,44.0,1.0,Low,Recently Inactive
16933.0,2,563.23,288,42,1,237,281.615,144.0,21.0,0.2247191011235955,Medium,Active
16934.0,2,931.03,397,59,55,0,465.515,198.5,29.5,2.0,High,Recently Inactive
16936.0,1,261.9,171,56,26,0,261.9,171.0,56.0,1.0,Low,Active
16938.0,4,2711.6800000000003,2533,212,9,300,677.9200000000001,633.25,53.0,0.36363636363636365,Very High,Active
16940.0,3,3049.88,2169,226,52,237,1016.6266666666667,723.0,75.33333333333333,0.33707865168539325,Very High,Recently Inactive
16942.0,9,1904.99,805,159,13,215,211.66555555555556,89.44444444444444,17.666666666666668,1.1020408163265305,Very High,Active
16943.0,3,816.73,145,23,212,106,272.24333333333334,48.333333333333336,7.666666666666667,0.6617647058823529,High,Inactive
16945.0,19,4345.5,2725,137,22,336,228.71052631578948,143.42105263157896,7.2105263157894735,1.557377049180328,Very High,Active
16947.0,1,406.48,312,21,236,0,406.48,312.0,21.0,1.0,Medium,Inactive
16948.0,3,435.02,1614,15,139,187,145.00666666666666,538.0,5.0,0.4147465437788018,Medium,At Risk
16949.0,6,1286.27,791,57,4,312,214.37833333333333,131.83333333333334,9.5,0.5263157894736842,High,Active
16950.0,3,1178.56,644,39,57,310,392.8533333333333,214.66666666666666,13.0,0.2647058823529412,High,Recently Inactive
16951.0,3,1277.75,1318,73,135,169,425.9166666666667,439.3333333333333,24.333333333333332,0.4522613065326633,High,At Risk
16952.0,2,167.61,92,16,109,0,83.805,46.0,8.0,2.0,Low,At Risk
16953.0,1,20.8,10,1,30,0,20.8,10.0,1.0,1.0,Low,Active
16954.0,9,2085.08,1054,40,1,358,231.67555555555555,117.11111111111111,4.444444444444445,0.6958762886597938,Very High,Active
16955.0,4,518.67,266,18,185,188,129.6675,66.5,4.5,0.5504587155963303,Medium,Inactive
16956.0,1,308.74,114,16,18,0,308.74,114.0,16.0,1.0,Medium,Active
16957.0,2,416.64,172,15,239,42,208.32,86.0,7.5,0.8333333333333334,Medium,Inactive
16959.0,1,117.35000000000001,49,7,87,0,117.35000000000001,49.0,7.0,1.0,Low,Recently Inactive
16960.0,3,505.1,301,91,39,213,168.36666666666667,100.33333333333333,30.333333333333332,0.3703703703703704,Medium,Recently Inactive
16961.0,1,234.17000000000002,125,14,116,0,234.17000000000002,125.0,14.0,1.0,Low,At Risk
16963.0,1,110.55000000000001,35,7,187,0,110.55000000000001,35.0,7.0,1.0,Low,Inactive
16965.0,1,192.07,243,25,227,0,192.07,243.0,25.0,1.0,Low,Inactive
16966.0,7,2154.97,1981,8,8,231,307.8528571428571,283.0,1.1428571428571428,0.8045977011494253,Very High,Active
16967.0,1,319.02,333,21,189,0,319.02,333.0,21.0,1.0,Medium,Inactive
16968.0,2,439.43,326,31,4,103,219.715,163.0,15.5,0.45112781954887216,Medium,Active
16969.0,3,650.41,816,42,39,152,216.8033333333333,272.0,14.0,0.4945054945054945,Medium,Recently Inactive
16971.0,1,357.21,72,40,38,0,357.21,72.0,40.0,1.0,Medium,Recently Inactive
16976.0,1,251.51999999999998,88,2,267,0,251.51999999999998,88.0,2.0,1.0,Low,Inactive
16978.0,1,344.33,166,39,78,0,344.33,166.0,39.0,1.0,Medium,Recently Inactive
16979.0,6,1852.0,865,64,4,294,308.6666666666667,144.16666666666666,10.666666666666666,0.5555555555555555,Very High,Active
16980.0,2,1028.46,739,71,255,36,514.23,369.5,35.5,0.9090909090909091,High,Inactive
16982.0,1,384.06,182,22,61,0,384.06,182.0,22.0,1.0,Medium,Recently Inactive
16983.0,7,1905.87,1335,112,13,356,272.26714285714286,190.71428571428572,16.0,0.544041450777202,Very High,Active
16984.0,2,4459.52,2380,354,88,41,2229.76,1190.0,177.0,0.8450704225352113,Very High,Recently Inactive
16985.0,10,5464.12,1832,62,17,341,546.412,183.2,6.2,0.8086253369272237,Very High,Active
16986.0,2,1873.2,1040,3,30,0,936.6,520.0,1.5,2.0,Very High,Active
16987.0,7,1616.8,401,74,3,202,230.97142857142856,57.285714285714285,10.571428571428571,0.9051724137931034,High,Active
16988.0,1,126.12,43,7,5,0,126.12,43.0,7.0,1.0,Low,Active
16989.0,6,1133.25,1233,7,7,143,188.875,205.5,1.1666666666666667,1.0404624277456647,High,Active
16990.0,1,179.0,100,1,219,0,179.0,100.0,1.0,1.0,Low,Inactive
16992.0,5,1614.31,860,84,11,274,322.86199999999997,172.0,16.8,0.493421052631579,High,Active
16996.0,6,1456.96,544,13,30,323,242.82666666666668,90.66666666666667,2.1666666666666665,0.509915014164306,High,Active
16997.0,3,702.0,360,7,288,37,234.0,120.0,2.3333333333333335,1.3432835820895521,High,Inactive
16998.0,4,295.0,76,1,150,154,73.75,19.0,0.25,0.6521739130434783,Low,At Risk
16999.0,2,484.82,294,21,23,50,242.41,147.0,10.5,0.7499999999999999,Medium,Active
17001.0,11,3989.57,2164,75,1,358,362.6881818181818,196.72727272727272,6.818181818181818,0.8505154639175257,Very High,Active
17002.0,3,1493.73,679,41,86,205,497.91,226.33333333333334,13.666666666666666,0.3829787234042553,High,Recently Inactive
17004.0,2,1312.1399999999999,771,38,46,46,656.0699999999999,385.5,19.0,0.7894736842105263,High,Recently Inactive
17006.0,4,781.78,272,37,5,70,195.445,68.0,9.25,1.2,High,Active
17007.0,6,889.9300000000001,597,50,51,306,148.3216666666667,99.5,8.333333333333334,0.5357142857142857,High,Recently Inactive
17010.0,1,195.36,118,11,18,0,195.36,118.0,11.0,1.0,Low,Active
17011.0,1,270.9,186,15,30,0,270.9,186.0,15.0,1.0,Low,Active
17014.0,3,583.4300000000001,243,63,8,58,194.4766666666667,81.0,21.0,1.0227272727272727,Medium,Active
17015.0,3,1838.61,1978,182,29,156,612.87,659.3333333333334,60.666666666666664,0.48387096774193544,Very High,Active
17017.0,20,8694.26,6673,88,3,369,434.713,333.65,4.4,1.5037593984962405,Very High,Active
17018.0,2,920.1,176,15,41,285,460.05,88.0,7.5,0.19047619047619047,High,Recently Inactive
17019.0,4,1258.08,820,166,11,357,314.52,205.0,41.5,0.31007751937984496,High,Active
17022.0,1,71.0,108,7,31,0,71.0,108.0,7.0,1.0,Low,Recently Inactive
17024.0,3,95.85,69,2,45,112,31.95,23.0,0.6666666666666666,0.6338028169014085,Low,Recently Inactive
17025.0,3,357.77,235,8,61,312,119.25666666666666,78.33333333333333,2.6666666666666665,0.2631578947368421,Medium,Recently Inactive
17026.0,2,154.83,97,4,185,184,77.415,48.5,2.0,0.2803738317757009,Low,Inactive
17027.0,6,877.5600000000001,416,110,79,238,146.26000000000002,69.33333333333333,18.333333333333332,0.6716417910447761,High,Recently Inactive
17029.0,2,716.0,400,1,111,126,358.0,200.0,0.5,0.3846153846153846,High,At Risk
17030.0,1,146.87,146,11,64,0,146.87,146.0,11.0,1.0,Low,Recently Inactive
17031.0,2,380.35,235,19,12,143,190.175,117.5,9.5,0.3468208092485549,Medium,Active
17033.0,3,1030.14,750,24,86,273,343.38000000000005,250.0,8.0,0.297029702970297,High,Recently Inactive
17034.0,3,745.52,410,28,16,271,248.50666666666666,136.66666666666666,9.333333333333334,0.29900332225913623,High,Active
17035.0,2,433.53000000000003,229,27,246,65,216.76500000000001,114.5,13.5,0.6315789473684211,Medium,Inactive
17037.0,1,1267.32,656,75,88,0,1267.32,656.0,75.0,1.0,High,Recently Inactive
17038.0,1,112.4,28,22,30,0,112.4,28.0,22.0,1.0,Low,Active
17040.0,1,449.73,181,15,138,0,449.73,181.0,15.0,1.0,Medium,At Risk
17041.0,3,1071.49,927,59,27,333,357.16333333333336,309.0,19.666666666666668,0.24793388429752067,High,Active
17042.0,5,1036.58,990,74,3,244,207.31599999999997,198.0,14.8,0.5474452554744526,High,Active
17043.0,4,1735.18,998,100,32,234,433.795,249.5,25.0,0.45454545454545453,Very High,Recently Inactive
17044.0,1,948.48,504,6,25,0,948.48,504.0,6.0,1.0,High,Active
17045.0,3,339.44,106,20,113,134,113.14666666666666,35.333333333333336,6.666666666666667,0.5487804878048781,Medium,At Risk
17046.0,1,642.02,510,22,157,0,642.02,510.0,22.0,1.0,Medium,At Risk
17047.0,3,1100.9,533,59,85,119,366.9666666666667,177.66666666666666,19.666666666666668,0.6040268456375839,High,Recently Inactive
17048.0,3,925.35,485,41,118,213,308.45,161.66666666666666,13.666666666666666,0.3703703703703704,High,At Risk
17049.0,9,5655.03,2673,201,3,273,628.3366666666666,297.0,22.333333333333332,0.8910891089108911,Very High,Active
17050.0,6,3185.64,1595,169,96,203,530.9399999999999,265.8333333333333,28.166666666666668,0.7725321888412017,Very High,At Risk
17051.0,1,240.89,179,40,194,0,240.89,179.0,40.0,1.0,Low,Inactive
17052.0,1,399.09,251,72,28,0,399.09,251.0,72.0,1.0,Medium,Active
17053.0,1,498.48,122,13,131,0,498.48,122.0,13.0,1.0,Medium,At Risk
17054.0,5,1356.33,804,64,28,216,271.26599999999996,160.8,12.8,0.6097560975609757,High,Active
17058.0,3,1179.89,592,51,82,158,393.2966666666667,197.33333333333334,17.0,0.4787234042553192,High,Recently Inactive
17059.0,5,3080.39,1850,292,30,339,616.078,370.0,58.4,0.4065040650406504,Very High,Active
17060.0,1,234.24,216,5,266,0,234.24,216.0,5.0,1.0,Low,Inactive
17061.0,11,5232.2300000000005,1526,57,74,158,475.65727272727275,138.72727272727272,5.181818181818182,1.7553191489361701,Very High,Recently Inactive
17062.0,4,528.29,406,51,314,55,132.0725,101.5,12.75,1.411764705882353,Medium,Inactive
17063.0,7,1461.14,770,66,21,268,208.73428571428573,110.0,9.428571428571429,0.7046979865771812,High,Active
17064.0,3,855.45,316,53,59,268,285.15000000000003,105.33333333333333,17.666666666666668,0.30201342281879195,High,Recently Inactive
17068.0,21,4545.89,2159,115,12,355,216.47095238095238,102.80952380952381,5.476190476190476,1.6363636363636362,Very High,Active
17069.0,9,2709.7000000000003,1506,111,28,345,301.0777777777778,167.33333333333334,12.333333333333334,0.72,Very High,Active
17070.0,1,304.24,131,62,114,0,304.24,131.0,62.0,1.0,Low,At Risk
17071.0,9,2429.03,1197,102,28,281,269.89222222222224,133.0,11.333333333333334,0.8681672025723473,Very High,Active
17073.0,4,1444.84,758,141,18,91,361.21,189.5,35.25,0.9917355371900827,High,Active
17075.0,4,834.12,292,62,18,299,208.53,73.0,15.5,0.364741641337386,High,Active
17076.0,3,841.0799999999999,295,17,36,328,280.35999999999996,98.33333333333333,5.666666666666667,0.25139664804469275,High,Recently Inactive
17078.0,2,375.86,782,27,36,0,187.93,391.0,13.5,2.0,Medium,Recently Inactive
17079.0,1,118.80000000000001,24,2,78,0,118.80000000000001,24.0,2.0,1.0,Low,Recently Inactive
17080.0,2,287.62,166,8,22,247,143.81,83.0,4.0,0.21660649819494587,Low,Active
17081.0,2,288.91,77,55,25,20,144.455,38.5,27.5,1.2000000000000002,Low,Active
17082.0,2,2003.8500000000001,1049,75,33,285,1001.9250000000001,524.5,37.5,0.19047619047619047,Very High,Recently Inactive
17083.0,3,1405.78,772,24,109,194,468.5933333333333,257.3333333333333,8.0,0.4017857142857143,High,At Risk
17084.0,2,2747.9900000000002,1702,146,35,0,1373.9950000000001,851.0,73.0,2.0,Very High,Recently Inactive
17085.0,5,1562.4,785,115,123,239,312.48,157.0,23.0,0.5576208178438662,High,At Risk
17086.0,6,2050.08,1859,76,7,56,341.68,309.8333333333333,12.666666666666666,2.0930232558139537,Very High,Active
17088.0,4,1991.01,868,96,28,225,497.7525,217.0,24.0,0.47058823529411764,Very High,Active
17090.0,7,1974.65,903,45,4,349,282.09285714285716,129.0,6.428571428571429,0.554089709762533,Very High,Active
17091.0,9,3827.76,1746,119,3,365,425.3066666666667,194.0,13.222222222222221,0.6835443037974683,Very High,Active
17092.0,4,1774.03,1130,99,50,227,443.5075,282.5,24.75,0.4669260700389105,Very High,Recently Inactive
17094.0,1,302.0,152,14,322,0,302.0,152.0,14.0,1.0,Low,Inactive
17095.0,3,1324.16,618,69,23,312,441.3866666666667,206.0,23.0,0.2631578947368421,High,Active
17096.0,4,1022.13,339,46,15,246,255.5325,84.75,11.5,0.4347826086956522,High,Active
17097.0,8,954.42,459,153,2,363,119.3025,57.375,19.125,0.6106870229007634,High,Active
17100.0,2,971.74,800,65,18,0,485.87,400.0,32.5,2.0,High,Active
17101.0,4,1621.73,815,28,10,167,405.4325,203.75,7.0,0.6091370558375635,High,Active
17102.0,1,25.5,2,1,262,0,25.5,2.0,1.0,1.0,Low,Inactive
17105.0,2,665.78,693,80,159,147,332.89,346.5,40.0,0.3389830508474576,Medium,At Risk
17107.0,6,10797.48,4826,269,33,244,1799.58,804.3333333333334,44.833333333333336,0.6569343065693432,Very High,Recently Inactive
17109.0,6,881.29,588,107,29,203,146.88166666666666,98.0,17.833333333333332,0.7725321888412017,High,Active
17110.0,1,163.29999999999998,50,12,165,0,163.29999999999998,50.0,12.0,1.0,Low,At Risk
17111.0,1,231.61,282,29,47,0,231.61,282.0,29.0,1.0,Low,Recently Inactive
17114.0,8,801.12,215,85,6,329,100.14,26.875,10.625,0.6685236768802229,High,Active
17115.0,3,837.5,372,33,8,224,279.1666666666667,124.0,11.0,0.3543307086614173,High,Active
17117.0,1,116.2,68,9,288,0,116.2,68.0,9.0,1.0,Low,Inactive
17118.0,1,157.02,154,10,318,0,157.02,154.0,10.0,1.0,Low,Inactive
17119.0,2,606.91,334,35,3,56,303.455,167.0,17.5,0.6976744186046512,Medium,Active
17120.0,1,307.46,120,18,233,0,307.46,120.0,18.0,1.0,Medium,Inactive
17122.0,1,138.32,80,7,119,0,138.32,80.0,7.0,1.0,Low,At Risk
17123.0,1,345.3,246,9,162,0,345.3,246.0,9.0,1.0,Medium,At Risk
17124.0,1,294.24,129,31,185,0,294.24,129.0,31.0,1.0,Low,Inactive
17125.0,1,230.5,281,34,50,0,230.5,281.0,34.0,1.0,Low,Recently Inactive
17126.0,5,989.45,780,187,152,210,197.89000000000001,156.0,37.4,0.625,High,At Risk
17128.0,1,157.09,76,14,335,0,157.09,76.0,14.0,1.0,Low,Inactive
17131.0,5,2463.17,983,78,5,70,492.634,196.6,15.6,1.5,Very High,Active
17133.0,7,4892.240000000001,2730,13,16,250,698.8914285714287,390.0,1.8571428571428572,0.75,Very High,Active
17134.0,2,413.2,98,21,107,157,206.6,49.0,10.5,0.32085561497326204,Medium,At Risk
17135.0,7,1139.73,1224,34,16,355,162.81857142857143,174.85714285714286,4.857142857142857,0.5454545454545454,High,Active
17138.0,1,380.5,126,24,276,0,380.5,126.0,24.0,1.0,Medium,Inactive
17139.0,12,10650.77,5176,309,16,273,887.5641666666667,431.3333333333333,25.75,1.188118811881188,Very High,Active
17140.0,1,454.12,296,16,247,0,454.12,296.0,16.0,1.0,Medium,Inactive
17142.0,1,579.0,81,15,239,0,579.0,81.0,15.0,1.0,Medium,Inactive
17144.0,2,984.57,483,42,1,83,492.285,241.5,21.0,0.5309734513274337,High,Active
17146.0,3,749.78,212,33,106,253,249.92666666666665,70.66666666666667,11.0,0.31802120141342755,High,At Risk
17147.0,4,1714.59,882,68,23,289,428.6475,220.5,17.0,0.3761755485893417,Very High,Active
17148.0,1,124.88,82,9,52,0,124.88,82.0,9.0,1.0,Low,Recently Inactive
17152.0,3,1689.5,517,9,195,68,563.1666666666666,172.33333333333334,3.0,0.9183673469387755,Very High,Inactive
17153.0,1,213.78,104,14,24,0,213.78,104.0,14.0,1.0,Low,Active
17154.0,1,329.34,490,23,75,0,329.34,490.0,23.0,1.0,Medium,Recently Inactive
17155.0,2,251.7,242,19,18,160,125.85,121.0,9.5,0.31578947368421056,Low,Active
17157.0,2,319.0,172,11,8,168,159.5,86.0,5.5,0.30303030303030304,Medium,Active
17158.0,3,1266.97,778,53,32,328,422.3233333333333,259.3333333333333,17.666666666666668,0.25139664804469275,High,Recently Inactive
17159.0,3,1538.88,1111,96,22,150,512.96,370.3333333333333,32.0,0.5,High,Active
17160.0,6,3518.03,2856,111,31,210,586.3383333333334,476.0,18.5,0.75,Very High,Recently Inactive
17162.0,10,1715.46,1001,81,29,276,171.546,100.1,8.1,0.9803921568627452,Very High,Active
17163.0,2,293.1,66,3,22,56,146.55,33.0,1.5,0.6976744186046512,Low,Active
17164.0,7,2467.35,1501,92,33,240,352.4785714285714,214.42857142857142,13.142857142857142,0.7777777777777778,Very High,Recently Inactive
17165.0,1,158.68,100,10,284,0,158.68,100.0,10.0,1.0,Low,Inactive
17166.0,2,206.34,78,11,39,165,103.17,39.0,5.5,0.3076923076923077,Low,Recently Inactive
17169.0,2,835.78,526,51,58,125,417.89,263.0,25.5,0.3870967741935484,High,Recently Inactive
17171.0,1,224.91,185,16,289,0,224.91,185.0,16.0,1.0,Low,Inactive
17172.0,1,317.76,480,15,79,0,317.76,480.0,15.0,1.0,Medium,Recently Inactive
17173.0,8,3766.6,1122,36,5,125,470.825,140.25,4.5,1.5483870967741935,Very High,Active
17174.0,1,59.9,41,4,218,0,59.9,41.0,4.0,1.0,Low,Inactive
17175.0,4,1443.69,866,42,44,252,360.9225,216.5,10.5,0.425531914893617,High,Recently Inactive
17176.0,1,306.13,170,15,202,0,306.13,170.0,15.0,1.0,Low,Inactive
17179.0,3,711.79,290,56,178,183,237.26333333333332,96.66666666666667,18.666666666666668,0.4225352112676057,High,At Risk
17180.0,4,783.97,670,91,56,259,195.9925,167.5,22.75,0.4152249134948097,High,Recently Inactive
17181.0,2,239.92000000000002,241,23,57,316,119.96000000000001,120.5,11.5,0.17341040462427745,Low,Recently Inactive
17183.0,6,3347.31,1296,42,8,97,557.885,216.0,7.0,1.4173228346456692,Very High,Active
17186.0,2,144.0,200,1,47,13,72.0,100.0,0.5,1.3953488372093024,Low,Recently Inactive
17187.0,1,203.95,144,10,227,0,203.95,144.0,10.0,1.0,Low,Inactive
17188.0,7,2474.23,1328,71,11,351,353.4614285714286,189.71428571428572,10.142857142857142,0.5511811023622047,Very High,Active
17189.0,2,383.75,226,52,106,253,191.875,113.0,26.0,0.21201413427561838,Medium,At Risk
17190.0,2,444.74,161,19,59,148,222.37,80.5,9.5,0.33707865168539325,Medium,Recently Inactive
17191.0,7,2093.68,1166,163,28,340,299.09714285714284,166.57142857142858,23.285714285714285,0.5675675675675675,Very High,Active
17193.0,7,1699.3,1254,17,36,141,242.75714285714284,179.14285714285714,2.4285714285714284,1.2280701754385965,Very High,Recently Inactive
17194.0,1,226.78,112,25,361,0,226.78,112.0,25.0,1.0,Low,Inactive
17197.0,1,1013.01,191,29,30,0,1013.01,191.0,29.0,1.0,High,Active
17198.0,3,692.22,357,89,24,347,230.74,119.0,29.666666666666668,0.2387267904509284,High,Active
17201.0,1,289.78000000000003,231,38,54,0,289.78000000000003,231.0,38.0,1.0,Low,Recently Inactive
17203.0,6,3560.08,2846,116,36,24,593.3466666666667,474.3333333333333,19.333333333333332,3.333333333333333,Very High,Recently Inactive
17204.0,4,1564.56,646,44,175,88,391.14,161.5,11.0,1.0169491525423728,High,At Risk
17205.0,1,384.08,884,13,54,0,384.08,884.0,13.0,1.0,Medium,Recently Inactive
17206.0,1,204.24,76,7,53,0,204.24,76.0,7.0,1.0,Low,Recently Inactive
17211.0,8,2317.2200000000003,1323,150,27,342,289.65250000000003,165.375,18.75,0.6451612903225806,Very High,Active
17212.0,1,226.85,147,4,253,0,226.85,147.0,4.0,1.0,Low,Inactive
17213.0,7,2781.23,1176,85,40,326,397.31857142857143,168.0,12.142857142857142,0.5898876404494382,Very High,Recently Inactive
17214.0,6,1059.1200000000001,272,79,60,298,176.52,45.333333333333336,13.166666666666666,0.5487804878048781,High,Recently Inactive
17217.0,1,113.5,24,9,234,0,113.5,24.0,9.0,1.0,Low,Inactive
17218.0,10,1951.97,955,146,4,363,195.197,95.5,14.6,0.7633587786259542,Very High,Active
17219.0,1,114.23,89,24,32,0,114.23,89.0,24.0,1.0,Low,Recently Inactive
17220.0,14,3187.55,1897,303,24,339,227.68214285714288,135.5,21.642857142857142,1.1382113821138211,Very High,Active
17221.0,2,334.48,287,59,7,28,167.24,143.5,29.5,1.0344827586206897,Medium,Active
17222.0,1,328.65,122,27,65,0,328.65,122.0,27.0,1.0,Medium,Recently Inactive
17223.0,2,381.89,109,42,310,58,190.945,54.5,21.0,0.6818181818181818,Medium,Inactive
17226.0,1,393.49,406,21,309,0,393.49,406.0,21.0,1.0,Medium,Inactive
17227.0,6,939.32,741,28,19,349,156.55333333333334,123.5,4.666666666666667,0.474934036939314,High,Active
17228.0,8,1906.09,1532,140,16,356,238.26125,191.5,17.5,0.6217616580310881,Very High,Active
17229.0,2,318.76,185,39,96,46,159.38,92.5,19.5,0.7894736842105263,Medium,At Risk
17230.0,8,3638.41,1651,51,264,95,454.80125,206.375,6.375,1.9200000000000004,Very High,Inactive
17231.0,10,3124.72,1724,292,12,349,312.472,172.4,29.2,0.79155672823219,Very High,Active
17232.0,2,417.77,202,30,3,11,208.885,101.0,15.0,1.4634146341463414,Medium,Active
17233.0,1,190.88,131,25,35,0,190.88,131.0,25.0,1.0,Low,Recently Inactive
17234.0,1,149.89,55,14,183,0,149.89,55.0,14.0,1.0,Low,Inactive
17235.0,2,550.0600000000001,224,24,25,347,275.03000000000003,112.0,12.0,0.15915119363395225,Medium,Active
17236.0,6,916.13,474,88,13,350,152.68833333333333,79.0,14.666666666666666,0.4736842105263158,High,Active
17237.0,2,314.69,105,18,11,11,157.345,52.5,9.0,1.4634146341463414,Medium,Active
17238.0,17,3719.1,1807,297,3,368,218.7705882352941,106.29411764705883,17.470588235294116,1.2814070351758793,Very High,Active
17239.0,1,382.5,150,15,313,0,382.5,150.0,15.0,1.0,Medium,Inactive
17242.0,2,1135.04,611,30,108,72,567.52,305.5,15.0,0.5882352941176471,High,At Risk
17243.0,26,8531.65,3316,179,1,368,328.1403846153846,127.53846153846153,6.884615384615385,1.9597989949748742,Very High,Active
17244.0,1,954.9,616,31,53,0,954.9,616.0,31.0,1.0,High,Recently Inactive
17245.0,1,171.45000000000002,75,9,205,0,171.45000000000002,75.0,9.0,1.0,Low,Inactive
17247.0,1,280.09000000000003,105,53,15,0,280.09000000000003,105.0,53.0,1.0,Low,Active
17248.0,1,318.65,213,68,120,0,318.65,213.0,68.0,1.0,Medium,At Risk
17250.0,2,381.97,167,55,4,257,190.985,83.5,27.5,0.20905923344947736,Medium,Active
17251.0,1,269.83,108,37,363,0,269.83,108.0,37.0,1.0,Low,Inactive
17252.0,2,348.90999999999997,192,86,117,69,174.45499999999998,96.0,43.0,0.6060606060606061,Medium,At Risk
17253.0,1,178.26,43,18,18,0,178.26,43.0,18.0,1.0,Low,Active
17254.0,2,271.19,251,100,5,10,135.595,125.5,50.0,1.5,Low,Active
17255.0,2,291.48,227,69,41,258,145.74,113.5,34.5,0.20833333333333334,Low,Recently Inactive
17256.0,2,240.0,141,12,107,204,120.0,70.5,6.0,0.25641025641025644,Low,At Risk
17259.0,2,581.23,388,104,148,220,290.615,194.0,52.0,0.24000000000000005,Medium,At Risk
17262.0,5,1253.3600000000001,367,9,52,313,250.67200000000003,73.4,1.8,0.43731778425655976,High,Recently Inactive
17263.0,1,63.440000000000005,36,23,208,0,63.440000000000005,36.0,23.0,1.0,Low,Inactive
17265.0,2,550.01,389,106,139,41,275.005,194.5,53.0,0.8450704225352113,Medium,At Risk
17266.0,3,296.58,153,60,2,145,98.86,51.0,20.0,0.5142857142857143,Low,Active
17267.0,2,317.2,158,37,127,0,158.6,79.0,18.5,2.0,Medium,At Risk
17268.0,4,763.64,844,3,108,137,190.91,211.0,0.75,0.718562874251497,High,At Risk
17272.0,4,2148.63,1778,70,42,220,537.1575,444.5,17.5,0.4800000000000001,Very High,Recently Inactive
17274.0,1,107.82,77,24,35,0,107.82,77.0,24.0,1.0,Low,Recently Inactive
17277.0,2,1065.3500000000001,430,67,228,95,532.6750000000001,215.0,33.5,0.4800000000000001,High,Inactive
17278.0,1,246.04000000000002,179,15,241,0,246.04000000000002,179.0,15.0,1.0,Low,Inactive
17279.0,1,187.82999999999998,48,8,58,0,187.82999999999998,48.0,8.0,1.0,Low,Recently Inactive
17282.0,3,1685.46,1866,79,130,169,561.82,622.0,26.333333333333332,0.4522613065326633,Very High,At Risk
17284.0,6,1647.48,1362,229,60,276,274.58,227.0,38.166666666666664,0.5882352941176471,High,Recently Inactive
17286.0,1,151.37,117,44,22,0,151.37,117.0,44.0,1.0,Low,Active
17287.0,7,1049.06,556,88,26,346,149.8657142857143,79.42857142857143,12.571428571428571,0.5585106382978724,High,Active
17288.0,7,1417.6299999999999,1201,118,9,349,202.51857142857142,171.57142857142858,16.857142857142858,0.554089709762533,High,Active
17289.0,3,931.02,513,86,32,148,310.34,171.0,28.666666666666668,0.5056179775280899,High,Recently Inactive
17290.0,2,513.01,397,92,4,12,256.505,198.5,46.0,1.4285714285714286,Medium,Active
17291.0,1,550.8000000000001,72,1,308,0,550.8000000000001,72.0,1.0,1.0,Medium,Inactive
17293.0,9,1854.06,1135,93,8,352,206.00666666666666,126.11111111111111,10.333333333333334,0.7068062827225131,Very High,Active
17295.0,3,547.0,293,53,29,35,182.33333333333334,97.66666666666667,17.666666666666668,1.3846153846153844,Medium,Active
17297.0,1,128.18,65,49,17,0,128.18,65.0,49.0,1.0,Low,Active
17298.0,2,498.42,387,30,101,23,249.21,193.5,15.0,1.1320754716981132,Medium,At Risk
17299.0,4,656.61,668,50,12,161,164.1525,167.0,12.5,0.6282722513089005,Medium,Active
17301.0,1,163.24,137,59,21,0,163.24,137.0,59.0,1.0,Low,Active
17302.0,5,1135.63,575,68,15,290,227.12600000000003,115.0,13.6,0.46875,High,Active
17303.0,1,250.04,144,53,361,0,250.04,144.0,53.0,1.0,Low,Inactive
17306.0,19,8631.31,11491,13,11,342,454.2794736842105,604.7894736842105,0.6842105263157895,1.532258064516129,Very High,Active
17309.0,1,82.75,41,11,95,0,82.75,41.0,11.0,1.0,Low,At Risk
17311.0,2,1384.85,1005,55,78,238,692.425,502.5,27.5,0.22388059701492538,High,Recently Inactive
17312.0,3,644.3,372,11,139,20,214.76666666666665,124.0,3.6666666666666665,1.8000000000000003,Medium,At Risk
17313.0,1,2328.84,1402,24,31,0,2328.84,1402.0,24.0,1.0,Very High,Recently Inactive
17314.0,8,2527.92,1896,120,25,287,315.99,237.0,15.0,0.7570977917981073,Very High,Active
17315.0,38,6271.15,3839,255,2,355,165.03026315789472,101.02631578947368,6.7105263157894735,2.9610389610389607,Very High,Active
17317.0,3,2600.34,1146,8,46,43,866.7800000000001,382.0,2.6666666666666665,1.232876712328767,Very High,Recently Inactive
17320.0,3,1200.6200000000001,634,57,100,267,400.2066666666667,211.33333333333334,19.0,0.30303030303030304,High,At Risk
17321.0,2,657.16,364,94,8,59,328.58,182.0,47.0,0.6741573033707865,Medium,Active
17323.0,7,903.12,756,124,15,277,129.01714285714286,108.0,17.714285714285715,0.6840390879478828,High,Active
17324.0,4,986.48,843,43,18,348,246.62,210.75,10.75,0.31746031746031744,High,Active
17325.0,1,96.8,60,6,280,0,96.8,60.0,6.0,1.0,Low,Inactive
17329.0,2,523.11,142,29,14,300,261.555,71.0,14.5,0.18181818181818182,Medium,Active
17330.0,2,363.9,120,5,23,44,181.95,60.0,2.5,0.8108108108108107,Medium,Active
17331.0,1,175.2,16,1,124,0,175.2,16.0,1.0,1.0,Low,At Risk
17333.0,1,494.25,375,28,86,0,494.25,375.0,28.0,1.0,Medium,Recently Inactive
17334.0,2,307.02000000000004,315,11,302,6,153.51000000000002,157.5,5.5,1.6666666666666667,Medium,Inactive
17337.0,4,1979.61,1246,420,151,158,494.9025,311.5,105.0,0.6382978723404256,Very High,At Risk
17338.0,8,6484.75,3044,388,17,344,810.59375,380.5,48.5,0.6417112299465241,Very High,Active
17339.0,2,243.36,152,9,94,270,121.68,76.0,4.5,0.2,Low,At Risk
17340.0,11,12353.29,5967,229,30,336,1123.0263636363636,542.4545454545455,20.818181818181817,0.9016393442622951,Very High,Active
17341.0,3,682.29,443,147,157,209,227.42999999999998,147.66666666666666,49.0,0.37656903765690375,High,At Risk
17343.0,1,193.64,56,17,355,0,193.64,56.0,17.0,1.0,Low,Inactive
17344.0,1,157.62,65,31,46,0,157.62,65.0,31.0,1.0,Low,Recently Inactive
17345.0,4,519.6899999999999,341,70,15,181,129.92249999999999,85.25,17.5,0.5687203791469194,Medium,Active
17346.0,15,2622.88,1617,299,4,369,174.85866666666666,107.8,19.933333333333334,1.1278195488721805,Very High,Active
17347.0,1,228.96,216,1,86,0,228.96,216.0,1.0,1.0,Low,Recently Inactive
17348.0,5,1156.6,1398,180,15,283,231.32,279.6,36.0,0.4792332268370607,High,Active
17349.0,1,98.25,102,8,179,0,98.25,102.0,8.0,1.0,Low,At Risk
17350.0,4,1281.32,770,66,8,42,320.33,192.5,16.5,1.6666666666666667,High,Active
17351.0,3,587.15,113,22,36,237,195.71666666666667,37.666666666666664,7.333333333333333,0.33707865168539325,Medium,Recently Inactive
17353.0,2,1740.0,1200,5,129,25,870.0,600.0,2.5,1.0909090909090908,Very High,At Risk
17354.0,1,1393.06,1006,15,51,0,1393.06,1006.0,15.0,1.0,High,Recently Inactive
17356.0,1,178.22,166,19,312,0,178.22,166.0,19.0,1.0,Low,Inactive
17357.0,2,384.39,152,41,24,0,192.195,76.0,20.5,2.0,Medium,Active
17358.0,2,360.81,190,55,303,52,180.405,95.0,27.5,0.7317073170731707,Medium,Inactive
17359.0,1,127.86,161,13,11,0,127.86,161.0,13.0,1.0,Low,Active
17360.0,3,568.24,328,113,17,166,189.41333333333333,109.33333333333333,37.666666666666664,0.45918367346938777,Medium,Active
17361.0,3,488.2,157,26,49,242,162.73333333333332,52.333333333333336,8.666666666666666,0.33088235294117646,Medium,Recently Inactive
17362.0,2,312.23,191,30,239,70,156.115,95.5,15.0,0.6,Medium,Inactive
17364.0,11,4462.68,2692,288,1,330,405.69818181818187,244.72727272727272,26.181818181818183,0.9166666666666666,Very High,Active
17365.0,8,4762.32,4737,277,13,320,595.29,592.125,34.625,0.6857142857142857,Very High,Active
17367.0,1,167.55,149,33,238,0,167.55,149.0,33.0,1.0,Low,Inactive
17368.0,8,1878.87,1377,93,23,314,234.85875,172.125,11.625,0.6976744186046512,Very High,Active
17370.0,4,446.18,540,31,73,96,111.545,135.0,7.75,0.9523809523809523,Medium,Recently Inactive
17371.0,3,418.4,151,83,17,343,139.46666666666667,50.333333333333336,27.666666666666668,0.24128686327077747,Medium,Active
17372.0,8,1337.18,747,215,41,321,167.1475,93.375,26.875,0.6837606837606838,High,Recently Inactive
17373.0,4,646.92,408,47,40,272,161.73,102.0,11.75,0.3973509933774835,Medium,Recently Inactive
17374.0,2,495.77,85,24,219,62,247.885,42.5,12.0,0.6521739130434783,Medium,Inactive
17375.0,3,400.1,367,63,199,162,133.36666666666667,122.33333333333333,21.0,0.46875,Medium,Inactive
17376.0,2,203.2,86,23,71,240,101.6,43.0,11.5,0.2222222222222222,Low,Recently Inactive
17377.0,20,4058.32,2038,190,24,349,202.916,101.9,9.5,1.58311345646438,Very High,Active
17379.0,1,389.71999999999997,623,71,11,0,389.71999999999997,623.0,71.0,1.0,Medium,Active
17381.0,29,20275.61,25649,40,9,363,699.1589655172414,884.448275862069,1.3793103448275863,2.213740458015267,Very High,Active
17382.0,1,65.4,25,2,65,0,65.4,25.0,2.0,1.0,Low,Recently Inactive
17383.0,1,193.39000000000001,148,49,4,0,193.39000000000001,148.0,49.0,1.0,Low,Active
17384.0,2,336.4,88,12,19,199,168.2,44.0,6.0,0.26200873362445415,Medium,Active
17385.0,1,256.11,197,42,15,0,256.11,197.0,42.0,1.0,Low,Active
17386.0,6,2686.42,1902,23,8,157,447.7366666666667,317.0,3.8333333333333335,0.9625668449197861,Very High,Active
17387.0,2,746.81,522,71,20,13,373.405,261.0,35.5,1.3953488372093024,High,Active
17388.0,4,1259.56,1068,13,78,209,314.89,267.0,3.25,0.502092050209205,High,Recently Inactive
17389.0,34,31833.68,7612,45,1,330,936.2847058823529,223.88235294117646,1.3235294117647058,2.8333333333333335,Very High,Active
17391.0,2,508.8,480,2,164,0,254.4,240.0,1.0,2.0,Medium,At Risk
17392.0,2,411.27,275,52,307,51,205.635,137.5,26.0,0.7407407407407407,Medium,Inactive
17394.0,1,203.86999999999998,241,4,219,0,203.86999999999998,241.0,4.0,1.0,Low,Inactive
17396.0,7,7312.8,2004,23,39,332,1044.6857142857143,286.2857142857143,3.2857142857142856,0.580110497237569,Very High,Recently Inactive
17397.0,2,681.41,250,88,22,0,340.705,125.0,44.0,2.0,High,Active
17398.0,3,653.38,310,30,115,140,217.79333333333332,103.33333333333333,10.0,0.5294117647058824,Medium,At Risk
17400.0,5,2097.84,1088,175,126,226,419.56800000000004,217.6,35.0,0.5859375,Very High,At Risk
17402.0,13,2633.85,701,33,5,364,202.60384615384615,53.92307692307692,2.5384615384615383,0.9898477157360407,Very High,Active
17403.0,1,263.92,111,32,36,0,263.92,111.0,32.0,1.0,Low,Recently Inactive
17404.0,15,31876.82,32747,110,4,356,2125.1213333333335,2183.133333333333,7.333333333333333,1.16580310880829,Very High,Active
17405.0,3,1031.41,726,77,1,149,343.80333333333334,242.0,25.666666666666668,0.5027932960893855,High,Active
17406.0,3,2184.42,780,99,333,33,728.14,260.0,33.0,1.4285714285714286,Very High,Inactive
17408.0,1,32.65,3,2,163,0,32.65,3.0,2.0,1.0,Low,At Risk
17409.0,2,771.85,105,13,185,63,385.925,52.5,6.5,0.6451612903225806,High,Inactive
17410.0,5,1214.72,616,57,16,199,242.94400000000002,123.2,11.4,0.6550218340611353,High,Active
17411.0,3,778.94,306,39,12,249,259.6466666666667,102.0,13.0,0.3225806451612903,High,Active
17412.0,7,1258.06,738,48,3,369,179.72285714285712,105.42857142857143,6.857142857142857,0.5263157894736842,High,Active
17414.0,2,778.0,2100,5,44,141,389.0,1050.0,2.5,0.3508771929824561,High,Recently Inactive
17415.0,1,507.84,114,14,80,0,507.84,114.0,14.0,1.0,Medium,Recently Inactive
17416.0,7,6893.42,4302,186,30,251,984.7742857142857,614.5714285714286,26.571428571428573,0.7473309608540925,Very High,Active
17418.0,2,463.46000000000004,289,29,42,281,231.73000000000002,144.5,14.5,0.19292604501607716,Medium,Recently Inactive
17419.0,12,4226.57,1876,155,11,355,352.21416666666664,156.33333333333334,12.916666666666666,0.935064935064935,Very High,Active
17420.0,3,598.83,265,28,50,323,199.61,88.33333333333333,9.333333333333334,0.254957507082153,Medium,Recently Inactive
17422.0,6,1979.37,2253,93,16,279,329.895,375.5,15.5,0.5825242718446602,Very High,Active
17423.0,2,698.41,459,26,46,171,349.205,229.5,13.0,0.29850746268656714,High,Recently Inactive
17425.0,2,759.1700000000001,407,42,19,41,379.58500000000004,203.5,21.0,0.8450704225352113,High,Active
17426.0,6,5037.26,3094,179,8,274,839.5433333333334,515.6666666666666,29.833333333333332,0.5921052631578948,Very High,Active
17427.0,1,100.8,34,2,72,0,100.8,34.0,2.0,1.0,Low,Recently Inactive
17428.0,28,17256.85,9474,252,1,368,616.3160714285714,338.35714285714283,9.0,2.1105527638190953,Very High,Active
17429.0,3,524.9200000000001,624,36,128,90,174.97333333333336,208.0,12.0,0.75,Medium,At Risk
17430.0,2,265.76,190,14,33,332,132.88,95.0,7.0,0.16574585635359115,Low,Recently Inactive
17431.0,1,403.3,292,41,313,0,403.3,292.0,41.0,1.0,Medium,Inactive
17432.0,2,365.76,207,44,18,19,182.88,103.5,22.0,1.2244897959183674,Medium,Active
17433.0,1,303.16,185,53,88,0,303.16,185.0,53.0,1.0,Low,Recently Inactive
17434.0,7,2373.82,1693,100,2,82,339.1171428571429,241.85714285714286,14.285714285714286,1.875,Very High,Active
17436.0,2,216.3,90,7,2,225,108.15,45.0,3.5,0.23529411764705882,Low,Active
17438.0,1,388.45000000000005,103,17,254,0,388.45000000000005,103.0,17.0,1.0,Medium,Inactive
17440.0,3,186.42000000000002,246,3,157,90,62.14000000000001,82.0,1.0,0.75,Low,At Risk
17442.0,6,2248.56,1496,96,37,253,374.76,249.33333333333334,16.0,0.6360424028268551,Very High,Recently Inactive
17443.0,1,534.24,504,1,220,0,534.24,504.0,1.0,1.0,Medium,Inactive
17444.0,3,2940.04,2119,132,148,25,980.0133333333333,706.3333333333334,44.0,1.6363636363636362,Very High,At Risk
17446.0,2,120.89999999999999,198,6,177,133,60.449999999999996,99.0,3.0,0.36809815950920244,Low,At Risk
17447.0,2,541.53,443,33,40,31,270.765,221.5,16.5,0.9836065573770493,Medium,Recently Inactive
17449.0,7,2516.21,1120,177,2,357,359.4585714285714,160.0,25.285714285714285,0.5426356589147286,Very High,Active
17450.0,46,194390.79,69973,124,8,359,4225.886739130435,1521.1521739130435,2.6956521739130435,3.5475578406169666,Very High,Active
17451.0,7,1721.4,1203,83,1,104,245.91428571428574,171.85714285714286,11.857142857142858,1.5671641791044775,Very High,Active
17453.0,2,486.72,219,19,18,46,243.36,109.5,9.5,0.7894736842105263,Medium,Active
17454.0,4,517.53,243,57,192,167,129.3825,60.75,14.25,0.6091370558375635,Medium,Inactive
17455.0,1,131.7,66,8,204,0,131.7,66.0,8.0,1.0,Low,Inactive
17456.0,1,249.86,222,17,365,0,249.86,222.0,17.0,1.0,Low,Inactive
17457.0,5,1737.7,826,14,127,212,347.54,165.2,2.8,0.6198347107438017,Very High,At Risk
17458.0,1,316.5,170,52,15,0,316.5,170.0,52.0,1.0,Medium,Active
17459.0,2,657.3,537,88,43,16,328.65,268.5,44.0,1.3043478260869565,Medium,Recently Inactive
17460.0,6,622.4300000000001,236,18,94,278,103.73833333333334,39.333333333333336,3.0,0.5844155844155844,Medium,At Risk
17461.0,3,735.82,770,104,23,6,245.27333333333334,256.6666666666667,34.666666666666664,2.5,High,Active
17462.0,2,675.69,227,25,60,223,337.845,113.5,12.5,0.23715415019762845,High,Recently Inactive
17463.0,5,1875.8600000000001,1086,162,16,296,375.172,217.2,32.4,0.460122699386503,Very High,Active
17464.0,1,289.96000000000004,220,9,158,0,289.96000000000004,220.0,9.0,1.0,Low,At Risk
17466.0,2,763.28,306,41,10,68,381.64,153.0,20.5,0.6122448979591837,High,Active
17468.0,2,137.0,116,5,10,4,68.5,58.0,2.5,1.7647058823529411,Low,Active
17469.0,5,1870.97,787,61,16,188,374.194,157.4,12.2,0.6880733944954128,Very High,Active
17470.0,5,1125.07,1675,67,45,323,225.01399999999998,335.0,13.4,0.4249291784702549,High,Recently Inactive
17472.0,3,697.54,455,142,191,108,232.51333333333332,151.66666666666666,47.333333333333336,0.6521739130434783,High,Inactive
17475.0,1,194.37,178,14,79,0,194.37,178.0,14.0,1.0,Low,Recently Inactive
17480.0,1,511.82,338,29,78,0,511.82,338.0,29.0,1.0,Medium,Recently Inactive
17481.0,4,1255.59,1061,69,4,90,313.8975,265.25,17.25,1.0,High,Active
17483.0,3,414.04,191,18,65,117,138.01333333333335,63.666666666666664,6.0,0.6122448979591836,Medium,Recently Inactive
17486.0,1,396.87,191,24,261,0,396.87,191.0,24.0,1.0,Medium,Inactive
17489.0,2,376.64,428,28,59,153,188.32,214.0,14.0,0.3278688524590164,Medium,Recently Inactive
17490.0,7,2092.32,1134,63,1,175,298.90285714285716,162.0,9.0,1.024390243902439,Very High,Active
17491.0,10,3558.87,2013,72,1,366,355.887,201.3,7.2,0.7575757575757576,Very High,Active
17492.0,1,374.57,155,12,248,0,374.57,155.0,12.0,1.0,Medium,Inactive
17495.0,2,497.56,229,21,8,31,248.78,114.5,10.5,0.9836065573770493,Medium,Active
17496.0,1,271.05,79,10,359,0,271.05,79.0,10.0,1.0,Low,Inactive
17498.0,1,272.21999999999997,394,17,76,0,272.21999999999997,394.0,17.0,1.0,Low,Recently Inactive
17499.0,1,622.88,711,40,290,0,622.88,711.0,40.0,1.0,Medium,Inactive
17500.0,3,1138.0,17,3,17,12,379.3333333333333,5.666666666666667,1.0,2.142857142857143,High,Active
17501.0,2,288.6,160,18,221,0,144.3,80.0,9.0,2.0,Low,Inactive
17502.0,4,689.1,376,25,9,19,172.275,94.0,6.25,2.4489795918367347,High,Active
17503.0,2,558.96,486,36,3,35,279.48,243.0,18.0,0.9230769230769229,Medium,Active
17504.0,9,2997.03,1664,112,206,116,333.00333333333333,184.88888888888889,12.444444444444445,1.8493150684931505,Very High,Inactive
17505.0,2,1145.8400000000001,556,48,162,44,572.9200000000001,278.0,24.0,0.8108108108108107,High,At Risk
17506.0,1,302.2,139,14,76,0,302.2,139.0,14.0,1.0,Low,Recently Inactive
17507.0,2,605.58,359,79,262,47,302.79,179.5,39.5,0.7792207792207793,Medium,Inactive
17508.0,1,387.31,289,22,281,0,387.31,289.0,22.0,1.0,Medium,Inactive
17509.0,8,6083.64,3512,75,58,5,760.455,439.0,9.375,6.857142857142857,Very High,Recently Inactive
17510.0,1,308.48,214,20,25,0,308.48,214.0,20.0,1.0,Medium,Active
17511.0,31,91062.38,64549,453,3,370,2937.496129032258,2082.2258064516127,14.612903225806452,2.3249999999999997,Very High,Active
17512.0,10,2924.9900000000002,2753,61,29,272,292.499,275.3,6.1,0.9933774834437087,Very High,Active
17513.0,1,513.2,254,6,72,0,513.2,254.0,6.0,1.0,Medium,Recently Inactive
17514.0,1,208.65,135,40,128,0,208.65,135.0,40.0,1.0,Low,At Risk
17515.0,4,639.02,243,49,31,286,159.755,60.75,12.25,0.379746835443038,Medium,Recently Inactive
17516.0,5,764.88,414,113,15,270,152.976,82.8,22.6,0.5,High,Active
17517.0,1,153.94,102,11,309,0,153.94,102.0,11.0,1.0,Low,Inactive
17519.0,6,1844.02,1236,60,17,351,307.33666666666664,206.0,10.0,0.4724409448818898,Very High,Active
17520.0,1,546.81,365,30,54,0,546.81,365.0,30.0,1.0,Medium,Recently Inactive
17521.0,3,723.21,519,38,30,169,241.07000000000002,173.0,12.666666666666666,0.4522613065326633,High,Active
17522.0,5,1066.15,1022,58,2,216,213.23000000000002,204.4,11.6,0.6097560975609757,High,Active
17523.0,4,652.74,872,25,11,7,163.185,218.0,6.25,3.243243243243243,Medium,Active
17524.0,1,145.0,90,6,361,0,145.0,90.0,6.0,1.0,Low,Inactive
17525.0,1,422.7,82,9,360,0,422.7,82.0,9.0,1.0,Medium,Inactive
17526.0,4,1195.8999999999999,310,17,5,360,298.97499999999997,77.5,4.25,0.3076923076923077,High,Active
17527.0,4,939.37,488,45,54,164,234.8425,122.0,11.25,0.6185567010309279,High,Recently Inactive
17528.0,8,3628.5,2138,183,1,70,453.5625,267.25,22.875,2.4,Very High,Active
17530.0,10,2362.53,1511,305,1,363,236.25300000000001,151.1,30.5,0.7633587786259542,Very High,Active
17531.0,1,296.7,136,14,190,0,296.7,136.0,14.0,1.0,Low,Inactive
17534.0,1,223.36,103,9,54,0,223.36,103.0,9.0,1.0,Low,Recently Inactive
17535.0,1,164.4,136,13,280,0,164.4,136.0,13.0,1.0,Low,Inactive
17536.0,1,76.5,6,3,177,0,76.5,6.0,3.0,1.0,Low,At Risk
17537.0,2,887.6700000000001,699,74,30,273,443.83500000000004,349.5,37.0,0.19801980198019803,High,Active
17538.0,1,98.42,134,9,26,0,98.42,134.0,9.0,1.0,Low,Active
17540.0,2,578.9,194,20,25,291,289.45,97.0,10.0,0.1869158878504673,Medium,Active
17542.0,1,170.75,134,24,270,0,170.75,134.0,24.0,1.0,Low,Inactive
17545.0,3,642.32,337,122,43,0,214.10666666666668,112.33333333333333,40.666666666666664,3.0,Medium,Recently Inactive
17548.0,1,103.3,58,5,234,0,103.3,58.0,5.0,1.0,Low,Inactive
17549.0,2,148.86,210,5,24,27,74.43,105.0,2.5,1.0526315789473684,Low,Active
17550.0,3,267.16,86,42,197,45,89.05333333333334,28.666666666666668,14.0,1.2,Low,Inactive
17551.0,1,290.34,142,39,359,0,290.34,142.0,39.0,1.0,Low,Inactive
17552.0,4,930.41,719,43,60,311,232.6025,179.75,10.75,0.3519061583577712,High,Recently Inactive
17553.0,1,1487.6,1048,2,130,0,1487.6,1048.0,2.0,1.0,High,At Risk
17554.0,5,1952.45,1763,58,1,146,390.49,352.6,11.6,0.8522727272727273,Very High,Active
17555.0,2,480.31,348,101,20,314,240.155,174.0,50.5,0.1744186046511628,Medium,Active
17556.0,1,157.9,101,6,206,0,157.9,101.0,6.0,1.0,Low,Inactive
17557.0,3,541.46,306,27,14,66,180.48666666666668,102.0,9.0,0.9375,Medium,Active
17560.0,4,854.95,635,22,95,215,213.7375,158.75,5.5,0.48979591836734687,High,At Risk
17561.0,1,165.12,144,44,19,0,165.12,144.0,44.0,1.0,Low,Active
17562.0,7,1122.38,817,48,14,159,160.34,116.71428571428571,6.857142857142857,1.1111111111111112,High,Active
17564.0,3,454.01,146,38,24,55,151.33666666666667,48.666666666666664,12.666666666666666,1.0588235294117647,Medium,Active
17566.0,2,869.77,497,113,8,17,434.885,248.5,56.5,1.2765957446808511,High,Active
17567.0,8,4331.48,2632,110,7,365,541.435,329.0,13.75,0.6075949367088608,Very High,Active
17569.0,1,344.14,159,29,332,0,344.14,159.0,29.0,1.0,Medium,Inactive
17571.0,4,1424.42,875,246,50,248,356.105,218.75,61.5,0.4316546762589928,High,Recently Inactive
17572.0,4,226.75000000000003,95,7,71,302,56.68750000000001,23.75,1.75,0.3614457831325301,Low,Recently Inactive
17573.0,3,380.6,308,24,29,64,126.86666666666667,102.66666666666667,8.0,0.9574468085106383,Medium,Active
17574.0,1,185.65,77,8,243,0,185.65,77.0,8.0,1.0,Low,Inactive
17576.0,19,3564.83,1967,245,8,357,187.62263157894736,103.52631578947368,12.894736842105264,1.4728682170542635,Very High,Active
17578.0,1,143.45999999999998,138,5,218,0,143.45999999999998,138.0,5.0,1.0,Low,Inactive
17579.0,3,448.90000000000003,258,46,5,174,149.63333333333335,86.0,15.333333333333334,0.4411764705882353,Medium,Active
17580.0,3,212.77,87,42,253,105,70.92333333333333,29.0,14.0,0.6666666666666666,Low,Inactive
17581.0,25,11025.24,5915,229,1,371,441.0096,236.6,9.16,1.8703241895261844,Very High,Active
17582.0,1,175.27,123,28,236,0,175.27,123.0,28.0,1.0,Low,Inactive
17584.0,2,1242.3,458,30,7,120,621.15,229.0,15.0,0.4,High,Active
17585.0,4,1116.68,1650,176,109,228,279.17,412.5,44.0,0.46511627906976744,High,At Risk
17588.0,3,1240.2,676,19,100,132,413.40000000000003,225.33333333333334,6.333333333333333,0.5555555555555555,High,At Risk
17589.0,4,2402.92,1630,171,60,180,600.73,407.5,42.75,0.5714285714285714,Very High,Recently Inactive
17590.0,3,1466.77,821,161,2,37,488.92333333333335,273.6666666666667,53.666666666666664,1.3432835820895521,High,Active
17591.0,7,2203.67,1000,81,73,293,314.81,142.85714285714286,11.571428571428571,0.6501547987616099,Very High,Recently Inactive
17593.0,5,3923.86,3089,190,4,349,784.772,617.8,38.0,0.395778364116095,Very High,Active
17594.0,2,993.1800000000001,550,42,85,169,496.59000000000003,275.0,21.0,0.3015075376884422,High,Recently Inactive
17595.0,2,386.69,228,68,12,24,193.345,114.0,34.0,1.1111111111111112,Medium,Active
17596.0,7,2806.69,4376,168,23,345,400.9557142857143,625.1428571428571,24.0,0.56,Very High,Active
17597.0,1,2044.3700000000001,1176,55,214,0,2044.3700000000001,1176.0,55.0,1.0,Very High,Inactive
17600.0,1,161.67000000000002,144,13,18,0,161.67000000000002,144.0,13.0,1.0,Low,Active
17601.0,1,116.00999999999999,103,9,239,0,116.00999999999999,103.0,9.0,1.0,Low,Inactive
17602.0,6,5054.42,4116,335,2,321,842.4033333333333,686.0,55.833333333333336,0.5128205128205129,Very High,Active
17603.0,1,394.72,74,11,78,0,394.72,74.0,11.0,1.0,Medium,Recently Inactive
17604.0,2,309.36,169,57,217,94,154.68,84.5,28.5,0.48387096774193555,Medium,Inactive
17608.0,2,191.99,229,54,33,0,95.995,114.5,27.0,2.0,Low,Recently Inactive
17609.0,5,1098.28,692,198,41,286,219.656,138.4,39.6,0.4746835443037975,High,Recently Inactive
17611.0,15,3961.12,2550,440,7,353,264.07466666666664,170.0,29.333333333333332,1.1749347258485638,Very High,Active
17612.0,6,2048.45,1808,116,53,244,341.4083333333333,301.3333333333333,19.333333333333332,0.6569343065693432,Very High,Recently Inactive
17613.0,14,4544.55,2490,211,23,282,324.6107142857143,177.85714285714286,15.071428571428571,1.346153846153846,Very High,Active
17614.0,1,386.32,235,97,57,0,386.32,235.0,97.0,1.0,Medium,Recently Inactive
17615.0,3,329.6,140,13,130,91,109.86666666666667,46.666666666666664,4.333333333333333,0.7438016528925621,Medium,At Risk
17616.0,3,571.1999999999999,224,1,174,194,190.39999999999998,74.66666666666667,0.3333333333333333,0.4017857142857143,Medium,At Risk
17618.0,3,930.28,319,56,6,356,310.0933333333333,106.33333333333333,18.666666666666668,0.23316062176165803,High,Active
17619.0,1,214.37,124,71,312,0,214.37,124.0,71.0,1.0,Low,Inactive
17620.0,1,81.44,60,4,60,0,81.44,60.0,4.0,1.0,Low,Recently Inactive
17621.0,3,1379.9,514,24,21,333,459.9666666666667,171.33333333333334,8.0,0.24793388429752067,High,Active
17623.0,1,527.05,265,33,33,0,527.05,265.0,33.0,1.0,Medium,Recently Inactive
17624.0,2,843.48,554,49,15,203,421.74,277.0,24.5,0.2575107296137339,High,Active
17625.0,4,2020.4,1180,223,18,239,505.1,295.0,55.75,0.44609665427509293,Very High,Active
17628.0,1,75.75,79,5,81,0,75.75,79.0,5.0,1.0,Low,Recently Inactive
17629.0,8,1814.1200000000001,1629,106,6,354,226.76500000000001,203.625,13.25,0.625,Very High,Active
17630.0,2,503.6,158,24,170,62,251.8,79.0,12.0,0.6521739130434783,Medium,At Risk
17631.0,3,528.33,334,39,2,230,176.11,111.33333333333333,13.0,0.3461538461538461,Medium,Active
17633.0,4,1324.84,644,59,31,88,331.21,161.0,14.75,1.0169491525423728,High,Recently Inactive
17634.0,9,2358.59,838,209,36,301,262.0655555555556,93.11111111111111,23.22222222222222,0.8157099697885196,Very High,Recently Inactive
17636.0,1,285.56,182,20,19,0,285.56,182.0,20.0,1.0,Low,Active
17637.0,2,547.0600000000001,280,35,31,83,273.53000000000003,140.0,17.5,0.5309734513274337,Medium,Recently Inactive
17639.0,1,108.5,49,7,276,0,108.5,49.0,7.0,1.0,Low,Inactive
17640.0,1,621.66,250,5,87,0,621.66,250.0,5.0,1.0,Medium,Recently Inactive
17642.0,2,712.29,474,34,120,56,356.145,237.0,17.0,0.6976744186046512,High,At Risk
17643.0,1,101.55,71,8,373,0,101.55,71.0,8.0,1.0,Low,Inactive
17644.0,11,2895.64,1793,102,1,259,263.24,163.0,9.272727272727273,1.1418685121107266,Very High,Active
17646.0,3,1008.39,323,46,219,145,336.13,107.66666666666667,15.333333333333334,0.5142857142857143,High,Inactive
17647.0,1,133.06,30,7,65,0,133.06,30.0,7.0,1.0,Low,Recently Inactive
17648.0,4,1797.5,487,81,61,188,449.375,121.75,20.25,0.5504587155963303,Very High,Recently Inactive
17649.0,1,868.49,399,52,138,0,868.49,399.0,52.0,1.0,High,At Risk
17650.0,1,166.07999999999998,150,8,21,0,166.07999999999998,150.0,8.0,1.0,Low,Active
17651.0,10,3945.0,3112,149,12,165,394.5,311.2,14.9,1.5384615384615385,Very High,Active
17652.0,12,4867.72,2509,118,25,255,405.6433333333334,209.08333333333334,9.833333333333334,1.263157894736842,Very High,Active
17653.0,4,1207.56,1409,44,37,83,301.89,352.25,11.0,1.0619469026548674,High,Recently Inactive
17654.0,1,117.55,41,22,277,0,117.55,41.0,22.0,1.0,Low,Inactive
17655.0,7,2638.94,1116,66,11,355,376.99142857142857,159.42857142857142,9.428571428571429,0.5454545454545454,Very High,Active
17656.0,5,1674.69,1399,67,73,55,334.938,279.8,13.4,1.7647058823529413,Very High,Recently Inactive
17658.0,2,595.42,616,17,26,185,297.71,308.0,8.5,0.27906976744186046,Medium,Active
17659.0,12,2999.46,1525,127,17,354,249.955,127.08333333333333,10.583333333333334,0.9375,Very High,Active
17660.0,1,178.75,121,37,141,0,178.75,121.0,37.0,1.0,Low,At Risk
17663.0,7,1802.91,797,63,26,261,257.55857142857144,113.85714285714286,9.0,0.7216494845360826,Very High,Active
17664.0,2,604.64,604,41,19,193,302.32,302.0,20.5,0.26905829596412556,Medium,Active
17666.0,2,728.16,596,14,4,61,364.08,298.0,7.0,0.6593406593406593,High,Active
17667.0,5,2055.51,1033,85,66,232,411.10200000000003,206.6,17.0,0.5725190839694656,Very High,Recently Inactive
17668.0,2,347.75,93,14,1,36,173.875,46.5,7.0,0.9090909090909091,Medium,Active
17669.0,7,3406.7200000000003,1916,45,43,206,486.67428571428576,273.7142857142857,6.428571428571429,0.8898305084745763,Very High,Recently Inactive
17670.0,1,205.7,110,11,228,0,205.7,110.0,11.0,1.0,Low,Inactive
17671.0,4,1572.71,772,40,16,349,393.1775,193.0,10.0,0.316622691292876,High,Active
17672.0,2,3178.17,1690,105,50,259,1589.085,845.0,52.5,0.20761245674740486,Very High,Recently Inactive
17673.0,6,1594.97,1462,118,2,318,265.8283333333333,243.66666666666666,19.666666666666668,0.5172413793103449,High,Active
17674.0,2,551.04,672,19,74,294,275.52,336.0,9.5,0.18518518518518517,Medium,Recently Inactive
17675.0,31,20374.28,8360,239,1,366,657.2348387096774,269.6774193548387,7.709677419354839,2.3484848484848486,Very High,Active
17676.0,6,1371.18,922,49,4,362,228.53,153.66666666666666,8.166666666666666,0.45918367346938777,High,Active
17677.0,30,16345.38,9772,178,2,367,544.846,325.73333333333335,5.933333333333334,2.2670025188916876,Very High,Active
17678.0,1,298.11,207,16,264,0,298.11,207.0,16.0,1.0,Low,Inactive
17679.0,2,1992.1100000000001,729,29,53,32,996.0550000000001,364.5,14.5,0.9677419354838711,Very High,Recently Inactive
17680.0,1,184.4,96,11,24,0,184.4,96.0,11.0,1.0,Low,Active
17682.0,6,2474.33,1367,48,10,358,412.3883333333333,227.83333333333334,8.0,0.4639175257731959,Very High,Active
17684.0,1,239.41,145,15,44,0,239.41,145.0,15.0,1.0,Low,Recently Inactive
17685.0,7,3155.83,1907,88,17,355,450.8328571428571,272.42857142857144,12.571428571428571,0.5454545454545454,Very High,Active
17686.0,7,5739.46,2478,205,7,295,819.9228571428572,354.0,29.285714285714285,0.6461538461538461,Very High,Active
17690.0,15,4726.8,1769,186,30,342,315.12,117.93333333333334,12.4,1.2096774193548387,Very High,Active
17691.0,2,290.40000000000003,134,18,358,10,145.20000000000002,67.0,9.0,1.5,Low,Inactive
17692.0,4,725.58,624,33,127,232,181.395,156.0,8.25,0.45801526717557245,High,At Risk
17693.0,1,200.47,231,16,137,0,200.47,231.0,16.0,1.0,Low,At Risk
17694.0,1,283.12,184,15,142,0,283.12,184.0,15.0,1.0,Low,At Risk
17695.0,2,765.34,779,30,132,39,382.67,389.5,15.0,0.8695652173913044,High,At Risk
17696.0,8,2285.71,1756,78,38,326,285.71375,219.5,9.75,0.6741573033707865,Very High,Recently Inactive
17697.0,1,338.95,93,19,236,0,338.95,93.0,19.0,1.0,Medium,Inactive
17698.0,1,154.95,93,8,261,0,154.95,93.0,8.0,1.0,Low,Inactive
17700.0,4,2534.64,1266,116,17,264,633.66,316.5,29.0,0.4081632653061224,Very High,Active
17701.0,1,417.95,109,24,253,0,417.95,109.0,24.0,1.0,Medium,Inactive
17702.0,4,1824.37,1353,58,30,175,456.0925,338.25,14.5,0.5853658536585367,Very High,Active
17703.0,3,798.74,590,47,35,103,266.24666666666667,196.66666666666666,15.666666666666666,0.6766917293233082,High,Recently Inactive
17704.0,2,885.19,343,27,169,71,442.595,171.5,13.5,0.594059405940594,High,At Risk
17705.0,9,1823.52,963,63,3,298,202.61333333333334,107.0,7.0,0.823170731707317,Very High,Active
17706.0,17,10504.49,3899,270,4,362,617.9111764705882,229.35294117647058,15.882352941176471,1.3010204081632653,Very High,Active
17707.0,2,152.4,144,3,185,151,76.2,72.0,1.5,0.3314917127071823,Low,Inactive
17708.0,2,263.33,90,28,188,137,131.665,45.0,14.0,0.3592814371257485,Low,Inactive
17709.0,1,137.45,17,7,170,0,137.45,17.0,7.0,1.0,Low,At Risk
17711.0,2,385.1,246,22,11,279,192.55,123.0,11.0,0.1941747572815534,Medium,Active
17712.0,1,522.91,215,29,45,0,522.91,215.0,29.0,1.0,Medium,Recently Inactive
17714.0,1,153.0,92,10,321,0,153.0,92.0,10.0,1.0,Low,Inactive
17715.0,1,326.4,384,1,201,0,326.4,384.0,1.0,1.0,Medium,Inactive
17716.0,11,5655.99,3072,171,23,245,514.180909090909,279.27272727272725,15.545454545454545,1.2000000000000002,Very High,Active
17718.0,1,139.35,83,6,232,0,139.35,83.0,6.0,1.0,Low,Inactive
17719.0,15,5396.04,2466,111,38,217,359.736,164.4,7.4,1.8218623481781375,Very High,Recently Inactive
17720.0,4,1195.94,576,39,26,341,298.985,144.0,9.75,0.32345013477088946,High,Active
17722.0,4,2424.04,1595,111,96,270,606.01,398.75,27.75,0.4,Very High,At Risk
17723.0,6,3276.4000000000005,792,4,127,87,546.0666666666667,132.0,0.6666666666666666,1.5384615384615385,Very High,At Risk
17724.0,3,1033.0,300,38,71,67,344.3333333333333,100.0,12.666666666666666,0.9278350515463918,High,Recently Inactive
17725.0,11,3439.08,2162,115,16,250,312.64363636363635,196.54545454545453,10.454545454545455,1.1785714285714286,Very High,Active
17727.0,1,1060.25,645,66,15,0,1060.25,645.0,66.0,1.0,High,Active
17728.0,3,2876.01,1469,153,4,82,958.6700000000001,489.6666666666667,51.0,0.8035714285714286,Very High,Active
17730.0,13,5298.4800000000005,3576,127,3,323,407.5753846153847,275.0769230769231,9.76923076923077,1.1048158640226629,Very High,Active
17731.0,4,1240.11,493,54,79,104,310.0275,123.25,13.5,0.8955223880597015,High,Recently Inactive
17732.0,1,303.97,93,18,373,0,303.97,93.0,18.0,1.0,Low,Inactive
17733.0,2,692.19,463,33,39,222,346.095,231.5,16.5,0.23809523809523808,High,Recently Inactive
17734.0,3,700.63,422,40,54,180,233.54333333333332,140.66666666666666,13.333333333333334,0.42857142857142855,High,Recently Inactive
17735.0,19,13110.02,8439,319,2,365,690.001052631579,444.1578947368421,16.789473684210527,1.4430379746835444,Very High,Active
17736.0,3,377.44,238,24,9,104,125.81333333333333,79.33333333333333,8.0,0.6716417910447761,Medium,Active
17737.0,2,168.24,108,8,9,49,84.12,54.0,4.0,0.759493670886076,Low,Active
17738.0,4,1879.05,1029,89,19,262,469.7625,257.25,22.25,0.4109589041095891,Very High,Active
17739.0,7,2791.35,861,29,12,348,398.7642857142857,123.0,4.142857142857143,0.5555555555555556,Very High,Active
17742.0,2,355.11,89,13,113,219,177.555,44.5,6.5,0.24096385542168672,Medium,At Risk
17744.0,6,2322.4,3412,110,4,354,387.06666666666666,568.6666666666666,18.333333333333332,0.46875,Very High,Active
17746.0,1,110.25,29,6,240,0,110.25,29.0,6.0,1.0,Low,Inactive
17747.0,1,71.4,12,1,113,0,71.4,12.0,1.0,1.0,Low,At Risk
17749.0,2,674.52,320,33,178,78,337.26,160.0,16.5,0.5555555555555556,High,At Risk
17750.0,9,1694.16,3696,100,5,158,188.24,410.6666666666667,11.11111111111111,1.4361702127659575,Very High,Active
17752.0,1,80.64,192,1,359,0,80.64,192.0,1.0,1.0,Low,Inactive
17754.0,5,1664.6499999999999,1816,82,1,259,332.92999999999995,363.2,16.4,0.5190311418685122,Very High,Active
17757.0,30,5589.4400000000005,3317,274,1,370,186.31466666666668,110.56666666666666,9.133333333333333,2.25,Very High,Active
17758.0,8,3408.2,2054,310,19,230,426.025,256.75,38.75,0.9230769230769229,Very High,Active
17759.0,3,818.71,696,81,17,152,272.90333333333336,232.0,27.0,0.4945054945054945,High,Active
17760.0,2,287.59,239,25,22,351,143.795,119.5,12.5,0.15748031496062992,Low,Active
17761.0,1,712.78,398,19,33,0,712.78,398.0,19.0,1.0,High,Recently Inactive
17763.0,1,15.0,12,1,263,0,15.0,12.0,1.0,1.0,Low,Inactive
17764.0,2,772.55,351,71,51,160,386.275,175.5,35.5,0.31578947368421056,High,Recently Inactive
17765.0,3,367.63,143,51,159,98,122.54333333333334,47.666666666666664,17.0,0.703125,Medium,At Risk
17767.0,1,271.2,128,21,15,0,271.2,128.0,21.0,1.0,Low,Active
17768.0,3,2081.9,1122,77,8,157,693.9666666666667,374.0,25.666666666666668,0.48128342245989303,Very High,Active
17769.0,10,3957.43,1850,200,13,308,395.743,185.0,20.0,0.8875739644970414,Very High,Active
17770.0,5,1143.27,365,33,199,83,228.654,73.0,6.6,1.3274336283185841,High,Inactive
17771.0,2,245.33,283,50,57,266,122.665,141.5,25.0,0.2027027027027027,Low,Recently Inactive
17772.0,2,173.45,55,50,11,0,86.725,27.5,25.0,2.0,Low,Active
17774.0,4,1213.73,508,123,97,208,303.4325,127.0,30.75,0.5042016806722689,High,At Risk
17775.0,1,56.4,72,3,255,0,56.4,72.0,3.0,1.0,Low,Inactive
17777.0,3,647.56,501,141,25,75,215.85333333333332,167.0,47.0,0.8571428571428571,Medium,Active
17779.0,3,650.32,396,73,21,122,216.77333333333334,132.0,24.333333333333332,0.5921052631578948,Medium,Active
17781.0,2,188.02,34,12,159,93,94.01,17.0,6.0,0.48780487804878053,Low,At Risk
17783.0,2,283.47,354,67,72,175,141.735,177.0,33.5,0.29268292682926833,Low,Recently Inactive
17785.0,1,131.94,67,13,53,0,131.94,67.0,13.0,1.0,Low,Recently Inactive
17786.0,2,266.85,195,57,85,231,133.425,97.5,28.5,0.2298850574712644,Low,Recently Inactive
17787.0,4,1817.54,896,94,153,218,454.385,224.0,23.5,0.48387096774193555,Very High,At Risk
17788.0,2,1117.9,211,3,74,55,558.95,105.5,1.5,0.7058823529411765,High,Recently Inactive
17789.0,1,225.9,74,14,281,0,225.9,74.0,14.0,1.0,Low,Inactive
17790.0,14,1964.3,835,121,27,338,140.30714285714285,59.642857142857146,8.642857142857142,1.141304347826087,Very High,Active
17791.0,1,106.1,46,10,30,0,106.1,46.0,10.0,1.0,Low,Active
17793.0,1,300.34,226,49,25,0,300.34,226.0,49.0,1.0,Low,Active
17795.0,2,342.83,305,43,180,85,171.415,152.5,21.5,0.5217391304347826,Medium,At Risk
17796.0,4,690.0,176,63,40,329,172.5,44.0,15.75,0.3342618384401114,High,Recently Inactive
17797.0,3,780.43,498,102,22,160,260.1433333333333,166.0,34.0,0.4736842105263158,High,Active
17799.0,10,3039.17,1753,280,22,339,303.91700000000003,175.3,28.0,0.8130081300813008,Very High,Active
17800.0,9,1186.21,731,50,37,296,131.8011111111111,81.22222222222223,5.555555555555555,0.8282208588957055,High,Recently Inactive
17802.0,3,1285.04,752,102,82,290,428.34666666666664,250.66666666666666,34.0,0.28125,High,Recently Inactive
17805.0,1,512.31,478,10,74,0,512.31,478.0,10.0,1.0,Medium,Recently Inactive
17806.0,1,546.04,727,43,11,0,546.04,727.0,43.0,1.0,Medium,Active
17809.0,12,5411.91,2057,46,16,357,450.9925,171.41666666666666,3.8333333333333335,0.9302325581395349,Very High,Active
17811.0,39,7755.12,4145,358,4,329,198.84923076923076,106.28205128205128,9.179487179487179,3.2590529247910864,Very High,Active
17812.0,4,699.81,329,113,13,355,174.9525,82.25,28.25,0.3116883116883117,High,Active
17813.0,5,1698.07,752,297,14,57,339.614,150.4,59.4,1.7241379310344829,Very High,Active
17816.0,4,36.56,30,16,37,328,9.14,7.5,4.0,0.33519553072625696,Low,Recently Inactive
17817.0,3,387.68,67,32,4,272,129.22666666666666,22.333333333333332,10.666666666666666,0.2980132450331126,Medium,Active
17819.0,7,3704.87,1031,36,72,299,529.2671428571429,147.28571428571428,5.142857142857143,0.6382978723404256,Very High,Recently Inactive
17824.0,1,298.4,408,13,51,0,298.4,408.0,13.0,1.0,Low,Recently Inactive
17827.0,5,1987.33,1240,190,5,359,397.466,248.0,38.0,0.3856041131105398,Very High,Active
17828.0,4,1820.09,667,54,23,162,455.0225,166.75,13.5,0.625,Very High,Active
17829.0,1,889.24,496,30,299,0,889.24,496.0,30.0,1.0,High,Inactive
17830.0,3,398.7,92,18,2,287,132.9,30.666666666666668,6.0,0.28391167192429023,Medium,Active
17831.0,1,35.400000000000006,12,2,33,0,35.400000000000006,12.0,2.0,1.0,Low,Recently Inactive
17832.0,1,155.37,208,61,50,0,155.37,208.0,61.0,1.0,Low,Recently Inactive
17835.0,3,342.24,344,45,3,20,114.08,114.66666666666667,15.0,1.8000000000000003,Medium,Active
17836.0,1,109.83,87,22,47,0,109.83,87.0,22.0,1.0,Low,Recently Inactive
17837.0,8,1535.33,508,109,42,120,191.91625,63.5,13.625,1.6,High,Recently Inactive
17838.0,5,2720.8,1831,96,27,345,544.1600000000001,366.2,19.2,0.4,Very High,Active
17839.0,1,318.15,257,50,42,0,318.15,257.0,50.0,1.0,Medium,Recently Inactive
17841.0,124,40495.99,22816,1322,2,371,326.580564516129,184.0,10.661290322580646,9.276807980049876,Very High,Active
17843.0,1,197.73,88,35,303,0,197.73,88.0,35.0,1.0,Low,Inactive
17844.0,1,51.559999999999995,52,5,107,0,51.559999999999995,52.0,5.0,1.0,Low,At Risk
17848.0,9,901.2,398,41,81,276,100.13333333333334,44.22222222222222,4.555555555555555,0.8823529411764707,High,Recently Inactive
17849.0,4,605.8000000000001,114,14,218,115,151.45000000000002,28.5,3.5,0.8275862068965516,Medium,Inactive
17850.0,34,5391.21,1733,21,372,1,158.565,50.970588235294116,0.6176470588235294,32.90322580645161,Very High,Inactive
17852.0,2,114.34,53,21,12,0,57.17,26.5,10.5,2.0,Low,Active
17854.0,2,311.26,84,15,185,41,155.63,42.0,7.5,0.8450704225352113,Medium,Inactive
17855.0,1,208.97,197,17,373,0,208.97,197.0,17.0,1.0,Low,Inactive
17856.0,4,1418.03,842,12,2,279,354.5075,210.5,3.0,0.3883495145631068,High,Active
17857.0,22,25301.54,14822,18,4,361,1150.07,673.7272727272727,0.8181818181818182,1.6879795396419437,Very High,Active
17858.0,12,5140.66,2694,101,6,363,428.3883333333333,224.5,8.416666666666666,0.916030534351145,Very High,Active
17859.0,1,141.92,102,23,305,0,141.92,102.0,23.0,1.0,Low,Inactive
17860.0,1,226.45000000000002,93,49,369,0,226.45000000000002,93.0,49.0,1.0,Low,Inactive
17861.0,8,2097.88,1985,172,3,316,262.235,248.125,21.5,0.6936416184971098,Very High,Active
17862.0,1,330.9,100,11,324,0,330.9,100.0,11.0,1.0,Medium,Inactive
17863.0,6,3160.0,2638,110,59,310,526.6666666666666,439.6666666666667,18.333333333333332,0.5294117647058824,Very High,Recently Inactive
17864.0,3,554.85,706,70,13,262,184.95000000000002,235.33333333333334,23.333333333333332,0.3082191780821918,Medium,Active
17865.0,20,10524.22,5756,190,31,333,526.211,287.8,9.5,1.6528925619834711,Very High,Recently Inactive
17866.0,1,329.65000000000003,174,9,143,0,329.65000000000003,174.0,9.0,1.0,Medium,At Risk
17867.0,6,1157.8700000000001,508,62,30,258,192.97833333333335,84.66666666666667,10.333333333333334,0.625,High,Active
17869.0,5,428.18,111,37,107,260,85.636,22.2,7.4,0.5172413793103449,Medium,At Risk
17870.0,12,1865.8899999999999,1351,214,2,364,155.4908333333333,112.58333333333333,17.833333333333332,0.9137055837563453,Very High,Active
17871.0,1,155.9,182,10,205,0,155.9,182.0,10.0,1.0,Low,Inactive
17873.0,5,1719.5800000000002,1034,23,80,293,343.91600000000005,206.8,4.6,0.46439628482972134,Very High,Recently Inactive
17874.0,6,683.46,221,37,185,70,113.91000000000001,36.833333333333336,6.166666666666667,1.7999999999999998,High,Inactive
17877.0,1,237.61,98,12,170,0,237.61,98.0,12.0,1.0,Low,At Risk
17878.0,1,379.45,401,26,44,0,379.45,401.0,26.0,1.0,Medium,Recently Inactive
17879.0,1,178.52,45,6,174,0,178.52,45.0,6.0,1.0,Low,At Risk
17880.0,1,458.92,314,26,365,0,458.92,314.0,26.0,1.0,Medium,Inactive
17881.0,1,133.35,32,8,304,0,133.35,32.0,8.0,1.0,Low,Inactive
17883.0,4,664.34,374,133,3,242,166.085,93.5,33.25,0.4411764705882353,Medium,Active
17884.0,4,695.07,817,107,4,367,173.7675,204.25,26.75,0.3022670025188917,High,Active
17885.0,1,156.34,110,50,12,0,156.34,110.0,50.0,1.0,Low,Active
17886.0,3,869.28,469,93,32,217,289.76,156.33333333333334,31.0,0.36437246963562747,High,Recently Inactive
17887.0,1,111.35,30,10,129,0,111.35,30.0,10.0,1.0,Low,At Risk
17888.0,8,716.0,973,60,21,335,89.5,121.625,7.5,0.6575342465753425,High,Active
17889.0,2,201.37,77,20,212,109,100.685,38.5,10.0,0.43165467625899284,Low,Inactive
17890.0,2,586.89,402,88,323,38,293.445,201.0,44.0,0.8823529411764706,Medium,Inactive
17891.0,1,203.85999999999999,393,34,162,0,203.85999999999999,393.0,34.0,1.0,Low,At Risk
17892.0,3,244.1,109,27,56,99,81.36666666666666,36.333333333333336,9.0,0.6976744186046512,Low,Recently Inactive
17893.0,1,107.21,149,15,225,0,107.21,149.0,15.0,1.0,Low,Inactive
17894.0,8,1118.54,402,126,72,294,139.8175,50.25,15.75,0.7407407407407407,High,Recently Inactive
17895.0,1,95.45,127,15,44,0,95.45,127.0,15.0,1.0,Low,Recently Inactive
17896.0,1,256.32,288,2,23,0,256.32,288.0,2.0,1.0,Low,Active
17897.0,3,541.81,222,100,173,200,180.60333333333332,74.0,33.333333333333336,0.3913043478260869,Medium,At Risk
17898.0,2,152.06,190,27,85,121,76.03,95.0,13.5,0.3973509933774835,Low,Recently Inactive
17899.0,1,154.55,170,29,159,0,154.55,170.0,29.0,1.0,Low,At Risk
17900.0,2,112.19999999999999,73,4,190,0,56.099999999999994,36.5,2.0,2.0,Low,Inactive
17901.0,1,110.38,24,19,29,0,110.38,24.0,19.0,1.0,Low,Active
17904.0,1,181.07,59,33,21,0,181.07,59.0,33.0,1.0,Low,Active
17905.0,4,798.99,406,33,71,302,199.7475,101.5,8.25,0.3614457831325301,High,Recently Inactive
17906.0,1,72.9,26,12,247,0,72.9,26.0,12.0,1.0,Low,Inactive
17908.0,1,232.03,169,51,374,0,232.03,169.0,51.0,1.0,Low,Inactive
17911.0,1,366.23,223,39,9,0,366.23,223.0,39.0,1.0,Medium,Active
17912.0,5,310.06,184,35,310,54,62.012,36.8,7.0,1.7857142857142858,Medium,Inactive
17913.0,2,408.65,288,55,59,296,204.325,144.0,27.5,0.18404907975460122,Medium,Recently Inactive
17914.0,1,329.36,457,72,4,0,329.36,457.0,72.0,1.0,Medium,Active
17917.0,3,335.03,184,77,45,317,111.67666666666666,61.333333333333336,25.666666666666668,0.25936599423631124,Medium,Recently Inactive
17919.0,1,1304.04,756,23,88,0,1304.04,756.0,23.0,1.0,High,Recently Inactive
17920.0,17,4107.6,2471,406,4,369,241.62352941176474,145.35294117647058,23.88235294117647,1.2781954887218046,Very High,Active
17921.0,4,820.23,425,114,64,202,205.0575,106.25,28.5,0.5172413793103449,High,Recently Inactive
17923.0,1,207.50000000000003,50,1,282,0,207.50000000000003,50.0,1.0,1.0,Low,Inactive
17924.0,7,2962.5,1160,26,12,361,423.2142857142857,165.71428571428572,3.7142857142857144,0.5370843989769821,Very High,Active
17925.0,1,244.08,72,1,373,0,244.08,72.0,1.0,1.0,Low,Inactive
17926.0,2,397.29,306,17,133,70,198.645,153.0,8.5,0.6,Medium,At Risk
17928.0,2,184.46,68,22,45,200,92.23,34.0,11.0,0.2608695652173913,Low,Recently Inactive
17929.0,4,843.0,108,4,11,297,210.75,27.0,1.0,0.36697247706422015,High,Active
17930.0,5,1740.48,1594,26,36,203,348.096,318.8,5.2,0.6437768240343348,Very High,Recently Inactive
17931.0,2,408.36,249,63,134,121,204.18,124.5,31.5,0.3973509933774835,Medium,At Risk
17932.0,3,1331.57,789,84,29,182,443.8566666666666,263.0,28.0,0.42452830188679247,High,Active
17934.0,2,704.25,478,21,52,7,352.125,239.0,10.5,1.6216216216216215,High,Recently Inactive
17935.0,2,145.79,82,28,138,3,72.895,41.0,14.0,1.8181818181818181,Low,At Risk
17936.0,1,380.13,257,68,5,0,380.13,257.0,68.0,1.0,Medium,Active
17937.0,7,4301.22,1754,19,9,353,614.46,250.57142857142858,2.7142857142857144,0.5483028720626631,Very High,Active
17939.0,1,99.14,40,12,160,0,99.14,40.0,12.0,1.0,Low,At Risk
17940.0,9,2152.1800000000003,9322,5,49,253,239.13111111111115,1035.7777777777778,0.5555555555555556,0.9540636042402827,Very High,Recently Inactive
17941.0,1,304.56,252,2,131,0,304.56,252.0,2.0,1.0,Low,At Risk
17942.0,1,77.50000000000001,38,2,8,0,77.50000000000001,38.0,2.0,1.0,Low,Active
17946.0,2,149.57999999999998,75,18,233,26,74.78999999999999,37.5,9.0,1.0714285714285714,Low,Inactive
17947.0,1,176.68,168,9,37,0,176.68,168.0,9.0,1.0,Low,Recently Inactive
17948.0,1,358.56000000000006,144,1,147,0,358.56000000000006,144.0,1.0,1.0,Medium,At Risk
17949.0,44,58030.48,30450,28,1,370,1318.8745454545456,692.0454545454545,0.6363636363636364,3.3,Very High,Active
17950.0,3,482.2,366,63,72,293,160.73333333333332,122.0,21.0,0.2786377708978328,Medium,Recently Inactive
17951.0,3,1008.5400000000001,616,18,40,333,336.18,205.33333333333334,6.0,0.24793388429752067,High,Recently Inactive
17954.0,12,2314.13,2221,326,5,365,192.84416666666667,185.08333333333334,27.166666666666668,0.9113924050632912,Very High,Active
17955.0,4,557.3,273,14,199,20,139.325,68.25,3.5,2.4000000000000004,Medium,Inactive
17956.0,1,12.75,1,1,249,0,12.75,1.0,1.0,1.0,Low,Inactive
17957.0,1,110.72,275,30,66,0,110.72,275.0,30.0,1.0,Low,Recently Inactive
17958.0,1,508.46000000000004,84,7,117,0,508.46000000000004,84.0,7.0,1.0,Medium,At Risk
17960.0,1,73.78,41,26,171,0,73.78,41.0,26.0,1.0,Low,At Risk
17961.0,39,1296.44,560,211,21,350,33.242051282051285,14.35897435897436,5.410256410256411,3.0789473684210527,High,Active
17962.0,1,102.41,127,33,142,0,102.41,127.0,33.0,1.0,Low,At Risk
17964.0,2,463.21,294,84,32,340,231.605,147.0,42.0,0.16216216216216214,Medium,Recently Inactive
17965.0,14,2599.19,1532,274,38,331,185.65642857142856,109.42857142857143,19.571428571428573,1.1634349030470914,Very High,Recently Inactive
17966.0,5,1098.43,2571,53,38,223,219.686,514.2,10.6,0.5928853754940712,High,Recently Inactive
17967.0,1,112.27,73,41,372,0,112.27,73.0,41.0,1.0,Low,Inactive
17968.0,1,265.1,151,74,374,0,265.1,151.0,74.0,1.0,Low,Inactive
17969.0,2,228.2,152,14,166,194,114.1,76.0,7.0,0.26785714285714285,Low,At Risk
17970.0,1,562.79,513,27,211,0,562.79,513.0,27.0,1.0,Medium,Inactive
17972.0,1,135.19,36,30,242,0,135.19,36.0,30.0,1.0,Low,Inactive
17973.0,1,337.04,176,15,52,0,337.04,176.0,15.0,1.0,Medium,Recently Inactive
17974.0,3,703.99,500,143,25,194,234.66333333333333,166.66666666666666,47.666666666666664,0.4017857142857143,High,Active
17975.0,13,4479.96,1563,188,15,351,344.6123076923077,120.23076923076923,14.461538461538462,1.0236220472440944,Very High,Active
17976.0,1,321.79,93,56,372,0,321.79,93.0,56.0,1.0,Medium,Inactive
17977.0,1,288.14,342,19,29,0,288.14,342.0,19.0,1.0,Low,Active
17978.0,1,300.91999999999996,499,12,365,0,300.91999999999996,499.0,12.0,1.0,Low,Inactive
17979.0,4,729.01,379,115,36,224,182.2525,94.75,28.75,0.47244094488188976,High,Recently Inactive
17980.0,3,811.45,682,23,166,193,270.48333333333335,227.33333333333334,7.666666666666667,0.40358744394618834,High,At Risk
17984.0,1,152.68,98,48,145,0,152.68,98.0,48.0,1.0,Low,At Risk
17985.0,1,631.35,171,20,22,0,631.35,171.0,20.0,1.0,Medium,Active
17986.0,1,20.8,10,1,56,0,20.8,10.0,1.0,1.0,Low,Recently Inactive
17987.0,1,198.57,261,13,185,0,198.57,261.0,13.0,1.0,Low,Inactive
17988.0,7,201.12,43,37,12,314,28.731428571428573,6.142857142857143,5.285714285714286,0.6104651162790697,Low,Active
17990.0,3,630.84,414,27,237,124,210.28,138.0,9.0,0.5844155844155844,Medium,Inactive
17991.0,2,93.35,25,4,225,0,46.675,12.5,2.0,2.0,Low,Inactive
17994.0,4,674.89,495,63,122,169,168.7225,123.75,15.75,0.6030150753768844,High,At Risk
17995.0,1,76.1,133,2,282,0,76.1,133.0,2.0,1.0,Low,Inactive
17997.0,8,1962.46,2273,133,74,89,245.3075,284.125,16.625,2.0168067226890756,Very High,Recently Inactive
17999.0,2,380.39,219,87,37,329,190.195,109.5,43.5,0.1671309192200557,Medium,Recently Inactive
18001.0,2,415.13,362,56,12,74,207.565,181.0,28.0,0.5769230769230769,Medium,Active
18004.0,1,157.92,75,32,362,0,157.92,75.0,32.0,1.0,Low,Inactive
18005.0,2,226.47,86,52,4,43,113.235,43.0,26.0,0.821917808219178,Low,Active
18006.0,1,444.68,220,21,23,0,444.68,220.0,21.0,1.0,Medium,Active
18008.0,9,2116.19,1581,24,70,248,235.13222222222223,175.66666666666666,2.6666666666666665,0.9712230215827338,Very High,Recently Inactive
18009.0,1,247.39,125,31,235,0,247.39,125.0,31.0,1.0,Low,Inactive
18010.0,1,174.8,60,14,257,0,174.8,60.0,14.0,1.0,Low,Inactive
18011.0,1,102.78999999999999,71,28,373,0,102.78999999999999,71.0,28.0,1.0,Low,Inactive
18013.0,2,187.29,285,31,155,0,93.645,142.5,15.5,2.0,Low,At Risk
18014.0,1,154.27,65,28,28,0,154.27,65.0,28.0,1.0,Low,Active
18015.0,1,120.03,157,46,4,0,120.03,157.0,46.0,1.0,Low,Active
18016.0,5,1477.66,1027,90,32,331,295.53200000000004,205.4,18.0,0.41551246537396125,High,Recently Inactive
18017.0,3,523.0,300,1,81,229,174.33333333333334,100.0,0.3333333333333333,0.3474903474903475,Medium,Recently Inactive
18018.0,2,122.14,55,29,108,91,61.07,27.5,14.5,0.49586776859504134,Low,At Risk
18019.0,1,38.45,7,5,52,0,38.45,7.0,5.0,1.0,Low,Recently Inactive
18022.0,1,612.72,703,141,36,0,612.72,703.0,141.0,1.0,Medium,Recently Inactive
18024.0,2,389.78,184,21,153,0,194.89,92.0,10.5,2.0,Medium,At Risk
18027.0,1,115.31,78,21,99,0,115.31,78.0,21.0,1.0,Low,At Risk
18030.0,2,230.64999999999998,67,8,4,38,115.32499999999999,33.5,4.0,0.8823529411764706,Low,Active
18032.0,1,73.5,42,5,334,0,73.5,42.0,5.0,1.0,Low,Inactive
18033.0,1,93.82000000000001,252,32,65,0,93.82000000000001,252.0,32.0,1.0,Low,Recently Inactive
18034.0,2,418.68,559,99,22,0,209.34,279.5,49.5,2.0,Medium,Active
18035.0,3,713.89,584,44,36,7,237.96333333333334,194.66666666666666,14.666666666666666,2.4324324324324325,High,Recently Inactive
18036.0,3,403.12,232,77,32,213,134.37333333333333,77.33333333333333,25.666666666666668,0.3703703703703704,Medium,Recently Inactive
18037.0,6,70.02,20,19,154,207,11.67,3.3333333333333335,3.1666666666666665,0.7594936708860759,Low,At Risk
18040.0,2,357.20000000000005,148,18,19,226,178.60000000000002,74.0,9.0,0.234375,Medium,Active
18041.0,21,4097.37,3758,285,12,361,195.11285714285714,178.95238095238096,13.571428571428571,1.6112531969309463,Very High,Active
18042.0,1,165.04999999999998,33,7,54,0,165.04999999999998,33.0,7.0,1.0,Low,Recently Inactive
18043.0,3,529.29,265,106,25,342,176.42999999999998,88.33333333333333,35.333333333333336,0.24193548387096772,Medium,Active
18044.0,10,2088.6,1033,88,4,356,208.85999999999999,103.3,8.8,0.7772020725388601,Very High,Active
18045.0,1,178.34,138,43,45,0,178.34,138.0,43.0,1.0,Low,Recently Inactive
18048.0,2,172.29000000000002,127,6,203,0,86.14500000000001,63.5,3.0,2.0,Low,Inactive
18050.0,1,74.4,40,5,359,0,74.4,40.0,5.0,1.0,Low,Inactive
18053.0,1,300.02,302,20,71,0,300.02,302.0,20.0,1.0,Low,Recently Inactive
18055.0,10,6761.34,2452,223,7,362,676.134,245.2,22.3,0.7653061224489796,Very High,Active
18056.0,1,363.65,211,19,288,0,363.65,211.0,19.0,1.0,Medium,Inactive
18058.0,1,170.16,88,3,10,0,170.16,88.0,3.0,1.0,Low,Active
18059.0,3,306.46,258,17,23,44,102.15333333333332,86.0,5.666666666666667,1.2162162162162162,Medium,Active
18061.0,10,2119.41,955,18,22,344,211.94099999999997,95.5,1.8,0.8021390374331551,Very High,Active
18062.0,3,720.52,396,23,173,164,240.17333333333332,132.0,7.666666666666667,0.4639175257731959,High,At Risk
18064.0,2,814.0,384,7,133,102,407.0,192.0,3.5,0.45454545454545453,High,At Risk
18065.0,14,2392.83,1027,110,6,358,170.91642857142855,73.35714285714286,7.857142857142857,1.0824742268041236,Very High,Active
18066.0,1,318.0,108,10,75,0,318.0,108.0,10.0,1.0,Medium,Recently Inactive
18067.0,1,396.33,189,36,40,0,396.33,189.0,36.0,1.0,Medium,Recently Inactive
18068.0,1,101.7,6,1,289,0,101.7,6.0,1.0,1.0,Low,Inactive
18069.0,5,2009.24,1296,334,26,301,401.848,259.2,66.8,0.45317220543806647,Very High,Active
18071.0,2,453.0,260,23,258,108,226.5,130.0,11.5,0.4347826086956522,Medium,Inactive
18072.0,1,247.44,288,18,186,0,247.44,288.0,18.0,1.0,Low,Inactive
18073.0,12,3859.82,3102,23,114,82,321.6516666666667,258.5,1.9166666666666667,3.2142857142857144,Very High,At Risk
18074.0,1,489.6,190,13,374,0,489.6,190.0,13.0,1.0,Medium,Inactive
18075.0,10,2611.75,1464,97,23,337,261.175,146.4,9.7,0.8174386920980927,Very High,Active
18077.0,11,2584.41,1839,101,8,358,234.94636363636363,167.1818181818182,9.181818181818182,0.8505154639175257,Very High,Active
18078.0,2,336.13,145,27,217,41,168.065,72.5,13.5,0.8450704225352113,Medium,Inactive
18079.0,4,3613.15,7347,99,45,193,903.2875,1836.75,24.75,0.5381165919282511,Very High,Recently Inactive
18080.0,2,1231.5,642,2,19,223,615.75,321.0,1.0,0.23715415019762845,High,Active
18081.0,3,343.45,195,14,36,97,114.48333333333333,65.0,4.666666666666667,0.7086614173228346,Medium,Recently Inactive
18082.0,1,680.84,608,62,26,0,680.84,608.0,62.0,1.0,High,Active
18084.0,1,90.48,312,1,16,0,90.48,312.0,1.0,1.0,Low,Active
18085.0,2,689.95,265,25,330,43,344.975,132.5,12.5,0.821917808219178,High,Inactive
18086.0,1,101.34,106,7,274,0,101.34,106.0,7.0,1.0,Low,Inactive
18087.0,1,3202.92,3906,1,291,0,3202.92,3906.0,1.0,1.0,Very High,Inactive
18088.0,1,166.03,107,35,61,0,166.03,107.0,35.0,1.0,Low,Recently Inactive
18092.0,11,9068.26,4252,28,2,363,824.3872727272727,386.54545454545456,2.5454545454545454,0.8396946564885497,Very High,Active
18093.0,4,2106.52,1392,31,93,209,526.63,348.0,7.75,0.502092050209205,Very High,At Risk
18094.0,7,3017.3,2518,39,82,210,431.04285714285714,359.7142857142857,5.571428571428571,0.875,Very High,Recently Inactive
18095.0,2,580.05,419,20,313,20,290.025,209.5,10.0,1.2000000000000002,Medium,Inactive
18096.0,3,849.06,788,157,12,52,283.02,262.6666666666667,52.333333333333336,1.0975609756097562,High,Active
18097.0,6,2662.4,1662,65,8,346,443.73333333333335,277.0,10.833333333333334,0.4787234042553192,Very High,Active
18099.0,1,168.31,149,19,127,0,168.31,149.0,19.0,1.0,Low,At Risk
18101.0,2,222.4,87,37,11,132,111.2,43.5,18.5,0.37037037037037035,Low,Active
18102.0,60,259657.3,64124,150,1,366,4327.621666666667,1068.7333333333333,2.5,4.545454545454546,Very High,Active
18104.0,1,754.64,362,38,37,0,754.64,362.0,38.0,1.0,High,Recently Inactive
18105.0,1,113.48000000000002,46,18,38,0,113.48000000000002,46.0,18.0,1.0,Low,Recently Inactive
18106.0,1,421.9,126,33,330,0,421.9,126.0,33.0,1.0,Medium,Inactive
18108.0,1,271.0,84,17,254,0,271.0,84.0,17.0,1.0,Low,Inactive
18109.0,26,8004.92,4230,119,2,368,307.88153846153847,162.69230769230768,4.576923076923077,1.9597989949748742,Very High,Active
18110.0,1,198.8,72,33,20,0,198.8,72.0,33.0,1.0,Low,Active
18112.0,2,352.69,255,26,12,154,176.345,127.5,13.0,0.32608695652173914,Medium,Active
18113.0,1,76.32000000000001,72,1,369,0,76.32000000000001,72.0,1.0,1.0,Low,Inactive
18114.0,1,220.1,55,28,290,0,220.1,55.0,28.0,1.0,Low,Inactive
18116.0,8,1399.51,819,229,68,296,174.93875,102.375,28.625,0.7361963190184049,High,Recently Inactive
18117.0,1,314.4,604,67,26,0,314.4,604.0,67.0,1.0,Medium,Active
18118.0,26,5622.68,2853,423,11,358,216.2569230769231,109.73076923076923,16.26923076923077,2.0103092783505154,Very High,Active
18119.0,1,180.7,124,29,368,0,180.7,124.0,29.0,1.0,Low,Inactive
18120.0,1,111.15,31,17,214,0,111.15,31.0,17.0,1.0,Low,Inactive
18121.0,2,653.3000000000001,438,28,149,5,326.65000000000003,219.0,14.0,1.7142857142857142,Medium,At Risk
18122.0,6,1791.84,1215,238,8,142,298.64,202.5,39.666666666666664,1.0465116279069768,Very High,Active
18123.0,2,574.4399999999999,582,31,24,7,287.21999999999997,291.0,15.5,1.6216216216216215,Medium,Active
18125.0,4,1131.75,800,164,30,286,282.9375,200.0,41.0,0.379746835443038,High,Active
18126.0,1,198.58,129,51,61,0,198.58,129.0,51.0,1.0,Low,Recently Inactive
18127.0,3,347.08,187,41,19,114,115.69333333333333,62.333333333333336,13.666666666666666,0.625,Medium,Active
18129.0,1,112.55000000000001,48,13,243,0,112.55000000000001,48.0,13.0,1.0,Low,Inactive
18130.0,3,1059.39,824,58,15,41,353.13000000000005,274.6666666666667,19.333333333333332,1.267605633802817,High,Active
18133.0,1,931.5,1350,1,212,0,931.5,1350.0,1.0,1.0,High,Inactive
18135.0,5,681.91,349,11,29,161,136.382,69.8,2.2,0.7853403141361257,High,Active
18136.0,3,784.33,379,34,63,256,261.4433333333333,126.33333333333333,11.333333333333334,0.3146853146853147,High,Recently Inactive
18138.0,1,152.65,38,8,295,0,152.65,38.0,8.0,1.0,Low,Inactive
18139.0,6,8438.34,5557,35,18,0,1406.39,926.1666666666666,5.833333333333333,6.0,Very High,Active
18142.0,2,1019.52,1276,9,157,58,509.76,638.0,4.5,0.6818181818181818,High,At Risk
18143.0,2,1000.16,570,59,117,25,500.08,285.0,29.5,1.0909090909090908,High,At Risk
18144.0,12,2888.75,1343,27,8,365,240.72916666666666,111.91666666666667,2.25,0.9113924050632912,Very High,Active
18145.0,4,2861.55,2625,174,13,299,715.3875,656.25,43.5,0.364741641337386,Very High,Active
18146.0,2,160.35,153,10,141,79,80.175,76.5,5.0,0.5504587155963303,Low,At Risk
18147.0,2,179.34,203,7,46,62,89.67,101.5,3.5,0.6521739130434783,Low,Recently Inactive
18149.0,3,612.0799999999999,310,11,51,222,204.02666666666664,103.33333333333333,3.6666666666666665,0.35714285714285715,Medium,Recently Inactive
18150.0,3,566.58,332,29,32,169,188.86,110.66666666666667,9.666666666666666,0.4522613065326633,Medium,Recently Inactive
18151.0,2,653.35,355,38,135,155,326.675,177.5,19.0,0.3243243243243243,Medium,At Risk
18154.0,2,399.19,255,15,3,40,199.595,127.5,7.5,0.8571428571428572,Medium,Active
18155.0,3,371.62,266,19,75,216,123.87333333333333,88.66666666666667,6.333333333333333,0.3658536585365854,Medium,Recently Inactive
18156.0,2,675.64,283,100,13,356,337.82,141.5,50.0,0.15544041450777202,High,Active
18158.0,2,453.4,354,24,9,79,226.7,177.0,12.0,0.5504587155963303,Medium,Active
18159.0,1,530.15,139,23,301,0,530.15,139.0,23.0,1.0,Medium,Inactive
18160.0,2,638.0600000000001,294,37,57,143,319.03000000000003,147.0,18.5,0.3468208092485549,Medium,Recently Inactive
18161.0,5,1618.69,812,49,15,304,323.738,162.4,9.8,0.44910179640718567,High,Active
18164.0,1,399.65,184,24,37,0,399.65,184.0,24.0,1.0,Medium,Recently Inactive
18165.0,1,302.46,254,10,177,0,302.46,254.0,10.0,1.0,Low,At Risk
18167.0,3,1384.8600000000001,382,24,23,82,461.62000000000006,127.33333333333333,8.0,0.8035714285714286,High,Active
18168.0,6,1160.04,592,97,176,196,193.34,98.66666666666667,16.166666666666668,0.7964601769911505,High,At Risk
18169.0,1,202.65,61,9,61,0,202.65,61.0,9.0,1.0,Low,Recently Inactive
18170.0,3,980.3100000000001,409,29,33,183,326.77000000000004,136.33333333333334,9.666666666666666,0.4225352112676057,High,Recently Inactive
18171.0,5,1231.31,481,43,59,274,246.262,96.2,8.6,0.493421052631579,High,Recently Inactive
18172.0,20,7561.68,3184,100,15,275,378.084,159.2,5.0,1.9672131147540985,Very High,Active
18173.0,4,2106.84,1220,23,87,187,526.71,305.0,5.75,0.5529953917050692,Very High,Recently Inactive
18174.0,1,104.0,50,1,7,0,104.0,50.0,1.0,1.0,Low,Active
18176.0,1,476.35,283,30,358,0,476.35,283.0,30.0,1.0,Medium,Inactive
18177.0,6,1340.8700000000001,709,53,31,224,223.47833333333335,118.16666666666667,8.833333333333334,0.7086614173228346,High,Recently Inactive
18178.0,4,1590.81,983,80,129,235,397.7025,245.75,20.0,0.45283018867924535,High,At Risk
18179.0,6,1793.17,1360,86,9,327,298.8616666666667,226.66666666666666,14.333333333333334,0.5042016806722689,Very High,Active
18180.0,6,1843.75,1721,108,5,137,307.2916666666667,286.8333333333333,18.0,1.0778443113772456,Very High,Active
18181.0,1,366.85,133,40,24,0,366.85,133.0,40.0,1.0,Medium,Active
18183.0,2,632.07,371,36,227,47,316.035,185.5,18.0,0.7792207792207793,Medium,Inactive
18184.0,1,49.8,60,1,15,0,49.8,60.0,1.0,1.0,Low,Active
18185.0,1,304.25,183,17,249,0,304.25,183.0,17.0,1.0,Low,Inactive
18188.0,3,2001.04,1168,63,15,275,667.0133333333333,389.3333333333333,21.0,0.29508196721311475,Very High,Active
18189.0,2,1090.24,566,65,78,190,545.12,283.0,32.5,0.27272727272727276,High,Recently Inactive
18190.0,2,284.46000000000004,140,14,192,138,142.23000000000002,70.0,7.0,0.35714285714285715,Low,Inactive
18191.0,1,207.8,140,7,262,0,207.8,140.0,7.0,1.0,Low,Inactive
18192.0,1,957.97,339,45,72,0,957.97,339.0,45.0,1.0,High,Recently Inactive
18193.0,1,243.76,124,16,165,0,243.76,124.0,16.0,1.0,Low,At Risk
18194.0,1,973.84,632,7,82,0,973.84,632.0,7.0,1.0,High,Recently Inactive
18196.0,2,686.63,431,131,95,195,343.315,215.5,65.5,0.26666666666666666,High,At Risk
18198.0,17,5425.56,4074,81,4,332,319.15058823529415,239.64705882352942,4.764705882352941,1.408839779005525,Very High,Active
18200.0,1,150.35,104,29,106,0,150.35,104.0,29.0,1.0,Low,At Risk
18202.0,3,1396.99,581,55,200,111,465.66333333333336,193.66666666666666,18.333333333333332,0.6382978723404255,High,Inactive
18203.0,1,160.42000000000002,43,19,157,0,160.42000000000002,43.0,19.0,1.0,Low,At Risk
18204.0,3,1975.3500000000001,1190,159,71,121,658.45,396.6666666666667,53.0,0.5960264900662252,Very High,Recently Inactive
18205.0,2,517.36,192,30,36,38,258.68,96.0,15.0,0.8823529411764706,Medium,Recently Inactive
18209.0,1,139.10000000000002,58,8,29,0,139.10000000000002,58.0,8.0,1.0,Low,Active
18210.0,6,2621.38,1398,109,2,265,436.8966666666667,233.0,18.166666666666668,0.6101694915254237,Very High,Active
18211.0,5,600.07,359,37,26,252,120.01400000000001,71.8,7.4,0.5319148936170213,Medium,Active
18212.0,1,216.07,92,30,326,0,216.07,92.0,30.0,1.0,Low,Inactive
18213.0,1,232.48000000000002,232,15,237,0,232.48000000000002,232.0,15.0,1.0,Low,Inactive
18215.0,1,299.34000000000003,118,13,89,0,299.34000000000003,118.0,13.0,1.0,Low,Recently Inactive
18216.0,1,481.75,200,26,31,0,481.75,200.0,26.0,1.0,Medium,Recently Inactive
18217.0,2,621.75,491,27,29,41,310.875,245.5,13.5,0.8450704225352113,Medium,Active
18218.0,2,641.92,536,17,211,70,320.96,268.0,8.5,0.6,Medium,Inactive
18219.0,10,2069.77,885,58,3,366,206.977,88.5,5.8,0.7575757575757576,Very High,Active
18220.0,1,305.28,288,2,227,0,305.28,288.0,2.0,1.0,Low,Inactive
18221.0,5,1041.61,791,59,22,189,208.32199999999997,158.2,11.8,0.684931506849315,High,Active
18222.0,1,443.0,335,19,93,0,443.0,335.0,19.0,1.0,Medium,At Risk
18223.0,14,6484.54,2948,116,5,353,463.18142857142857,210.57142857142858,8.285714285714286,1.0966057441253263,Very High,Active
18224.0,1,158.95000000000002,69,10,264,0,158.95000000000002,69.0,10.0,1.0,Low,Inactive
18225.0,12,5504.96,3242,150,3,361,458.74666666666667,270.1666666666667,12.5,0.9207161125319693,Very High,Active
18226.0,11,5228.05,3466,141,44,293,475.27727272727276,315.09090909090907,12.818181818181818,1.021671826625387,Very High,Recently Inactive
18227.0,1,93.75,21,5,218,0,93.75,21.0,5.0,1.0,Low,Inactive
18228.0,2,779.9,238,23,57,22,389.95,119.0,11.5,1.1538461538461537,High,Recently Inactive
18229.0,20,7276.9,2488,66,12,361,363.84499999999997,124.4,3.3,1.5345268542199488,Very High,Active
18230.0,7,2810.2000000000003,1316,32,9,293,401.4571428571429,188.0,4.571428571428571,0.6501547987616099,Very High,Active
18231.0,5,2071.77,819,106,192,96,414.354,163.8,21.2,1.1904761904761905,Very High,Inactive
18232.0,4,592.97,302,31,82,115,148.2425,75.5,7.75,0.8275862068965516,Medium,Recently Inactive
18233.0,1,440.0,4,1,326,0,440.0,4.0,1.0,1.0,Medium,Inactive
18235.0,3,1796.48,1578,100,72,145,598.8266666666667,526.0,33.333333333333336,0.5142857142857143,Very High,Recently Inactive
18236.0,6,882.24,403,42,30,210,147.04,67.16666666666667,7.0,0.75,High,Active
18237.0,5,987.1,622,40,3,131,197.42000000000002,124.4,8.0,0.9316770186335405,High,Active
18239.0,5,1561.6100000000001,795,80,219,153,312.322,159.0,16.0,0.819672131147541,High,Inactive
18240.0,1,422.58,126,6,46,0,422.58,126.0,6.0,1.0,Medium,Recently Inactive
18241.0,17,2073.09,1051,60,10,208,121.9464705882353,61.8235294117647,3.5294117647058822,2.142857142857143,Very High,Active
18242.0,4,2232.4900000000002,1017,72,72,141,558.1225000000001,254.25,18.0,0.7017543859649122,Very High,Recently Inactive
18245.0,7,2567.06,1788,153,7,347,366.72285714285715,255.42857142857142,21.857142857142858,0.5570291777188329,Very High,Active
18246.0,2,596.1,166,3,24,209,298.05,83.0,1.5,0.2510460251046025,Medium,Active
18248.0,2,804.02,511,39,123,63,402.01,255.5,19.5,0.6451612903225806,High,At Risk
18249.0,1,95.34,128,8,17,0,95.34,128.0,8.0,1.0,Low,Active
18250.0,1,349.27,199,21,310,0,349.27,199.0,21.0,1.0,Medium,Inactive
18251.0,1,4314.72,7824,16,87,0,4314.72,7824.0,16.0,1.0,Very High,Recently Inactive
18252.0,2,518.27,234,90,51,121,259.135,117.0,45.0,0.3973509933774835,Medium,Recently Inactive
18255.0,1,103.30000000000001,74,6,89,0,103.30000000000001,74.0,6.0,1.0,Low,Recently Inactive
18257.0,8,2337.63,1041,97,39,256,292.20375,130.125,12.125,0.8391608391608392,Very High,Recently Inactive
18259.0,3,2338.6,714,27,25,341,779.5333333333333,238.0,9.0,0.2425876010781671,Very High,Active
18260.0,6,2628.35,1475,86,173,185,438.05833333333334,245.83333333333334,14.333333333333334,0.8372093023255813,Very High,At Risk
18261.0,2,324.24,146,19,43,52,162.12,73.0,9.5,0.7317073170731707,Medium,Recently Inactive
18262.0,1,149.48,182,13,140,0,149.48,182.0,13.0,1.0,Low,At Risk
18263.0,3,1213.16,1468,59,26,226,404.3866666666667,489.3333333333333,19.666666666666668,0.3515625,High,Active
18265.0,2,801.51,311,44,72,85,400.755,155.5,22.0,0.5217391304347826,High,Recently Inactive
18268.0,1,25.5,2,1,134,0,25.5,2.0,1.0,1.0,Low,At Risk
18269.0,1,168.60000000000002,76,7,366,0,168.60000000000002,76.0,7.0,1.0,Low,Inactive
18270.0,2,283.15000000000003,101,11,38,228,141.57500000000002,50.5,5.5,0.23255813953488372,Low,Recently Inactive
18272.0,6,3078.58,2050,99,3,244,513.0966666666667,341.6666666666667,16.5,0.6569343065693432,Very High,Active
18273.0,3,204.0,80,1,2,255,68.0,26.666666666666668,0.3333333333333333,0.3157894736842105,Low,Active
18274.0,1,175.92,88,11,30,0,175.92,88.0,11.0,1.0,Low,Active
18276.0,1,335.86,186,14,44,0,335.86,186.0,14.0,1.0,Medium,Recently Inactive
18277.0,1,110.38,68,8,58,0,110.38,68.0,8.0,1.0,Low,Recently Inactive
18278.0,1,173.9,66,9,74,0,173.9,66.0,9.0,1.0,Low,Recently Inactive
18280.0,1,180.60000000000002,45,10,278,0,180.60000000000002,45.0,10.0,1.0,Low,Inactive
18281.0,1,80.82,54,7,181,0,80.82,54.0,7.0,1.0,Low,Inactive
18282.0,2,178.05,103,12,8,118,89.025,51.5,6.0,0.4054054054054054,Low,Active
18283.0,16,2039.58,1355,262,4,333,127.47375,84.6875,16.375,1.322314049586777,Very High,Active
18287.0,3,1837.28,1586,59,43,158,612.4266666666666,528.6666666666666,19.666666666666668,0.4787234042553192,Very High,Recently Inactive
