StockCode,Product_Name,Total_Units_Sold,Total_Revenue,Orders,Customers,Average_Price,Revenue_Per_Order,Units_Per_Order,Customer_Penetration,Revenue_Segment
10002,INFLATABLE POLITICAL GLOBE ,860,759.89,71,40,1.086619718309859,10.702676056338028,12.112676056338028,0.922722029988466,High
10080,GROOVY CACTUS INFLATABLE,303,119.08999999999999,22,19,0.41090909090909095,5.413181818181818,13.772727272727273,0.4382929642445213,Low
10120,DOGGY RUBBER,192,40.32,29,25,0.21,1.390344827586207,6.620689655172414,0.5767012687427913,Low
10123C,HEARTS WRAPPING TAPE ,5,3.25,3,3,0.65,1.0833333333333333,1.6666666666666667,0.06920415224913494,Low
10124A,SPOTS ON RED BOOKCOVER TAPE,16,6.72,5,5,0.42000000000000004,1.3439999999999999,3.2,0.11534025374855825,Low
10124G,ARMY CAMO BOOKCOVER TAPE,17,7.14,4,4,0.42,1.785,4.25,0.0922722029988466,Low
10125,MINI FUNKY DESIGN TAPES,1295,993.99,91,49,0.8597849462365591,10.922967032967033,14.23076923076923,1.130334486735871,High
10133,COLOURING PENCILS BROWN TUBE,2856,1539.6,196,101,0.6525510204081633,7.855102040816326,14.571428571428571,2.3298731257208765,High
10135,COLOURING PENCILS BROWN TUBE,2229,2204.89,175,92,1.4128813559322033,12.599371428571429,12.737142857142857,2.122260668973472,High
11001,ASSTD DESIGN RACING CAR PEN,1615,2389.44,113,44,1.89,21.145486725663716,14.29203539823009,1.0149942329873125,Very High
15030,FAN BLACK FRAME ,143,41.47,12,11,0.29,3.455833333333333,11.916666666666666,0.2537485582468281,Low
15034,PAPER POCKET TRAVELING FAN ,6591,840.0200000000001,138,70,0.3739855072463768,6.087101449275363,47.76086956521739,1.6147635524798154,High
15036,ASSORTED COLOURS SILK FAN,23826,18569.84,518,194,1.0677649325626204,35.849111969111966,45.996138996138995,4.47520184544406,Very High
15039,SANDALWOOD FAN,2090,1978.6399999999999,145,58,1.2422758620689656,13.645793103448275,14.413793103448276,1.3379469434832756,High
15044A,PINK PAPER PARASOL ,458,1439.0200000000002,102,53,3.6700000000000004,14.108039215686276,4.490196078431373,1.2226066897347174,High
15044B,BLUE PAPER PARASOL ,321,946.83,60,36,3.506666666666667,15.7805,5.35,0.8304498269896194,High
15044C,PURPLE PAPER PARASOL,313,1022.9900000000001,88,43,3.851818181818182,11.624886363636366,3.5568181818181817,0.991926182237601,High
15044D,RED PAPER PARASOL,644,1819.76,84,53,3.3333333333333335,21.663809523809523,7.666666666666667,1.2226066897347174,High
15056BL,EDWARDIAN PARASOL BLACK,2844,15828.84,321,142,6.430311526479751,49.31102803738318,8.85981308411215,3.275663206459054,Very High
15056N,EDWARDIAN PARASOL NATURAL,3950,22152.690000000002,456,184,6.94886462882096,48.5804605263158,8.662280701754385,4.244521337946944,Very High
15056P,EDWARDIAN PARASOL PINK,776,4354.92,144,87,6.352222222222222,30.2425,5.388888888888889,2.006920415224913,Very High
15056bl,EDWARDIAN PARASOL BLACK,87,1086.88,62,0,12.489354838709678,17.530322580645162,1.403225806451613,0.0,High
15056n,EDWARDIAN PARASOL NATURAL,127,1585.2800000000002,84,0,12.484761904761905,18.872380952380954,1.5119047619047619,0.0,High
15056p,EDWARDIAN PARASOL PINK,33,412.48,26,0,12.5,15.864615384615385,1.2692307692307692,0.0,Medium
15058A,BLUE POLKADOT GARDEN PARASOL,200,1668.49,89,40,9.208988764044944,18.747078651685392,2.247191011235955,0.922722029988466,High
15058B,PINK POLKADOT GARDEN PARASOL,228,1885.27,97,32,9.890927835051546,19.435773195876287,2.350515463917526,0.7381776239907728,High
15058C,ICE CREAM DESIGN GARDEN PARASOL,240,1429.82,72,26,9.33361111111111,19.85861111111111,3.3333333333333335,0.5997693194925029,High
15060B,FAIRY CAKE DESIGN UMBRELLA,451,1807.55,131,68,4.993053435114504,13.798091603053434,3.4427480916030535,1.5686274509803921,High
15060b,FAIRY CAKE DESIGN UMBRELLA,3,24.869999999999997,3,0,8.29,8.29,1.0,0.0,Low
16008,SMALL FOLDING SCISSOR(POINTED EDGE),2892,360.71,70,54,0.13614285714285712,5.153,41.31428571428572,1.245674740484429,Medium
16010,FOLDING CAMPING SCISSOR W/KNIF & S,30,3.5999999999999996,3,3,0.12,1.2,10.0,0.06920415224913494,Low
16011,ANIMAL STICKERS,1749,367.29,46,38,0.21,7.984565217391305,38.02173913043478,0.8765859284890426,Medium
16012,FOOD/DRINK SPONGE STICKERS,1220,256.2,35,33,0.21,7.319999999999999,34.857142857142854,0.7612456747404844,Medium
16014,SMALL CHINESE STYLE SCISSOR,13328,4335.76,54,34,0.4014814814814815,80.29185185185186,246.8148148148148,0.7843137254901961,Very High
16015,MEDIUM CHINESE STYLE SCISSOR,662,289.98,24,19,0.48833333333333334,12.082500000000001,27.583333333333332,0.4382929642445213,Medium
16016,LARGE CHINESE STYLE SCISSOR,1273,1053.45,65,41,0.8460000000000001,16.20692307692308,19.584615384615386,0.9457900807381776,High
16020C,CLEAR STATIONERY BOX SET ,84,69.89999999999999,17,1,0.8335294117647059,4.1117647058823525,4.9411764705882355,0.02306805074971165,Low
16033,MINI HIGHLIGHTER PENS,840,100.80000000000001,4,4,0.12,25.200000000000003,210.0,0.0922722029988466,Low
16043,POP ART PUSH DOWN RUBBER ,98,11.759999999999998,2,2,0.12,5.879999999999999,49.0,0.0461361014994233,Low
16045,POPART WOODEN PENCILS ASST,8900,380.0,68,61,0.043478260869565216,5.588235294117647,130.88235294117646,1.4071510957324107,Medium
16046,TEATIME PEN CASE & PENS,65,55.24999999999999,14,13,0.85,3.9464285714285707,4.642857142857143,0.29988465974625145,Low
16048,TEATIME ROUND PENCIL SHARPENER ,1460,205.29999999999998,67,41,0.3280882352941176,3.0641791044776117,21.791044776119403,0.9457900807381776,Medium
16049,TEATIME GEL PENS ASST,504,82.08,5,5,0.24,16.416,100.8,0.11534025374855825,Low
16052,TEATIME PUSH DOWN RUBBER,479,115.3,13,5,0.5892307692307692,8.86923076923077,36.84615384615385,0.11534025374855825,Low
16054,POPART RECT PENCIL SHARPENER ASST,1166,140.52,33,29,0.1290909090909091,4.258181818181819,35.333333333333336,0.6689734717416378,Medium
16151A,FLOWERS HANDBAG blue and orange,49,61.25,3,3,1.25,20.416666666666668,16.333333333333332,0.06920415224913494,Low
16156L,"WRAP, CAROUSEL",475,199.5,18,17,0.42,11.083333333333334,26.38888888888889,0.39215686274509803,Medium
16156S,WRAP PINK FAIRY CAKES ,5800,2331.0,167,135,0.4168862275449102,13.95808383233533,34.73053892215569,3.1141868512110724,Very High
16161G,WRAP BAD HAIR DAY,700,70.0,22,22,0.1,3.1818181818181817,31.818181818181817,0.5074971164936563,Low
16161M,WRAP  PINK FLOCK,25,10.5,1,1,0.42,10.5,25.0,0.02306805074971165,Low
16161P,WRAP ENGLISH ROSE ,7201,2980.42,248,189,0.41943548387096774,12.017822580645161,29.036290322580644,4.359861591695502,Very High
16161U,WRAP SUKI AND FRIENDS,4075,1687.5,134,105,0.41955223880597015,12.593283582089553,30.41044776119403,2.422145328719723,High
16162L,THE KING GIFT BAG,20,13.0,8,5,0.65,1.625,2.5,0.11534025374855825,Low
16162M,THE KING GIFT BAG 25x24x12cm,28,11.76,8,6,0.42,1.47,3.5,0.13840830449826988,Low
16168M,FUNKY MONKEY GIFT BAG MEDIUM,371,173.12,41,19,0.6314634146341463,4.222439024390244,9.048780487804878,0.4382929642445213,Medium
16169E,WRAP 50'S  CHRISTMAS,4563,1892.46,149,143,0.41919999999999996,12.701073825503356,30.624161073825505,3.298731257208766,High
16169K,WRAP FOLK ART,200,84.0,8,8,0.42,10.5,25.0,0.1845444059976932,Low
16169M,WRAP DAISY CARPET ,660,277.2,25,24,0.42,11.088,26.4,0.5536332179930795,Medium
16169N,WRAP BLUE RUSSIAN FOLKART,25,10.5,1,1,0.42,10.5,25.0,0.02306805074971165,Low
16169P,WRAP GREEN RUSSIAN FOLKART ,50,21.0,2,2,0.42,10.5,25.0,0.0461361014994233,Low
16202A,PASTEL PINK PHOTO ALBUM ,7,3.5,2,2,0.5,1.75,3.5,0.0461361014994233,Low
16202B,PASTEL BLUE PHOTO ALBUM ,29,14.5,2,2,0.5,7.25,14.5,0.0461361014994233,Low
16202E,BLACK PHOTO ALBUM ,15,7.5,3,3,0.5,2.5,5.0,0.06920415224913494,Low
16206B,RED PURSE WITH PINK HEART,7,8.75,2,2,1.25,4.375,3.5,0.0461361014994233,Low
16207A,PINK STRAWBERRY HANDBAG ,60,163.1,34,4,2.751764705882353,4.797058823529412,1.7647058823529411,0.0922722029988466,Medium
16207B,PINK HEART RED HANDBAG,29,76.14,18,3,2.6994444444444445,4.23,1.6111111111111112,0.06920415224913494,Low
16216,LETTER SHAPE PENCIL SHARPENER,3333,234.0,45,38,0.15244444444444444,5.2,74.06666666666666,0.8765859284890426,Medium
16218,CARTOON  PENCIL SHARPENERS,3821,283.31,64,43,0.26984375,4.42671875,59.703125,0.991926182237601,Medium
16219,HOUSE SHAPE PENCIL SHARPENER,3048,407.71999999999997,100,41,0.5172,4.0771999999999995,30.48,0.9457900807381776,Medium
16225,RATTLE SNAKE EGGS,813,689.35,102,57,1.4634313725490198,6.758333333333334,7.970588235294118,1.314878892733564,High
16235,RECYCLED PENCIL WITH RABBIT ERASER,3068,695.4,168,68,0.3164880952380952,4.139285714285714,18.261904761904763,1.5686274509803921,High
16236,KITTY PENCIL ERASERS,1438,320.09,136,59,0.30455882352941177,2.3536029411764705,10.573529411764707,1.3610149942329872,Medium
16237,SLEEPING CAT ERASERS,4991,1047.93,290,109,0.29846938775510207,3.613551724137931,17.21034482758621,2.51441753171857,High
16238,PARTY TIME PENCIL ERASERS,1396,321.67,134,61,0.3123880597014925,2.4005223880597018,10.417910447761194,1.4071510957324107,Medium
16244B,MAXWELL 2 TONE BLUE 60 PAGE PHOTO A,7,7.85,2,2,1.225,3.925,3.5,0.0461361014994233,Low
16248B,BLUE HOLE PUNCH,13,16.25,7,7,1.25,2.3214285714285716,1.8571428571428572,0.16147635524798157,Low
16254,TRANSPARENT ACRYLIC TAPE DISPENSER,40,42.58,17,7,1.3088235294117647,2.504705882352941,2.3529411764705883,0.16147635524798157,Low
16258A,SWIRLY CIRCULAR RUBBERS IN BAG,472,178.97,59,29,0.5913559322033899,3.0333898305084745,8.0,0.6689734717416378,Medium
16259,PIECE OF CAMO STATIONERY SET,3380,326.56,31,28,0.0967741935483871,10.534193548387098,109.03225806451613,0.6459054209919263,Medium
17001,HEAVENS SCENT FRAGRANCE OILS ASSTD,72,20.88,1,1,0.29,20.88,72.0,0.02306805074971165,Low
17003,BROCADE RING PURSE ,23020,6025.95,239,136,0.363402489626556,25.21317991631799,96.31799163179916,3.1372549019607843,Very High
17007B,S/3 POT POURI CUSHIONS BLUE COLOURS,24,50.400000000000006,2,2,2.1,25.200000000000003,12.0,0.0461361014994233,Low
17011F,ORIGAMI SANDLEWOOD INCENSE+FLOWER,81,66.36,7,6,1.5728571428571427,9.48,11.571428571428571,0.13840830449826988,Low
17012A,ORIGAMI VANILLA INCENSE/CANDLE SET ,323,375.93,65,21,1.9546969696969696,5.783538461538462,4.969230769230769,0.4844290657439446,Medium
17012B,ORIGAMI JASMINE INCENSE/CANDLE SET,525,595.85,85,33,1.8828235294117646,7.010000000000001,6.176470588235294,0.7612456747404844,Medium
17012C,ORIGAMI LAVENDER INCENSE/CANDL SET ,420,481.79999999999995,85,37,1.7676470588235293,5.668235294117647,4.9411764705882355,0.8535178777393311,Medium
17012D,ORIGAMI ROSE INCENSE/CANDLE SET ,461,547.24,97,35,1.8228865979381443,5.6416494845360825,4.752577319587629,0.8073817762399077,Medium
17012E,ORIGAMI OPIUM INCENSE/CANDLE SET ,44,62.64,10,3,2.3169999999999997,6.264,4.4,0.06920415224913494,Low
17012F,ORIGAMI SANDLEWOOD INCENSE/CAND SET,448,530.6,94,33,1.7973404255319148,5.64468085106383,4.76595744680851,0.7612456747404844,Medium
17013D,ORIGAMI ROSE INCENSE IN TUBE,535,267.82,13,10,1.2453846153846153,20.60153846153846,41.15384615384615,0.2306805074971165,Medium
17014A,ORIGAMI VANILLA INCENSE CONES,155,71.19,8,7,0.9512499999999999,8.89875,19.375,0.16147635524798157,Low
17021,NAMASTE SWAGAT INCENSE,2391,632.34,47,30,0.29411764705882354,13.45404255319149,50.87234042553192,0.6920415224913495,Medium
17028J,INCENSE BAZAAR PEACH,6,2.52,1,1,0.42,2.52,6.0,0.02306805074971165,Low
17038,PORCELAIN BUDAH INCENSE HOLDER,1525,158.06,34,18,0.42,4.648823529411764,44.85294117647059,0.4152249134948097,Medium
17084A,TRANQUILITY MASALA INCENSE,200,42.0,7,7,0.21,6.0,28.571428571428573,0.16147635524798157,Low
17084J,LOVE POTION MASALA INCENSE,225,47.25,8,8,0.21,5.90625,28.125,0.1845444059976932,Low
17084N,FAIRY DREAMS INCENSE ,1264,313.31,101,25,0.3538613861386139,3.102079207920792,12.514851485148515,0.5767012687427913,Medium
17084P,DRAGONS BLOOD INCENSE,423,104.44,39,12,0.3507692307692308,2.677948717948718,10.846153846153847,0.27681660899653976,Low
17084R,ASSORTED INCENSE PACK,4032,760.3199999999999,27,16,0.20259259259259257,28.159999999999997,149.33333333333334,0.3690888119953864,High
17090A,LAVENDER INCENSE 40 CONES IN TIN,109,107.45,10,9,1.17,10.745000000000001,10.9,0.20761245674740486,Low
17090D,VANILLA INCENSE 40 CONES IN TIN,29,36.25,12,6,1.25,3.0208333333333335,2.4166666666666665,0.13840830449826988,Low
17091A,LAVENDER INCENSE IN TIN,171,98.91,25,19,0.7976000000000001,3.9564,6.84,0.4382929642445213,Low
17091J,VANILLA INCENSE IN TIN,2084,920.67,95,66,0.7027272727272726,9.691263157894737,21.936842105263157,1.5224913494809689,High
17096,ASSORTED LAQUERED INCENSE HOLDERS,2545,455.9800000000001,24,12,0.3025,18.99916666666667,106.04166666666667,0.27681660899653976,Medium
17107D,"FLOWER FAIRY,5 SUMMER B'DRAW LINERS",170,433.5,46,42,2.55,9.423913043478262,3.6956521739130435,0.9688581314878892,Medium
17109D,FLOWER FAIRY INCENSE BOUQUET,61,32.349999999999994,5,4,0.9039999999999999,6.469999999999999,12.2,0.0922722029988466,Low
17129F,BLUE GLASS GEMS IN BAG,588,553.8299999999999,57,11,1.37,9.716315789473683,10.31578947368421,0.2537485582468281,Medium
17136A,BLUE STONES ON WIRE FOR CANDLE,352,29.59,17,16,0.10294117647058823,1.7405882352941175,20.705882352941178,0.3690888119953864,Low
17164B,ASS COL SMALL SAND GECKO P'WEIGHT,27,11.34,9,9,0.42,1.26,3.0,0.20761245674740486,Low
17165D,ASS COL LARGE SAND FROG P'WEIGHT,27,28.35,7,6,1.05,4.05,3.857142857142857,0.13840830449826988,Low
17174,ASSTD RASTA KEY-CHAINS,9,3.7800000000000002,3,3,0.42,1.26,3.0,0.06920415224913494,Low
17191A,ROSE FLOWER CANDLE+INCENSE 16X16CM,4,15.0,2,1,3.75,7.5,2.0,0.02306805074971165,Low
18007,ESSENTIAL BALM 3.5g TIN IN ENVELOPE,5884,395.61,30,15,0.27483870967741936,13.187000000000001,196.13333333333333,0.34602076124567477,Medium
18094C,WHITE AND BLUE CERAMIC OIL BURNER,192,283.93,42,13,1.955952380952381,6.760238095238096,4.571428571428571,0.29988465974625145,Medium
18097A,PINK TALL PORCELAIN T-LIGHT HOLDER ,5,12.75,4,4,2.55,3.1875,1.25,0.0922722029988466,Low
18097C,WHITE TALL PORCELAIN T-LIGHT HOLDER,695,1591.01,69,43,3.114782608695652,23.058115942028984,10.072463768115941,0.991926182237601,High
18098C,PORCELAIN BUTTERFLY OIL BURNER,213,658.75,49,24,3.680980392156863,13.443877551020408,4.346938775510204,0.5536332179930795,Medium
18098c,PORCELAIN BUTTERFLY OIL BURNER,52,263.12,12,0,5.06,21.926666666666666,4.333333333333333,0.0,Medium
20615,BLUE POLKADOT PASSPORT COVER,309,466.99,95,28,2.5613684210526313,4.915684210526316,3.2526315789473683,0.6459054209919263,Medium
20616,CHERRY BLOSSOM PASSPORT COVER,194,243.53,71,19,1.8074647887323942,3.43,2.732394366197183,0.4382929642445213,Medium
20617,FIRST CLASS PASSPORT COVER ,93,194.94,43,20,2.251860465116279,4.533488372093023,2.1627906976744184,0.461361014994233,Medium
20618,QUEEN OF THE SKIES PASSPORT COVER ,148,286.39,76,20,2.0278947368421054,3.7682894736842103,1.9473684210526316,0.461361014994233,Medium
20619,TROPICAL PASSPORT COVER ,262,439.65,99,16,2.136767676767677,4.4409090909090905,2.6464646464646466,0.3690888119953864,Medium
20622,VIPPASSPORT COVER ,185,303.7,51,24,2.4062745098039215,5.954901960784314,3.627450980392157,0.5536332179930795,Medium
20652,BLUE POLKADOT LUGGAGE TAG ,265,346.86,78,26,1.575897435897436,4.446923076923077,3.3974358974358974,0.5997693194925029,Medium
20653,CHERRY BLOSSOM LUGGAGE TAG,73,95.17999999999999,33,5,1.4815151515151515,2.884242424242424,2.212121212121212,0.11534025374855825,Low
20654,FIRST CLASS LUGGAGE TAG ,152,193.59,49,21,1.385,3.9508163265306124,3.1020408163265305,0.4844290657439446,Medium
20655,QUEEN OF SKIES LUGGAGE TAG,197,292.29,99,20,1.7224242424242426,2.9524242424242426,1.9898989898989898,0.461361014994233,Medium
20657,TROPICAL LUGGAGE TAG,73,105.91,33,20,1.720909090909091,3.2093939393939395,2.212121212121212,0.461361014994233,Low
20658,RED RETROSPOT LUGGAGE TAG,433,652.11,105,44,1.7522429906542056,6.210571428571429,4.123809523809523,1.0149942329873125,Medium
20659,ECONOMY LUGGAGE TAG,158,246.84,62,18,1.63984375,3.9812903225806453,2.5483870967741935,0.4152249134948097,Medium
20661,BLUE POLKADOT PURSE ,44,141.15,33,3,3.397878787878788,4.277272727272727,1.3333333333333333,0.06920415224913494,Medium
20662,FIRST CLASS HOLIDAY PURSE ,31,90.42,20,4,2.879,4.521,1.55,0.0922722029988466,Low
20663,QUEEN OF THE SKIES HOLIDAY PURSE ,25,66.26,20,3,2.693,3.313,1.25,0.06920415224913494,Low
20664,TROPICAL HOLIDAY PURSE ,32,81.66,18,3,2.5416666666666665,4.536666666666666,1.7777777777777777,0.06920415224913494,Low
20665,RED RETROSPOT PURSE ,461,1546.2700000000002,156,58,4.068333333333333,9.91198717948718,2.9551282051282053,1.3379469434832756,High
20666,ECONOMY HOLIDAY PURSE,30,41.53,17,4,1.7123529411764706,2.442941176470588,1.7647058823529411,0.0922722029988466,Low
20667,CHERRY BLOSSOM PURSE,20,49.69,16,1,2.490625,3.105625,1.25,0.02306805074971165,Low
20668,DISCO BALL CHRISTMAS DECORATION,12883,1501.4,215,111,0.16444954128440367,6.983255813953488,59.92093023255814,2.5605536332179932,High
20669,RED HEART LUGGAGE TAG,304,447.34,96,36,1.6915841584158415,4.659791666666666,3.1666666666666665,0.8304498269896194,Medium
20670,VIP HOLIDAY PURSE,14,44.04,11,5,3.2436363636363637,4.003636363636364,1.2727272727272727,0.11534025374855825,Low
20671,BLUE TEATIME PRINT BOWL ,10,12.5,2,2,1.25,6.25,5.0,0.0461361014994233,Low
20674,GREEN POLKADOT BOWL,1563,2016.23,205,101,1.5633009708737866,9.835268292682928,7.624390243902439,2.3298731257208765,High
20675,BLUE POLKADOT BOWL,3120,3983.12,322,149,1.5869753086419751,12.369937888198757,9.68944099378882,3.4371395617070357,Very High
20676,RED RETROSPOT BOWL,5023,6374.81,448,185,1.631751662971175,14.229486607142858,11.212053571428571,4.2675893886966545,Very High
20677,PINK POLKADOT BOWL,3674,4747.34,333,133,1.6501483679525224,14.256276276276276,11.033033033033034,3.068050749711649,Very High
20678,LARGE BLACK DIAMANTE HAIRSLIDE,4,6.6,1,1,1.65,6.6,4.0,0.02306805074971165,Low
20679,EDWARDIAN PARASOL RED,1710,10021.42,326,141,7.003669724770643,30.740552147239264,5.245398773006135,3.2525951557093427,Very High
20681,PINK POLKADOT CHILDRENS UMBRELLA,140,506.96,46,29,4.205744680851064,11.02086956521739,3.0434782608695654,0.6689734717416378,Medium
20682,RED RETROSPOT CHILDRENS UMBRELLA,1235,4171.33,237,138,4.018487394957983,17.60054852320675,5.210970464135021,3.183391003460208,Very High
20684,STRAWBERRY DREAM CHILDS UMBRELLA,80,270.56,35,30,3.5517142857142856,7.730285714285714,2.2857142857142856,0.6920415224913495,Medium
20685,DOORMAT RED RETROSPOT,4088,28049.54,696,329,8.953529411764706,40.30106321839081,5.873563218390805,7.589388696655133,Very High
20686,DOLLY MIXTURE CHILDREN'S UMBRELLA,267,922.67,77,51,3.8718181818181816,11.982727272727272,3.4675324675324677,1.1764705882352942,High
20694,FLORAL PINK MONSTER,43,187.54,16,9,5.078235294117647,11.72125,2.6875,0.20761245674740486,Medium
20695,FLORAL BLUE MONSTER,5,21.25,4,4,4.25,5.3125,1.25,0.0922722029988466,Low
20696,FLORAL SOFT CAR TOY,54,230.81,30,10,4.7219999999999995,7.693666666666667,1.8,0.2306805074971165,Medium
20697,LITTLE GREEN MONSTER SOFT TOY,19,48.449999999999996,11,8,2.55,4.404545454545454,1.7272727272727273,0.1845444059976932,Low
20698,LITTLE PINK MONSTER SOFT TOY,17,43.349999999999994,8,7,2.55,5.418749999999999,2.125,0.16147635524798157,Low
20699,MOUSEY LONG LEGS SOFT TOY,97,266.03,41,11,3.0048780487804874,6.488536585365853,2.3658536585365852,0.2537485582468281,Medium
20700,GREEN CAT FLORAL CUSHION COVER ,73,345.17,54,4,4.981111111111112,6.392037037037038,1.3518518518518519,0.0922722029988466,Medium
20701,PINK CAT FLORAL CUSHION COVER ,25,100.97,18,3,4.066666666666666,5.609444444444445,1.3888888888888888,0.06920415224913494,Low
20702,PINK PADDED MOBILE,134,573.54,42,31,4.346190476190476,13.655714285714286,3.1904761904761907,0.7151095732410611,Medium
20703,BLUE PADDED SOFT MOBILE,1,4.25,1,1,4.25,4.25,1.0,0.02306805074971165,Low
20704,MR ROBOT SOFT TOY,216,697.7,44,38,5.847727272727273,15.856818181818182,4.909090909090909,0.8765859284890426,High
20705,MRS ROBOT SOFT TOY,143,428.85,28,27,4.807142857142857,15.31607142857143,5.107142857142857,0.6228373702422145,Medium
20707,CRAZY DAISY HEART DECORATION,464,468.39,149,20,1.0885906040268456,3.1435570469798657,3.1140939597315436,0.461361014994233,Medium
20711,JUMBO BAG TOYS ,5007,11014.62,522,152,3.1267175572519084,21.100804597701153,9.591954022988507,3.5063437139561704,Very High
20712,JUMBO BAG WOODLAND ANIMALS,9773,22092.420000000002,863,248,2.9266168009205984,25.599559675550406,11.324449594438008,5.7208765859284885,Very High
20713,JUMBO BAG OWLS,11429,23001.06,657,207,2.7772809667673717,35.00922374429224,17.395738203957382,4.775086505190312,Very High
20716,PARTY FOOD SHOPPER BAG,400,469.63,73,31,1.3158108108108109,6.433287671232876,5.47945205479452,0.7151095732410611,Medium
20717,STRAWBERRY SHOPPER BAG,2855,3561.98,412,150,1.6730215827338129,8.645582524271845,6.929611650485437,3.4602076124567476,Very High
20718,RED RETROSPOT SHOPPER BAG,4769,6604.29,575,236,1.7783737024221455,11.485721739130435,8.29391304347826,5.444059976931949,Very High
20719,WOODLAND CHARLOTTE BAG,13290,16744.45,833,238,1.2108571428571429,20.10138055222089,15.95438175270108,5.490196078431373,Very High
20723,STRAWBERRY CHARLOTTE BAG,9793,12548.15,722,230,1.2022176308539945,17.379709141274237,13.563711911357341,5.3056516724336795,Very High
20724,RED RETROSPOT CHARLOTTE BAG,17761,21773.39,1032,335,1.1461973180076628,21.098246124031007,17.210271317829456,7.7277970011534025,Very High
20725,LUNCH BAG RED RETROSPOT,19432,35862.36,1565,532,2.1314222503160556,22.915246006389776,12.416613418530352,12.272202998846597,Very High
20726,LUNCH BAG WOODLAND,9909,18283.78,1017,372,2.1818446601941743,17.978151425762043,9.743362831858407,8.581314878892734,Very High
20727,LUNCH BAG  BLACK SKULL.,12195,22346.96,1273,458,2.1077863182167564,17.554564021995287,9.57973291437549,10.565167243367936,Very High
20728,LUNCH BAG CARS BLUE,11786,21699.48,1150,479,2.063580034423408,18.86911304347826,10.248695652173913,11.04959630911188,Very High
20731,POSY CANDY BAG,92,109.96,16,8,1.0925,6.8725,5.75,0.1845444059976932,Low
20733,GOLD MINI TAPE MEASURE ,1234,956.36,205,30,0.845873786407767,4.665170731707317,6.019512195121951,0.6920415224913495,High
20734,SILVER MINI TAPE MEASURE ,158,271.21999999999997,26,0,1.7962962962962963,10.43153846153846,6.076923076923077,0.0,Medium
20735,BLACK MINI TAPE MEASURE ,623,625.8,112,11,1.1194642857142856,5.5874999999999995,5.5625,0.2537485582468281,Medium
20748,KENSINGTON COFFEE SET,57,751.17,34,26,13.468235294117648,22.093235294117648,1.6764705882352942,0.5997693194925029,High
20749,ASSORTED COLOUR MINI CASES,1762,12550.57,383,239,8.065298701298701,32.76911227154047,4.600522193211488,5.513264129181084,Very High
20750,RED RETROSPOT MINI CASES,1747,12634.98,385,235,8.121839378238343,32.818129870129866,4.537662337662337,5.4209919261822375,Very High
20751,FUNKY WASHING UP GLOVES ASSORTED,971,2041.5200000000002,198,127,2.3687192118226603,10.310707070707071,4.904040404040404,2.9296424452133794,High
20752,BLUE POLKADOT WASHING UP GLOVES,407,920.45,148,91,2.41722972972973,6.219256756756757,2.75,2.09919261822376,High
20754,RETROSPOT RED WASHING UP GLOVES,1457,3088.86,304,153,2.5132573289902282,10.160723684210527,4.792763157894737,3.5294117647058822,Very High
20755,BLUE PAISLEY POCKET BOOK,306,271.16999999999996,62,44,0.9903225806451613,4.373709677419354,4.935483870967742,1.0149942329873125,Medium
20756,GREEN FERN POCKET BOOK,63,53.55,22,20,0.85,2.434090909090909,2.8636363636363638,0.461361014994233,Low
20757,RED DAISY POCKET BOOK ,158,136.64,33,30,0.9188235294117647,4.140606060606061,4.787878787878788,0.6920415224913495,Medium
20758,ABSTRACT CIRCLES POCKET BOOK,159,135.14999999999998,42,35,0.85,3.2178571428571425,3.7857142857142856,0.8073817762399077,Medium
20759,CHRYSANTHEMUM POCKET BOOK ,64,54.4,20,17,0.85,2.7199999999999998,3.2,0.39215686274509803,Low
20760,GARDEN PATH POCKET BOOK,69,58.65,21,18,0.85,2.7928571428571427,3.2857142857142856,0.4152249134948097,Low
20761,BLUE PAISLEY SKETCHBOOK,120,505.97,63,46,4.461746031746031,8.031269841269841,1.9047619047619047,1.061130334486736,Medium
20762,GREEN FERN SKETCHBOOK ,106,420.08,56,42,4.153214285714286,7.501428571428571,1.8928571428571428,0.9688581314878892,Medium
20763,DAISY SKETCHBOOK ,73,205.04,27,24,3.9829629629629633,7.594074074074074,2.7037037037037037,0.5536332179930795,Medium
20764,ABSTRACT CIRCLES SKETCHBOOK ,142,603.3100000000001,76,45,4.66961038961039,7.938289473684211,1.868421052631579,1.0380622837370241,Medium
20765,CHRYSANTHEMUM SKETCHBOOK ,102,416.05,59,45,4.255762711864407,7.051694915254237,1.728813559322034,1.0380622837370241,Medium
20766,GARDEN PATH SKETCHBOOK,122,493.57,57,41,4.450862068965517,8.659122807017544,2.1403508771929824,0.9457900807381776,Medium
20767,BLUE PAISLEY JOURNAL ,250,656.0600000000001,79,50,2.8722784810126583,8.304556962025318,3.1645569620253164,1.1534025374855825,Medium
20768,GREEN FERN JOURNAL ,176,438.57,55,31,2.647272727272727,7.974,3.2,0.7151095732410611,Medium
20769,DAISY JOURNAL ,80,217.56,34,21,2.7467647058823528,6.398823529411764,2.3529411764705883,0.4844290657439446,Medium
20770,ABSTRACT CIRCLE JOURNAL ,184,447.25,72,24,2.4995833333333333,6.211805555555555,2.5555555555555554,0.5536332179930795,Medium
20771,CHRYSANTHEMUM  JOURNAL,102,267.13,40,21,2.7685,6.67825,2.55,0.4844290657439446,Medium
20772,GARDEN PATH JOURNAL,247,621.19,65,40,2.752153846153846,9.556769230769232,3.8,0.922722029988466,Medium
20773,BLUE PAISLEY NOTEBOOK,56,92.39999999999999,23,21,1.6499999999999997,4.017391304347826,2.4347826086956523,0.4844290657439446,Low
20774,GREEN FERN NOTEBOOK,86,141.23999999999998,44,21,1.6406666666666667,3.2099999999999995,1.9545454545454546,0.4844290657439446,Medium
20775,DAISY NOTEBOOK ,134,233.54,63,19,1.7179687499999998,3.706984126984127,2.126984126984127,0.4382929642445213,Medium
20777,CHRYSANTHEMUM NOTEBOOK,169,282.49,80,32,1.7029999999999998,3.5311250000000003,2.1125,0.7381776239907728,Medium
20778,GARDEN PATH NOTEBOOK ,15,24.75,8,8,1.65,3.09375,1.875,0.1845444059976932,Low
20780,BLACK EAR MUFF HEADPHONES,47,312.7,28,13,7.693793103448276,11.167857142857143,1.6785714285714286,0.29988465974625145,Medium
20781,GOLD EAR MUFF HEADPHONES,35,212.26,25,19,6.073200000000001,8.4904,1.4,0.4382929642445213,Medium
20782,CAMOUFLAGE EAR MUFF HEADPHONES,53,368.08,27,12,7.535185185185185,13.632592592592593,1.962962962962963,0.27681660899653976,Medium
20785,FUSCHIA RETRO BAR STOOL,14,523.3000000000001,5,4,39.15,104.66000000000001,2.8,0.0922722029988466,Medium
20793,BLUE TILED TRAY,8,54.0,4,4,6.75,13.5,2.0,0.0922722029988466,Low
20794,BLUE  TILE HOOK,99,282.78999999999996,27,15,3.573928571428571,10.473703703703702,3.6666666666666665,0.34602076124567477,Medium
20795,LARGE BLUE PROVENCAL CERAMIC BALL,49,113.05,11,6,2.653636363636364,10.277272727272727,4.454545454545454,0.13840830449826988,Low
20796,SMALL BLUE PROVENCAL CERAMIC BALL,62,103.94,9,8,1.832222222222222,11.54888888888889,6.888888888888889,0.1845444059976932,Low
20798,CLEAR MILKSHAKE GLASS,36,75.60000000000001,5,5,2.1,15.120000000000001,7.2,0.11534025374855825,Low
20801,LARGE PINK GLASS SUNDAE DISH,1013,1157.8,81,47,1.610731707317073,14.293827160493827,12.506172839506172,1.0841983852364476,High
20802,SMALL GLASS SUNDAE DISH CLEAR,739,984.47,63,40,1.942063492063492,15.626507936507936,11.73015873015873,0.922722029988466,High
20803,SMALL PINK GLASS SUNDAE DISH,939,476.38,40,26,1.1465,11.9095,23.475,0.5997693194925029,Medium
20816,GOLD FLOWER CUSHION COVER ,8,15.6,2,1,1.95,7.8,4.0,0.02306805074971165,Low
20818,GOLD TEDDY BEAR,15,42.7,5,2,5.54,8.540000000000001,3.0,0.0461361014994233,Low
20819,SILVER TEDDY BEAR,64,244.72,27,14,4.016666666666667,9.063703703703704,2.3703703703703702,0.32295271049596314,Medium
20820,SILVER LOOKING MIRROR,5,24.75,2,2,4.95,12.375,2.5,0.0461361014994233,Low
20821,GOLDIE LOOKING MIRROR,17,84.15,6,5,4.95,14.025,2.8333333333333335,0.11534025374855825,Low
20823,GOLD WINE GOBLET,164,129.56,8,6,0.79,16.195,20.5,0.13840830449826988,Medium
20826,SILVER APERITIF GLASS,276,128.4,8,7,0.8225,16.05,34.5,0.16147635524798157,Low
20827,GOLD APERITIF GLASS,88,34.32,2,1,0.39,17.16,44.0,0.02306805074971165,Low
20828,GLITTER BUTTERFLY CLIPS,1128,3074.78,241,116,3.1662903225806454,12.758423236514524,4.680497925311204,2.675893886966551,Very High
20829,GLITTER HANGING BUTTERFLY STRING,1314,2722.9500000000003,194,90,2.452060301507538,14.035824742268042,6.77319587628866,2.0761245674740483,Very High
20830,SILVER PHOTO FRAME,136,409.83,37,19,3.0435135135135134,11.076486486486486,3.675675675675676,0.4382929642445213,Medium
20831,GOLD PHOTO FRAME,216,466.53,39,19,2.737948717948718,11.962307692307691,5.538461538461538,0.4382929642445213,Medium
20832,RED FLOCK LOVE HEART PHOTO FRAME,1067,572.67,82,47,0.7425301204819278,6.983780487804878,13.012195121951219,1.0841983852364476,Medium
20835,FRENCH LATTICE CUSHION COVER ,67,65.80000000000001,8,7,2.10375,8.225000000000001,8.375,0.16147635524798157,Low
20836,FRENCH PAISLEY CUSHION COVER,170,141.10000000000002,17,14,0.83,8.3,10.0,0.32295271049596314,Medium
20837,FRENCH FLORAL CUSHION COVER ,141,142.47000000000003,15,14,0.9713333333333334,9.498000000000001,9.4,0.32295271049596314,Medium
20838,FRENCH LATTICE CUSHION COVER ,385,461.45,57,30,1.8773684210526316,8.095614035087719,6.754385964912281,0.6920415224913495,Medium
20839,FRENCH PAISLEY CUSHION COVER ,575,840.4399999999999,105,44,2.385047619047619,8.004190476190475,5.476190476190476,1.0149942329873125,High
20840,FRENCH FLORAL CUSHION COVER ,533,632.3199999999999,74,35,2.004,8.544864864864865,7.202702702702703,0.8073817762399077,Medium
20845,ZINC HEART LATTICE 2 WALL PLANTER,19,120.64999999999999,11,7,6.35,10.968181818181817,1.7272727272727273,0.16147635524798157,Low
20846,ZINC HEART LATTICE T-LIGHT HOLDER,716,957.32,88,50,1.6134831460674157,10.878636363636364,8.136363636363637,1.1534025374855825,High
20847,ZINC HEART LATTICE CHARGER LARGE,52,217.57999999999998,18,12,4.592222222222222,12.087777777777777,2.888888888888889,0.27681660899653976,Medium
20848,ZINC HEART LATTICE CHARGER SMALL,21,61.95,8,7,2.95,7.74375,2.625,0.16147635524798157,Low
20851,ZINC HEART LATTICE TRAY OVAL ,9,53.550000000000004,7,5,5.95,7.65,1.2857142857142858,0.11534025374855825,Low
20854,BLUE PATCH PURSE PINK HEART,242,383.02,41,16,1.685609756097561,9.341951219512195,5.902439024390244,0.3690888119953864,Medium
20856,DENIM PATCH PURSE PINK BUTTERFLY,216,357.29,61,26,1.670327868852459,5.8572131147540984,3.540983606557377,0.5997693194925029,Medium
20857,BLUE ROSE PATCH PURSE PINK BUTTERFL,32,52.8,8,7,1.65,6.6,4.0,0.16147635524798157,Low
20860,GOLD COSMETICS BAG WITH BUTTERFLY,1,2.1,1,0,2.1,2.1,1.0,0.0,Low
20861,GOLD COSMETIC BAG PINK STAR,2,4.2,2,2,2.1,2.1,1.0,0.0461361014994233,Low
20866,BLUE ROSE FABRIC MIRROR,597,709.7,90,34,1.4886666666666666,7.885555555555556,6.633333333333334,0.7843137254901961,High
20867,PINK ROSE FABRIC MIRROR,331,393.46999999999997,62,23,1.3503225806451613,6.346290322580645,5.338709677419355,0.530565167243368,Medium
20868,SILVER FABRIC MIRROR,458,219.35,46,29,0.7071739130434783,4.768478260869565,9.956521739130435,0.6689734717416378,Medium
20869,GOLD FABRIC MIRROR,180,86.76,29,17,0.716,2.9917241379310346,6.206896551724138,0.39215686274509803,Low
20871,OPULENT VELVET SET/3 CANDLES,2,8.42,1,0,4.21,8.42,2.0,0.0,Low
20878,SET/9 CHRISTMAS T-LIGHTS SCENTED ,24,30.0,7,7,1.25,4.285714285714286,3.4285714285714284,0.16147635524798157,Low
20886,BOX OF 9 PEBBLE CANDLES,485,986.23,103,56,2.4765384615384614,9.57504854368932,4.70873786407767,1.2918108419838525,High
20892,SET/3 TALL GLASS CANDLE HOLDER PINK,4,89.22,3,1,21.243333333333332,29.74,1.3333333333333333,0.02306805074971165,Low
20893,HANGING BAUBLE T-LIGHT HOLDER SMALL,268,609.02,26,16,3.0580769230769227,23.423846153846153,10.307692307692308,0.3690888119953864,Medium
20894,HANGING BAUBLE T-LIGHT HOLDER LARGE,33,108.71000000000001,15,9,3.707333333333333,7.247333333333334,2.2,0.20761245674740486,Low
20897,VINTAGE NOTEBOOK PARIS DAYS,107,298.27,24,8,3.1816666666666666,12.427916666666667,4.458333333333333,0.1845444059976932,Medium
20898,VINTAGE NOTEBOOK TRAVELOGUE,38,105.73,13,4,2.6350000000000002,8.133076923076924,2.923076923076923,0.0922722029988466,Low
20901,VINTAGE KEEPSAKE BOX PINK FLOWER,19,85.13,15,2,4.426,5.675333333333333,1.2666666666666666,0.0461361014994233,Low
20902,VINTAGE KEEPSAKE BOX PARIS DAYS,112,686.86,56,6,6.938035714285715,12.265357142857143,2.0,0.13840830449826988,High
20903,VINTAGE KEEPSAKE BOX TRAVELOGUE,82,441.89,56,10,5.576964285714285,7.890892857142857,1.4642857142857142,0.2306805074971165,Medium
20906,VINTAGE NOTEBOOK BEAUTY GIRL,3,8.850000000000001,2,2,2.95,4.425000000000001,1.5,0.0461361014994233,Low
20910,VINTAGE PHOTO ALBUM PARIS DAYS,8,50.8,3,2,6.349999999999999,16.933333333333334,2.6666666666666665,0.0461361014994233,Low
20914,SET/5 RED RETROSPOT LID GLASS BOWLS,6361,18357.75,880,356,3.2885442329227326,20.861079545454544,7.228409090909091,8.212226066897347,Very High
20931,BLUE POT PLANT CANDLE ,299,1060.9,68,35,5.06,15.601470588235296,4.397058823529412,0.8073817762399077,High
20932,PINK POT PLANT CANDLE,204,628.7900000000001,35,22,4.676,17.965428571428575,5.828571428571428,0.5074971164936563,Medium
20933,YELLOW POT PLANT CANDLE,23,71.05,9,9,3.127777777777778,7.894444444444444,2.5555555555555554,0.20761245674740486,Low
20934,SET/3 POT PLANT CANDLES,68,424.46000000000004,32,20,7.133125,13.264375000000001,2.125,0.461361014994233,Medium
20935,ROUND CACTUS CANDLE,6,17.700000000000003,4,4,2.95,4.425000000000001,1.5,0.0922722029988466,Low
20936,FORKED CACTUS CANDLE,100,319.66,34,21,3.7341176470588238,9.401764705882353,2.9411764705882355,0.4844290657439446,Medium
20941,FROG CANDLE,64,83.78,19,13,1.376,4.409473684210527,3.3684210526315788,0.29988465974625145,Low
20954,*USB Office Mirror Ball,2,16.94,2,0,8.47,8.47,1.0,0.0,Low
20956,PORCELAIN T-LIGHT HOLDERS ASSORTED,822,1146.52,101,51,1.7798039215686274,11.351683168316832,8.138613861386139,1.1764705882352942,High
20960,WATERMELON BATH SPONGE,29,72.49,10,0,2.4899999999999998,7.249,2.9,0.0,Low
20961,STRAWBERRY BATH SPONGE ,1232,1745.43,228,82,1.7937554585152837,7.655394736842106,5.4035087719298245,1.8915801614763552,High
20963,APPLE BATH SPONGE,1336,1911.17,229,83,1.8230172413793104,8.345720524017468,5.834061135371179,1.914648212226067,High
20964,POLYESTER FILLER PAD 60x40cm,2,5.1,1,1,2.55,5.1,2.0,0.02306805074971165,Low
20966,SANDWICH BATH SPONGE,719,1022.8,97,28,1.9605154639175257,10.544329896907216,7.412371134020619,0.6459054209919263,High
20967,GREY FLORAL FELTCRAFT SHOULDER BAG,265,1027.94,83,63,4.115301204819277,12.384819277108434,3.1927710843373496,1.453287197231834,High
20969,RED FLORAL FELTCRAFT SHOULDER BAG,1960,7229.43,305,157,4.268562091503268,23.70304918032787,6.426229508196721,3.621683967704729,Very High
20970,PINK FLORAL FELTCRAFT SHOULDER BAG,1116,4232.13,262,141,4.193650190114068,16.153167938931297,4.259541984732825,3.2525951557093427,Very High
20971,PINK BLUE FELT CRAFT TRINKET BOX,10993,13828.1,522,277,1.4207224334600759,26.490613026819926,21.059386973180075,6.3898500576701265,Very High
20972,PINK CREAM FELT CRAFT TRINKET BOX ,7337,9128.06,616,312,1.4245659163987139,14.81827922077922,11.910714285714286,7.197231833910036,Very High
20973,12 PENCIL SMALL TUBE WOODLAND,4497,3210.27,355,191,0.7885479452054794,9.043014084507043,12.667605633802816,4.405997693194925,Very High
20974,12 PENCILS SMALL TUBE SKULL,6976,4527.43,355,195,0.7523415977961433,12.753323943661973,19.65070422535211,4.498269896193772,Very High
20975,12 PENCILS SMALL TUBE RED RETROSPOT,6633,4383.27,362,231,0.7378688524590163,12.108480662983427,18.323204419889503,5.328719723183391,Very High
20977,36 PENCILS TUBE WOODLAND,1739,2328.64,185,111,1.5118279569892472,12.587243243243243,9.4,2.5605536332179932,Very High
20978,36 PENCILS TUBE SKULLS,1795,2395.05,263,133,1.6181954887218044,9.106653992395438,6.82509505703422,3.068050749711649,Very High
20979,36 PENCILS TUBE RED RETROSPOT,3734,4723.7300000000005,325,164,1.5887384615384617,14.534553846153848,11.489230769230769,3.7831603229527104,Very High
20980,36 PENCILS TUBE POSY,79,76.91,20,10,1.061,3.8455,3.95,0.2306805074971165,Low
20981,12 PENCILS TALL TUBE WOODLAND,1974,1740.57,249,157,0.96316,6.990240963855421,7.927710843373494,3.621683967704729,High
20982,12 PENCILS TALL TUBE SKULLS,2151,1880.6699999999998,256,158,0.957104247104247,7.346367187499999,8.40234375,3.6447520184544406,High
20983,12 PENCILS TALL TUBE RED RETROSPOT,2737,2374.81,268,185,0.9340072202166064,8.861231343283581,10.212686567164178,4.2675893886966545,Very High
20984,12 PENCILS TALL TUBE POSY,3785,1166.07,170,135,0.38602272727272724,6.859235294117647,22.264705882352942,3.1141868512110724,High
20985,HEART CALCULATOR,1179,1540.59,131,65,1.6459558823529412,11.760229007633587,9.0,1.4994232987312572,High
20986,BLUE CALCULATOR RULER,654,829.74,113,40,1.5937068965517243,7.34283185840708,5.787610619469026,0.922722029988466,High
20992,JAZZ HEARTS PURSE NOTEBOOK,4425,1944.6299999999999,277,162,0.5452577319587628,7.020324909747292,15.974729241877256,3.7370242214532867,High
20996,JAZZ HEARTS ADDRESS BOOK,3191,726.89,225,124,0.3208407079646018,3.2306222222222223,14.182222222222222,2.8604382929642442,High
20997,ROSE DU SUD CUSHION COVER ,59,257.61,34,4,4.274705882352941,7.576764705882353,1.7352941176470589,0.0922722029988466,Medium
20998,ROSE DU SUD OVEN GLOVE,185,505.20000000000005,69,27,2.66231884057971,7.321739130434783,2.681159420289855,0.6228373702422145,Medium
21000,ROSE DU SUD COSMETICS BAG,96,360.84,52,16,3.6173076923076923,6.939230769230769,1.8461538461538463,0.3690888119953864,Medium
21001,ROSE DU SUD WASHBAG ,73,348.19,50,12,4.6192,6.9638,1.46,0.27681660899653976,Medium
21002,ROSE DU SUD DRAWSTRING BAG,125,428.65999999999997,66,5,3.3995454545454544,6.494848484848484,1.893939393939394,0.11534025374855825,Medium
21003,ROSE DU SUD CUSHION COVER,78,460.58,46,6,5.887391304347826,10.012608695652174,1.6956521739130435,0.13840830449826988,Medium
21009,ETCHED GLASS STAR TREE DECORATION,1,1.25,1,0,1.25,1.25,1.0,0.0,Low
21011,GLITTER SNOW PEAR TREE DECORATION,20,28.999999999999996,3,2,1.45,9.666666666666666,6.666666666666667,0.0461361014994233,Low
21012,ANTIQUE ALL GLASS CANDLESTICK,1169,2614.05,199,66,2.3111940298507463,13.135929648241207,5.874371859296482,1.5224913494809689,Very High
21014,SWISS CHALET TREE DECORATION ,1385,598.8199999999999,119,64,0.6728455284552844,5.032100840336134,11.638655462184873,1.4763552479815456,Medium
21015,DARK BIRD HOUSE TREE DECORATION,1483,589.55,142,59,0.6625174825174824,4.151760563380281,10.443661971830986,1.3610149942329872,Medium
21018,BIRD BOX CHRISTMAS TREE DECORATION,24,22.06,6,4,1.087142857142857,3.6766666666666663,4.0,0.0922722029988466,Low
21025,SPACE FROG,174,233.52,56,14,1.5507142857142857,4.17,3.107142857142857,0.32295271049596314,Medium
21026,SPACE OWL,255,315.75,68,20,1.5561764705882353,4.643382352941177,3.75,0.461361014994233,Medium
21027,NINJA RABBIT PINK,167,187.79,42,16,1.1130232558139534,4.471190476190476,3.9761904761904763,0.3690888119953864,Medium
21028,NINJA RABBIT BLACK,187,239.24,58,15,1.5422413793103449,4.124827586206897,3.2241379310344827,0.34602076124567477,Medium
21030,SPACE CADET RED,131,159.7,33,19,1.1894117647058824,4.839393939393939,3.9696969696969697,0.4382929642445213,Medium
21031,SPACE CADET BLACK,52,64.24,19,9,1.2942105263157895,3.3810526315789473,2.736842105263158,0.20761245674740486,Low
21032,SPACE CADET WHITE,97,117.78,30,13,1.3816666666666668,3.926,3.2333333333333334,0.29988465974625145,Low
21033,JUMBO BAG CHARLIE AND LOLA TOYS,1932,4851.73,300,75,3.2029,16.17243333333333,6.44,1.7301038062283738,Very High
21034,REX CASH+CARRY JUMBO SHOPPER,1878,1784.1,871,480,0.95,2.0483352468427096,2.156142365097589,11.072664359861593,High
21035,SET/2 RED RETROSPOT TEA TOWELS ,2599,8536.85,394,151,4.550554156171285,21.667131979695434,6.596446700507614,3.4832756632064585,Very High
21038,SET/4 MODERN VINTAGE COTTON NAPKINS,77,86.75,23,20,1.1656521739130437,3.7717391304347827,3.347826086956522,0.461361014994233,Low
21039,RED RETROSPOT SHOPPING BAG,523,1353.69,90,57,3.0876666666666663,15.041,5.811111111111111,1.314878892733564,High
21040,MODERN VINTAGE COTTON SHOPPING BAG,22,29.7,8,8,1.67,3.7125,2.75,0.1845444059976932,Low
21041,RED RETROSPOT OVEN GLOVE DOUBLE,914,3888.98,255,100,4.408677042801556,15.250901960784313,3.5843137254901962,2.306805074971165,Very High
21042,RED RETROSPOT APRON ,334,2199.52,131,71,7.234477611940299,16.790229007633588,2.549618320610687,1.637831603229527,High
21043,APRON MODERN VINTAGE COTTON,492,1139.86,90,52,2.9795555555555553,12.66511111111111,5.466666666666667,1.1995386389850058,High
21051,RIBBONS PURSE ,192,377.2,51,23,2.0466666666666664,7.3960784313725485,3.764705882352941,0.530565167243368,Medium
21054,NURSE'S BAG SOFT TOY,70,634.53,29,24,9.226896551724137,21.880344827586207,2.413793103448276,0.5536332179930795,Medium
21055,TOOL BOX SOFT TOY ,178,1764.6399999999999,105,63,10.455428571428572,16.80609523809524,1.6952380952380952,1.453287197231834,High
21056,DOCTOR'S BAG SOFT TOY,184,1765.3999999999999,72,46,10.123333333333333,24.519444444444442,2.5555555555555554,1.061130334486736,High
21058,PARTY INVITES WOODLAND,1154,965.66,122,68,0.9721774193548387,7.915245901639344,9.459016393442623,1.5686274509803921,High
21059,PARTY INVITES DINOSAURS,611,528.23,94,67,0.9231914893617021,5.619468085106383,6.5,1.5455594002306805,Medium
21060,PARTY INVITES BALLOON GIRL,405,359.28999999999996,71,47,0.946619718309859,5.060422535211267,5.704225352112676,1.0841983852364476,Medium
21061,PARTY INVITES FOOTBALL,488,451.7,83,49,1.0548192771084337,5.442168674698795,5.879518072289157,1.130334486735871,Medium
21062,PARTY INVITES SPACEMAN,538,457.38,74,55,0.8575675675675676,6.180810810810811,7.27027027027027,1.2687427912341407,Medium
21063,PARTY INVITES JAZZ HEARTS,528,458.31,102,64,0.9322549019607843,4.493235294117647,5.176470588235294,1.4763552479815456,Medium
21064,BOOM BOX SPEAKER BOYS,296,1281.2,101,40,4.858349514563107,12.685148514851486,2.9306930693069306,0.922722029988466,High
21065,BOOM BOX SPEAKER GIRLS,562,1160.58,90,31,4.37054347826087,12.895333333333333,6.2444444444444445,0.7151095732410611,High
21066,VINTAGE RED MUG,702,693.47,54,32,1.533148148148148,12.842037037037038,13.0,0.7381776239907728,High
21067,VINTAGE RED TEATIME MUG,317,504.15,76,30,1.7896103896103894,6.633552631578947,4.171052631578948,0.6920415224913495,Medium
21068,VINTAGE BILLBOARD LOVE/HATE MUG,1638,1890.33,198,81,1.669396984924623,9.547121212121212,8.272727272727273,1.8685121107266434,High
21069,VINTAGE BILLBOARD TEA MUG,1949,2250.52,86,35,1.7434883720930232,26.168837209302325,22.662790697674417,0.8073817762399077,Very High
21070,VINTAGE BILLBOARD MUG ,1106,1184.98,107,51,1.6324074074074075,11.074579439252336,10.336448598130842,1.1764705882352942,High
21071,VINTAGE BILLBOARD DRINK ME MUG,991,1380.28,177,72,1.71072625698324,7.79819209039548,5.598870056497175,1.6608996539792389,High
21078,SET/20 STRAWBERRY PAPER NAPKINS ,2769,2531.04,313,148,1.2559047619047619,8.086389776357827,8.84664536741214,3.4140715109573243,Very High
21080,SET/20 RED RETROSPOT PAPER NAPKINS ,13202,11312.56,986,427,1.0935721393034825,11.4731845841785,13.389452332657202,9.850057670126874,Very High
21082,SET/20 FRUIT SALAD PAPER NAPKINS ,88,143.44,25,0,1.63,5.7376,3.52,0.0,Medium
21084,SET/6 COLLAGE PAPER CUPS,2610,773.14,181,90,0.5010869565217392,4.271491712707182,14.41988950276243,2.0761245674740483,High
21086,SET/6 RED SPOTTY PAPER CUPS,7121,4851.5,428,167,0.9603908045977011,11.335280373831775,16.63785046728972,3.8523644752018456,Very High
21087,SET/6 POSIES PAPER CUPS,141,74.57000000000001,16,10,0.6025,4.6606250000000005,8.8125,0.2306805074971165,Low
21088,SET/6 FRUIT SALAD PAPER CUPS,1678,428.28000000000003,103,67,0.41398058252427183,4.1580582524271845,16.29126213592233,1.5455594002306805,Medium
21089,SET/6 GREEN SPRING PAPER CUPS,233,48.989999999999995,25,23,0.2844,1.9595999999999998,9.32,0.530565167243368,Low
21090,SET/6 COLLAGE PAPER PLATES,2413,1274.19,217,98,0.638211009174312,5.871843317972351,11.119815668202765,2.260668973471742,High
21094,SET/6 RED SPOTTY PAPER PLATES,8758,6933.259999999999,527,179,0.9860338345864661,13.156091081593926,16.618595825426944,4.129181084198385,Very High
21095,SET/6 POSIES PAPER PLATES,125,118.72999999999999,14,9,0.9614285714285714,8.480714285714285,8.928571428571429,0.20761245674740486,Low
21096,SET/6 FRUIT SALAD  PAPER PLATES,1259,581.09,105,63,0.5745714285714285,5.534190476190476,11.99047619047619,1.453287197231834,Medium
21098,CHRISTMAS TOILET ROLL,3719,5078.76,248,115,1.6951538461538462,20.478870967741937,14.995967741935484,2.6528258362168398,Very High
21100,CHARLIE AND LOLA CHARLOTTE BAG,65,162.20999999999998,27,7,3.4099999999999997,6.007777777777777,2.4074074074074074,0.16147635524798157,Medium
21106,CREAM SLICE FLANNEL CHOCOLATE SPOT ,237,702.5100000000001,53,30,3.8114814814814815,13.25490566037736,4.471698113207547,0.6920415224913495,High
21107,CREAM SLICE FLANNEL PINK SPOT ,901,2492.71,97,48,3.8324489795918364,25.6980412371134,9.288659793814434,1.107266435986159,Very High
21108,FAIRY CAKE FLANNEL ASSORTED COLOUR,10241,18056.280000000002,262,160,2.3184790874524714,68.91709923664123,39.087786259541986,3.690888119953864,Very High
21109,"LARGE CAKE TOWEL, CHOCOLATE SPOTS",936,2763.2,112,54,5.704310344827586,24.67142857142857,8.357142857142858,1.245674740484429,Very High
21110,LARGE CAKE TOWEL PINK SPOTS,1105,3815.7,134,62,6.258814814814814,28.475373134328358,8.246268656716419,1.4302191464821221,Very High
21111,"SWISS ROLL TOWEL, CHOCOLATE  SPOTS",900,1651.02,94,46,2.9389473684210525,17.564042553191488,9.574468085106384,1.061130334486736,High
21112,"SWISS ROLL TOWEL, PINK  SPOTS",1359,2885.13,82,37,3.0414634146341464,35.184512195121954,16.573170731707318,0.8535178777393311,Very High
21114,LAVENDER SCENTED FABRIC HEART,1341,1778.08,138,105,1.9399280575539566,12.88463768115942,9.717391304347826,2.422145328719723,High
21115,ROSE CARAVAN DOORSTOP,562,3162.24,162,104,7.511472392638037,19.52,3.4691358024691357,2.3990772779700116,Very High
21116,OWL DOORSTOP,695,4051.79,251,81,6.7411111111111115,16.142589641434263,2.768924302788845,1.8685121107266434,Very High
21117,BLOND DOLL DOORSTOP,109,141.75,14,11,1.6428571428571428,10.125,7.785714285714286,0.2537485582468281,Medium
21120,*Boombox Ipod Classic,1,16.98,1,0,16.98,16.98,1.0,0.0,Low
21121,SET/10 RED POLKADOT PARTY CANDLES,6606,7998.85,379,238,1.3711488250652741,21.10514511873351,17.430079155672825,5.490196078431373,Very High
21122,SET/10 PINK POLKADOT PARTY CANDLES,5325,6488.54,344,214,1.373,18.86203488372093,15.479651162790697,4.9365628604382925,Very High
21123,SET/10 IVORY POLKADOT PARTY CANDLES,1143,1380.84,154,66,1.185923566878981,8.966493506493507,7.422077922077922,1.5224913494809689,High
21124,SET/10 BLUE POLKADOT PARTY CANDLES,4011,4863.05,240,180,1.2982644628099174,20.262708333333332,16.7125,4.1522491349480966,Very High
21125,SET 6 FOOTBALL CELEBRATION CANDLES,657,830.98,103,59,1.3202884615384616,8.067766990291263,6.378640776699029,1.3610149942329872,High
21126,SET OF 6 GIRLS CELEBRATION CANDLES,592,748.95,126,57,1.3354330708661417,5.94404761904762,4.698412698412699,1.314878892733564,High
21128,GOLD FISHING GNOME,68,546.6,36,12,10.019166666666667,15.183333333333334,1.8888888888888888,0.27681660899653976,Medium
21129,SILVER FISHING GNOME ,52,419.52000000000004,27,13,9.361851851851853,15.537777777777778,1.9259259259259258,0.29988465974625145,Medium
21131,GOLD STANDING GNOME,106,398.02,28,11,5.6049999999999995,14.215,3.7857142857142856,0.2537485582468281,Medium
21132,SILVER STANDING GNOME   ,44,217.35999999999999,22,13,5.079090909090909,9.879999999999999,2.0,0.29988465974625145,Medium
21135,VICTORIAN  METAL POSTCARD SPRING,2869,3206.0,177,122,1.8941208791208792,18.112994350282484,16.2090395480226,2.8143021914648214,Very High
21136,PAINTED METAL PEARS ASSORTED,4687,7793.139999999999,370,259,1.8063031914893617,21.06254054054054,12.667567567567568,5.974625144175317,Very High
21137,BLACK RECORD COVER FRAME,11651,40633.38,375,140,4.215585106382979,108.35567999999999,31.069333333333333,3.229527104959631,Very High
21143,ANTIQUE GLASS HEART DECORATION ,327,707.23,36,26,2.474736842105263,19.64527777777778,9.083333333333334,0.5997693194925029,High
21144,PINK POODLE HANGING DECORATION ,5,16.8,2,0,3.36,8.4,2.5,0.0,Low
21145,ANTIQUE GLASS PLACE SETTING,122,152.5,8,8,1.25,19.0625,15.25,0.1845444059976932,Medium
21147,JINGLE BELLS TREE DECORATION,203,415.77,76,11,2.046493506493506,5.470657894736842,2.6710526315789473,0.2537485582468281,Medium
21154,RED RETROSPOT OVEN GLOVE ,4034,6320.51,451,175,1.946069868995633,14.014434589800445,8.944567627494457,4.036908881199539,Very High
21155,RED RETROSPOT PEG BAG,3155,9296.3,485,205,3.131690427698574,19.16762886597938,6.505154639175258,4.728950403690888,Very High
21156,RETROSPOT CHILDRENS APRON,3170,6091.099999999999,358,202,2.3748888888888886,17.014245810055865,8.854748603351956,4.659746251441753,Very High
21157,RED RETROSPOT WASHBAG,78,225.5,34,12,3.3058823529411767,6.632352941176471,2.2941176470588234,0.27681660899653976,Medium
21158,MOODY GIRL DOOR HANGER ,1469,781.87,170,103,0.9722285714285716,4.599235294117647,8.641176470588235,2.3760092272203,High
21159,MOODY BOY  DOOR HANGER ,1126,601.79,124,73,1.0303225806451612,4.853145161290322,9.080645161290322,1.6839677047289503,Medium
21160,KEEP OUT GIRLS DOOR HANGER ,1,3.36,1,0,3.36,3.36,1.0,0.0,Low
21161,KEEP OUT BOYS DOOR HANGER ,143,229.92,43,25,1.7833333333333334,5.346976744186046,3.3255813953488373,0.5767012687427913,Medium
21162,TOXIC AREA  DOOR HANGER ,1462,792.9799999999999,162,98,0.9853658536585366,4.894938271604937,9.024691358024691,2.260668973471742,High
21163,DO NOT TOUCH MY STUFF DOOR HANGER ,1196,680.55,127,86,1.0219847328244274,5.358661417322835,9.417322834645669,1.983852364475202,High
21164,HOME SWEET HOME METAL SIGN ,1766,5155.9800000000005,282,166,3.292605633802817,18.283617021276598,6.26241134751773,3.829296424452134,Very High
21165,BEWARE OF THE CAT METAL SIGN ,4154,6935.7,449,178,2.156901098901099,15.446993318485523,9.251670378619155,4.106113033448674,Very High
21166,COOK WITH WINE METAL SIGN ,10324,20874.440000000002,723,287,2.3886126373626375,28.87197786998617,14.279391424619641,6.620530565167243,Very High
21167,WHITE SAGE INCENSE,1432,337.14,67,20,0.34253731343283583,5.031940298507463,21.37313432835821,0.461361014994233,Medium
21169,YOU'RE CONFUSING ME METAL SIGN ,4413,7301.77,450,191,2.245964912280702,16.226155555555557,9.806666666666667,4.405997693194925,Very High
21171,BATHROOM METAL SIGN ,438,613.14,73,43,1.7678082191780824,8.399178082191781,6.0,0.991926182237601,Medium
21172,PARTY METAL SIGN ,3485,5338.63,467,236,2.0224472573839662,11.431755888650963,7.462526766595289,5.444059976931949,Very High
21174,POTTERING IN THE SHED METAL SIGN,4175,9405.76,538,225,2.6952573529411765,17.48282527881041,7.760223048327138,5.190311418685121,Very High
21175,GIN + TONIC DIET METAL SIGN,12207,27029.97,809,343,2.7694334975369457,33.41158220024722,15.088998763906057,7.912341407151096,Very High
21179,NO JUNK MAIL METAL SIGN,1940,1313.79,266,122,1.1986764705882353,4.93906015037594,7.293233082706767,2.8143021914648214,High
21181,PLEASE ONE PERSON METAL SIGN,12274,25225.480000000003,845,361,2.426067677946324,29.852639053254443,14.52544378698225,8.327566320645905,Very High
21186,WHITE DOVE HONEYCOMB PAPER GARLAND,2,6.72,1,0,3.36,6.72,2.0,0.0,Low
21187,WHITE BELL HONEYCOMB PAPER GARLAND ,369,648.45,48,30,2.120408163265306,13.509375,7.6875,0.6920415224913495,Medium
21188,3D HEARTS  HONEYCOMB PAPER GARLAND,326,1021.9000000000001,50,27,3.834705882352941,20.438000000000002,6.52,0.6228373702422145,High
21189,WHITE HONEYCOMB PAPER GARLAND ,355,888.67,72,27,2.5816438356164384,12.342638888888889,4.930555555555555,0.6228373702422145,High
21190,PINK HEARTS PAPER GARLAND,168,245.20000000000002,7,6,1.5928571428571427,35.02857142857143,24.0,0.13840830449826988,Medium
21191,LARGE WHITE HONEYCOMB PAPER BELL  ,562,1451.82,95,38,3.066421052631579,15.282315789473683,5.91578947368421,0.8765859284890426,High
21192,WHITE BELL HONEYCOMB PAPER ,1092,1923.29,88,32,2.4459340659340656,21.85556818181818,12.409090909090908,0.7381776239907728,High
21194,PINK  HONEYCOMB PAPER FAN,498,555.97,65,37,1.6775757575757575,8.553384615384616,7.661538461538462,0.8535178777393311,Medium
21195,PINK  HONEYCOMB PAPER BALL ,693,1308.56,80,21,2.8253086419753086,16.357,8.6625,0.4844290657439446,High
21196,ROUND WHITE CONFETTI IN TUBE,108,189.68,13,9,2.0014285714285713,14.590769230769231,8.307692307692308,0.20761245674740486,Medium
21197,MULTICOLOUR  CONFETTI IN TUBE,284,382.96,27,13,1.6192592592592592,14.183703703703703,10.518518518518519,0.29988465974625145,Medium
21198,WHITE HEART CONFETTI IN TUBE,1028,1006.82,71,47,1.4450704225352111,14.180563380281692,14.47887323943662,1.0841983852364476,High
21199,PINK  HEART CONFETTI IN TUBE,966,888.33,78,45,1.5878481012658228,11.388846153846155,12.384615384615385,1.0380622837370241,High
21200,MULTICOLOUR HONEYCOMB PAPER GARLAND,1119,1531.14,75,33,1.9658666666666667,20.415200000000002,14.92,0.7612456747404844,High
21201,TROPICAL  HONEYCOMB PAPER GARLAND ,1240,2987.82,101,44,3.166153846153846,29.582376237623762,12.277227722772277,1.0149942329873125,Very High
21202,DOLLY HONEYCOMB GARLAND,474,485.46000000000004,25,20,1.7524000000000002,19.418400000000002,18.96,0.461361014994233,Medium
21204,DAISIES  HONEYCOMB GARLAND ,499,868.4399999999999,85,44,1.9561176470588233,10.216941176470588,5.870588235294117,1.0149942329873125,High
21205,MULTICOLOUR 3D BALLS GARLAND,253,677.1899999999999,68,43,2.811971830985915,9.958676470588234,3.7205882352941178,0.991926182237601,Medium
21206,STRAWBERRY HONEYCOMB  GARLAND ,1290,1610.92,109,55,1.9194594594594594,14.77908256880734,11.8348623853211,1.2687427912341407,High
21207,SKULL AND CROSSBONES  GARLAND ,1067,1684.85,132,74,1.6689473684210525,12.764015151515151,8.083333333333334,1.7070357554786622,High
21208,PASTEL COLOUR HONEYCOMB FAN,940,697.77,83,50,1.2677380952380952,8.406867469879518,11.325301204819278,1.1534025374855825,High
21209,MULTICOLOUR HONEYCOMB FAN,1224,886.24,89,48,1.396629213483146,9.957752808988765,13.752808988764045,1.107266435986159,High
21210,SET OF 72 RETROSPOT PAPER  DOILIES,5808,8368.39,453,244,1.7856512141280352,18.473267108167768,12.821192052980132,5.628604382929643,Very High
21211,SET OF 72 SKULL PAPER  DOILIES,883,1270.07,103,58,1.7360576923076922,12.330776699029126,8.572815533980583,1.3379469434832756,High
21212,PACK OF 72 RETROSPOT CAKE CASES,36396,21246.45,1320,635,0.7612056213017753,16.095795454545456,27.572727272727274,14.648212226066898,Very High
21213,PACK OF 72 SKULL CAKE CASES,15169,8414.59,663,295,0.797123695976155,12.691689291101056,22.879336349924586,6.805074971164937,Very High
21215,IVORY PAPER CUP CAKE CASES ,1087,744.35,124,51,0.9225396825396827,6.002822580645161,8.766129032258064,1.1764705882352942,High
21216,"SET 3 RETROSPOT TEA,COFFEE,SUGAR",2128,11382.81,430,150,7.409124423963133,26.471651162790696,4.948837209302326,3.4602076124567476,Very High
21217,RED RETROSPOT ROUND CAKE TINS,1088,11522.44,344,167,12.575697674418604,33.49546511627907,3.1627906976744184,3.8523644752018456,Very High
21218,RED SPOTTY BISCUIT TIN,2433,10116.49,394,130,5.90964824120603,25.676370558375634,6.175126903553299,2.9988465974625145,Very High
21219,SET/4 BADGES BALLOON GIRL,448,561.84,89,35,1.4985555555555556,6.312808988764045,5.033707865168539,0.8073817762399077,Medium
21220,SET/4 BADGES DOGS,338,445.01,89,34,1.5551685393258428,5.000112359550561,3.797752808988764,0.7843137254901961,Medium
21221,SET/4 BADGES CUTE CREATURES,261,340.22,54,24,1.3612962962962964,6.300370370370371,4.833333333333333,0.5536332179930795,Medium
21222,SET/4 BADGES BEETLES,265,348.19,73,26,1.5762162162162163,4.76972602739726,3.6301369863013697,0.5997693194925029,Medium
21224,SET/4 SKULL BADGES,914,1080.0,165,58,1.0932934131736527,6.545454545454546,5.539393939393939,1.3379469434832756,High
21226,POCKET MIRROR WOODLAND,93,80.55,20,4,0.914,4.0275,4.65,0.0922722029988466,Low
21228,"POCKET MIRROR ""GLAMOROUS""",5,6.25,2,2,1.25,3.125,2.5,0.0461361014994233,Low
21231,SWEETHEART CERAMIC TRINKET BOX,6054,7617.28,509,215,1.5708023483365947,14.965186640471511,11.893909626719058,4.959630911188005,Very High
21232,STRAWBERRY CERAMIC TRINKET BOX,11842,16248.800000000001,831,312,1.676267942583732,19.553309265944645,14.250300842358604,7.197231833910036,Very High
21238,RED RETROSPOT CUP,3969,3488.44,387,160,1.0694117647058823,9.01405684754522,10.255813953488373,3.690888119953864,Very High
21239,PINK  POLKADOT CUP,3016,2707.34,307,141,1.1209354838709678,8.818697068403909,9.824104234527688,3.2525951557093427,Very High
21240,BLUE POLKADOT CUP,3570,3110.2599999999998,325,149,1.113211009174312,9.570030769230769,10.984615384615385,3.4371395617070357,Very High
21242,RED RETROSPOT PLATE ,3373,5699.71,304,148,2.085625,18.74904605263158,11.095394736842104,3.4140715109573243,Very High
21243,PINK  POLKADOT PLATE ,2285,3827.16,210,103,2.128815165876777,18.224571428571426,10.880952380952381,2.3760092272203,Very High
21244,BLUE POLKADOT PLATE ,2282,3789.3199999999997,196,107,2.0589847715736043,19.33326530612245,11.642857142857142,2.4682814302191463,Very High
21245,GREEN POLKADOT PLATE ,1075,1787.1999999999998,128,72,2.006124031007752,13.962499999999999,8.3984375,1.6608996539792389,High
21246,RED RETROSPOT BIG BOWL,286,1336.78,96,33,4.550833333333333,13.924791666666666,2.9791666666666665,0.7612456747404844,High
21248,DOOR HANGER  MUM + DADS ROOM,205,330.71999999999997,66,45,1.8424242424242423,5.010909090909091,3.106060606060606,1.0380622837370241,Medium
21249,WOODLAND  HEIGHT CHART STICKERS ,724,2160.0,119,68,3.8703361344537814,18.15126050420168,6.084033613445378,1.5686274509803921,High
21250,SET OF SKULL WALL STICKERS,95,274.37,20,15,3.3560000000000003,13.7185,4.75,0.34602076124567477,Medium
21251,DINOSAUR HEIGHT CHART STICKER SET,182,568.98,46,32,3.5830434782608696,12.369130434782608,3.9565217391304346,0.7381776239907728,Medium
21253,SET OF PICTURE FRAME  STICKERS,134,590.4200000000001,62,14,5.0358064516129035,9.522903225806452,2.161290322580645,0.32295271049596314,Medium
21257,VICTORIAN SEWING BOX MEDIUM,688,6901.42,261,100,11.262595419847328,26.442222222222224,2.636015325670498,2.306805074971165,Very High
21258,VICTORIAN SEWING BOX LARGE,532,7674.799999999999,163,61,17.17723926380368,47.084662576687116,3.263803680981595,1.4071510957324107,Very High
21259,VICTORIAN SEWING BOX SMALL ,1179,7077.2,285,133,7.013789473684211,24.832280701754385,4.136842105263158,3.068050749711649,Very High
21260,FIRST AID TIN,1161,3722.23,166,104,3.5810119047619047,22.423072289156625,6.993975903614458,2.3990772779700116,Very High
21261,GREEN GOOSE FEATHER CHRISTMAS TREE ,187,672.09,45,24,5.107777777777778,14.935333333333334,4.155555555555556,0.5536332179930795,Medium
21262,WHITE GOOSE FEATHER CHRISTMAS TREE ,332,1233.21,78,43,4.546025641025642,15.810384615384615,4.256410256410256,0.991926182237601,High
21263,GREEN GOOSE FEATHER TREE 60CM,167,349.17,42,32,2.4969767441860466,8.313571428571429,3.9761904761904763,0.7381776239907728,Medium
21264,WHITE GOOSE FEATHER TREE 60CM ,283,571.65,48,37,2.3625000000000003,11.909374999999999,5.895833333333333,0.8535178777393311,Medium
21265,PINK GOOSE FEATHER TREE 60CM,131,267.21,19,15,2.568947368421053,14.063684210526315,6.894736842105263,0.34602076124567477,Medium
21268,VINTAGE BLUE TINSEL REEL,2,0.84,1,1,0.42,0.84,2.0,0.02306805074971165,Low
21269,ANTIQUE CREAM CUTLERY SHELF ,29,254.98000000000002,19,17,8.946315789473683,13.420000000000002,1.5263157894736843,0.39215686274509803,Medium
21270,ANTIQUE CREAM CUTLERY CUPBOARD,50,530.19,36,12,11.344722222222224,14.727500000000001,1.3888888888888888,0.27681660899653976,Medium
21272,SALLE DE BAIN HOOK,548,777.5699999999999,103,49,1.752952380952381,7.549223300970874,5.320388349514563,1.130334486735871,High
21275,ZINC TOP  2 DOOR WOODEN SHELF ,13,270.08,12,9,21.094166666666666,22.506666666666664,1.0833333333333333,0.20761245674740486,Medium
21277,FRENCH STYLE EMBOSSED HEART CABINET,26,571.43,22,19,22.25590909090909,25.974090909090908,1.1818181818181819,0.4382929642445213,Medium
21278,VINTAGE KITCHEN PRINT PUDDINGS,31,79.05,7,7,2.55,11.292857142857143,4.428571428571429,0.16147635524798157,Low
21279,VINTAGE KITCHEN PRINT FRUITS,85,266.15,29,12,3.9972413793103443,9.177586206896551,2.9310344827586206,0.27681660899653976,Medium
21280,VINTAGE KITCHEN PRINT VEGETABLES,65,165.75,12,12,2.55,13.8125,5.416666666666667,0.27681660899653976,Medium
21281,VINTAGE KITCHEN PRINT SEAFOOD,43,129.63,14,6,3.9771428571428564,9.259285714285713,3.0714285714285716,0.13840830449826988,Medium
21284,RETROSPOT CANDLE  SMALL,403,374.49,42,24,2.0392857142857146,8.916428571428572,9.595238095238095,0.5536332179930795,Medium
21285,RETROSPOT CANDLE  MEDIUM,365,413.88,43,26,2.175581395348837,9.625116279069767,8.488372093023257,0.5997693194925029,Medium
21286,RETROSPOT CANDLE  LARGE,273,362.12,30,17,2.675,12.070666666666666,9.1,0.39215686274509803,Medium
21287,SCENTED VELVET LOUNGE CANDLE ,1790,760.15,55,47,0.5452727272727272,13.82090909090909,32.54545454545455,1.0841983852364476,High
21288,STRIPEY CHOCOLATE NESTING BOXES,355,1061.41,110,33,3.314363636363636,9.64918181818182,3.227272727272727,0.7612456747404844,High
21289,LARGE STRIPES CHOCOLATE GIFT BAG,567,708.75,49,19,1.25,14.464285714285714,11.571428571428571,0.4382929642445213,High
21291,SMALL POLKADOT CHOCOLATE GIFT BAG ,943,819.64,52,32,1.0317307692307691,15.762307692307692,18.134615384615383,0.7381776239907728,High
21292,SMALL STRIPES CHOCOLATE GIFT BAG ,867,594.51,28,25,0.874642857142857,21.232499999999998,30.964285714285715,0.5767012687427913,Medium
21293,MIRRORED DOVE WALL DECORATION,116,276.72,24,14,2.6748000000000003,11.530000000000001,4.833333333333333,0.32295271049596314,Medium
21294,ETCHED GLASS COASTER,1618,825.49,71,46,0.8383561643835616,11.62661971830986,22.788732394366196,1.061130334486736,High
21306,SET/4 DAISY MIRROR MAGNETS,494,192.73999999999998,44,35,1.044318181818182,4.380454545454545,11.227272727272727,0.8073817762399077,Medium
21307,SET/4 BUTTERFLY MIRROR MAGNETS,79,39.199999999999996,13,11,1.2646153846153847,3.015384615384615,6.076923076923077,0.2537485582468281,Low
21310,CAPIZ CHANDELIER,1,29.95,1,1,29.95,29.95,1.0,0.02306805074971165,Low
21311,SET/4 BIRD MIRROR MAGNETS ,459,181.32999999999998,51,40,0.9040384615384615,3.555490196078431,9.0,0.922722029988466,Medium
21313,GLASS HEART T-LIGHT HOLDER ,3321,2893.77,214,96,1.149158878504673,13.522289719626167,15.518691588785046,2.214532871972318,Very High
21314,SMALL GLASS HEART TRINKET POT,4246,9798.980000000001,541,215,2.841531365313653,18.11271719038817,7.848428835489834,4.959630911188005,Very High
21316,SMALL CHUNKY GLASS ROMAN  BOWL,159,214.73000000000002,15,9,3.048666666666667,14.315333333333335,10.6,0.20761245674740486,Medium
21317,GLASS SPHERE CANDLE STAND MEDIUM,111,684.08,34,23,6.655142857142858,20.12,3.264705882352941,0.530565167243368,High
21318,GLASS CHALICE BLUE SMALL ,694,421.78,49,38,1.318,8.607755102040816,14.16326530612245,0.8765859284890426,Medium
21319,GLASS CHALICE GREEN  SMALL ,161,175.78,19,12,1.9857894736842103,9.25157894736842,8.473684210526315,0.27681660899653976,Medium
21320,GLASS CHALICE GREEN  LARGE ,197,364.22,19,10,2.941,19.169473684210526,10.368421052631579,0.2306805074971165,Medium
21324,HANGING MEDINA LANTERN SMALL,81,259.67,28,20,3.4785714285714286,9.273928571428572,2.892857142857143,0.461361014994233,Medium
21326,AGED GLASS SILVER T-LIGHT HOLDER,10535,6859.27,340,168,0.8200289017341041,20.174323529411765,30.985294117647058,3.875432525951557,Very High
21327,SKULLS WRITING SET ,864,1484.1299999999999,252,99,1.9820703124999999,5.889404761904761,3.4285714285714284,2.283737024221453,High
21328,BALLOONS  WRITING SET ,1337,2410.43,346,135,2.2488218390804597,6.966560693641618,3.8641618497109826,3.1141868512110724,Very High
21329,DINOSAURS  WRITING SET ,941,1723.69,287,120,2.1594791666666664,6.00588850174216,3.278745644599303,2.768166089965398,High
21331,MOROCCAN BEATEN METAL DISH LARGE,12,165.74,8,7,14.3425,20.7175,1.5,0.16147635524798157,Medium
21332,MOROCCAN BEATEN METAL MIRROR,19,268.1,13,8,16.092307692307692,20.623076923076926,1.4615384615384615,0.1845444059976932,Medium
21333,CLASSIC WHITE FRAME,56,168.16000000000003,16,15,3.1350000000000002,10.510000000000002,3.5,0.34602076124567477,Medium
21336,GOLD WASHBAG,27,54.57,10,3,2.026,5.457,2.7,0.06920415224913494,Low
21340,CLASSIC METAL BIRDCAGE PLANT HOLDER,975,11300.02,290,179,13.383676975945017,38.96558620689655,3.3620689655172415,4.129181084198385,Very High
21344,MOROCCAN BEATEN METAL DISH,15,160.09,6,5,11.756666666666666,26.68166666666667,2.5,0.11534025374855825,Medium
21348,PINK SPOTS CHOCOLATE NESTING BOXES ,140,361.56000000000006,6,5,3.31,60.26000000000001,23.333333333333332,0.11534025374855825,Medium
21349,IVY HEART WREATH,18,155.6,11,7,8.610000000000001,14.145454545454545,1.6363636363636365,0.16147635524798157,Medium
21351,CINAMMON & ORANGE WREATH,104,672.88,34,27,6.652222222222222,19.790588235294116,3.0588235294117645,0.6228373702422145,Medium
21352,EUCALYPTUS & PINECONE  WREATH,378,1511.2600000000002,77,35,5.135454545454546,19.62675324675325,4.909090909090909,0.8073817762399077,High
21354,TOAST ITS - BEST MUM,799,1007.71,95,55,1.5822105263157895,10.607473684210527,8.410526315789474,1.2687427912341407,High
21355,TOAST ITS - I LOVE YOU ,789,992.58,120,95,1.3647967479674796,8.2715,6.575,2.1914648212226067,High
21356,TOAST ITS - FAIRY FLOWER,642,703.3,151,37,1.219078947368421,4.6576158940397345,4.251655629139073,0.8535178777393311,High
21357,TOAST ITS - DINOSAUR,19,23.75,10,9,1.25,2.375,1.9,0.20761245674740486,Low
21358,TOAST ITS - HAPPY BIRTHDAY,411,493.29,108,54,1.1811111111111112,4.5675,3.8055555555555554,1.245674740484429,Medium
21359,RELAX LARGE WOOD LETTERS,129,844.28,29,22,10.630344827586207,29.11310344827586,4.448275862068965,0.5074971164936563,High
21360,JOY LARGE WOOD LETTERS,39,236.17,16,14,9.0825,14.760625,2.4375,0.32295271049596314,Medium
21361,LOVE LARGE WOOD LETTERS ,106,1505.96,69,42,15.432028985507246,21.825507246376812,1.536231884057971,0.9688581314878892,High
21363,HOME SMALL WOOD LETTERS,243,1403.94,125,67,6.5088372093023255,11.23152,1.944,1.5455594002306805,High
21364,PEACE SMALL WOOD LETTERS,30,222.96,24,19,7.3183333333333325,9.290000000000001,1.25,0.4382929642445213,Medium
21365,MIRRORED WALL ART STARS,363,447.09000000000003,52,35,1.972962962962963,8.597884615384617,6.980769230769231,0.8073817762399077,Medium
21366,MIRRORED WALL ART PHOTO FRAMES,89,470.16999999999996,46,9,5.890851063829787,10.221086956521738,1.934782608695652,0.20761245674740486,Medium
21367,MIRRORED WALL ART GENTS,171,199.48999999999998,43,29,2.19953488372093,4.6393023255813945,3.9767441860465116,0.6689734717416378,Medium
21368,MIRRORED WALL ART LADIES,163,143.28,33,25,1.2448484848484849,4.341818181818182,4.9393939393939394,0.5767012687427913,Medium
21369,MIRRORED WALL ART SPLODGES,101,161.49,16,12,2.515,10.093125,6.3125,0.27681660899653976,Medium
21370,MIRRORED WALL ART FOXY,16,100.66000000000001,9,7,5.775555555555556,11.184444444444445,1.7777777777777777,0.16147635524798157,Low
21371,MIRRORED WALL ART POPPIES,287,319.71,38,27,1.6355263157894737,8.413421052631579,7.552631578947368,0.6228373702422145,Medium
21372,MIRRORED WALL ART TABLE LAMP,75,107.75,33,18,1.9772727272727273,3.265151515151515,2.272727272727273,0.4152249134948097,Low
21373,MIRRORED WALL ART SNOWFLAKES,512,389.04,47,41,0.8572340425531915,8.27744680851064,10.893617021276595,0.9457900807381776,Medium
21374,MIRRORED WALL ART SKULLS,304,463.79,46,37,2.366739130434783,10.082391304347826,6.608695652173913,0.8535178777393311,Medium
21375,LARGE CAMPHOR WOOD FIELD MUSHROOM ,41,312.77,27,9,8.400357142857143,11.584074074074074,1.5185185185185186,0.20761245674740486,Medium
21376,LARGE  TALL CAMPHOR WOOD TOADSTOOL ,33,192.81,17,13,6.459411764705883,11.341764705882353,1.9411764705882353,0.29988465974625145,Medium
21377,SMALL CAMPHOR WOOD FIELD  MUSHROOM,121,215.68,41,18,2.4429268292682926,5.260487804878049,2.951219512195122,0.4152249134948097,Medium
21378,SMALL TALL CAMPHOR WOOD TOADSTOOL,142,217.89000000000001,34,21,2.119705882352941,6.4085294117647065,4.176470588235294,0.4844290657439446,Medium
21379,CAMPHOR WOOD PORTOBELLO MUSHROOM,178,246.82999999999998,50,22,1.8538,4.936599999999999,3.56,0.5074971164936563,Medium
21380,WOODEN HAPPY BIRTHDAY GARLAND,2165,6307.51,290,138,3.49,21.750034482758622,7.4655172413793105,3.183391003460208,Very High
21381,MINI WOODEN HAPPY BIRTHDAY GARLAND,1811,3131.2400000000002,224,88,2.377920353982301,13.978750000000002,8.084821428571429,2.029988465974625,Very High
21382,SET/4 SPRING FLOWER DECORATION,1143,1376.53,128,64,2.0197674418604654,10.754140625,8.9296875,1.4763552479815456,High
21383,PACK OF 12 STICKY BUNNIES,991,751.28,167,75,1.0253254437869823,4.498682634730539,5.934131736526946,1.7301038062283738,High
21385,IVORY HANGING DECORATION  HEART,3883,3442.45,317,153,1.1086196319018404,10.859463722397475,12.249211356466876,3.5294117647058822,Very High
21386,IVORY HANGING DECORATION  EGG,709,285.64,51,42,0.5614545454545454,5.60078431372549,13.901960784313726,0.9688581314878892,Medium
21389,IVORY HANGING DECORATION  BIRD,1113,964.2299999999999,128,81,0.9474626865671641,7.533046874999999,8.6953125,1.8685121107266434,High
21390,FILIGRIS HEART WITH BUTTERFLY,3903,4848.13,212,120,1.4722374429223746,22.868537735849056,18.410377358490567,2.768166089965398,Very High
21391,FRENCH LAVENDER SCENT HEART,1069,1055.59,106,69,1.510462962962963,9.958396226415093,10.084905660377359,1.591695501730104,High
21392,RED POLKADOT PUDDING BOWL,34,46.39,7,5,1.7125000000000001,6.627142857142857,4.857142857142857,0.11534025374855825,Low
21393,BLUE POLKADOT PUDDING BOWL,29,38.67,7,7,1.45875,5.524285714285715,4.142857142857143,0.16147635524798157,Low
21394,RED POLKADOT BEAKER ,3865,1603.77,131,88,0.6057251908396946,12.242519083969466,29.50381679389313,2.029988465974625,High
21395,BLUE POLKADOT BEAKER ,2838,1139.06,90,63,0.5415555555555556,12.656222222222222,31.533333333333335,1.453287197231834,High
21397,BLUE POLKADOT EGG CUP ,1075,550.43,65,43,1.0604615384615383,8.468153846153845,16.53846153846154,0.991926182237601,Medium
21398,RED POLKADOT COFFEE  MUG,1532,729.5999999999999,63,43,1.2461904761904763,11.580952380952379,24.317460317460316,0.991926182237601,High
21399,BLUE POLKADOT COFFEE MUG,2054,869.6099999999999,71,50,0.7973239436619718,12.248028169014082,28.929577464788732,1.1534025374855825,High
21400,RED PUDDING SPOON,881,128.63,72,42,0.25069444444444444,1.7865277777777777,12.23611111111111,0.9688581314878892,Low
21401,BLUE PUDDING SPOON,1052,151.19,82,48,0.24349397590361446,1.843780487804878,12.829268292682928,1.107266435986159,Medium
21402,RED  EGG  SPOON,1369,185.51999999999998,92,54,0.25717391304347825,2.0165217391304346,14.880434782608695,1.245674740484429,Medium
21403,BLUE EGG  SPOON,1857,322.18,106,58,0.25075471698113205,3.039433962264151,17.5188679245283,1.3379469434832756,Medium
21407,BROWN CHECK CAT DOORSTOP ,290,1421.11,138,79,5.448623188405797,10.297898550724637,2.101449275362319,1.8223760092272203,High
21408,SPOTTY PINK DUCK DOORSTOP,285,1282.81,117,50,5.934786324786325,10.964188034188034,2.4358974358974357,1.1534025374855825,High
21410,COUNTRY COTTAGE  DOORSTOP GREEN,1,8.47,1,0,8.47,8.47,1.0,0.0,Low
21411,GINGHAM HEART  DOORSTOP RED,785,2961.83,241,147,4.917489711934157,12.289751037344399,3.2572614107883817,3.3910034602076125,Very High
21413,PERIWINKLE T-LIGHT HOLDER,48,75.02,17,8,1.7658823529411765,4.412941176470588,2.823529411764706,0.1845444059976932,Low
21414,SCALLOP SHELL SOAP DISH,1,2.1,1,1,2.1,2.1,1.0,0.02306805074971165,Low
21415,CLAM SHELL SMALL ,219,446.02000000000004,46,25,2.722391304347826,9.69608695652174,4.760869565217392,0.5767012687427913,Medium
21416,CLAM SHELL LARGE,5,18.75,4,4,3.75,4.6875,1.25,0.0922722029988466,Low
21417,COCKLE SHELL DISH,340,629.8,68,24,2.994264705882353,9.261764705882353,5.0,0.5536332179930795,Medium
21418,STARFISH SOAP DISH,74,189.75,25,11,3.488076923076923,7.59,2.96,0.2537485582468281,Medium
21420,OYSTER TRINKET BOX,53,120.41,19,12,3.8560000000000003,6.3373684210526315,2.789473684210526,0.27681660899653976,Low
21421,PORCELAIN ROSE LARGE ,299,348.43,14,11,1.3821428571428573,24.887857142857143,21.357142857142858,0.2537485582468281,Medium
21422,PORCELAIN ROSE SMALL,1607,1295.0,63,32,1.104285714285714,20.555555555555557,25.50793650793651,0.7381776239907728,High
21424,WOODLAND STORAGE BOX LARGE ,346,1401.02,70,19,5.450571428571429,20.01457142857143,4.942857142857143,0.4382929642445213,High
21425,SKULLS STORAGE BOX LARGE,87,320.49,30,12,4.644,10.683,2.9,0.27681660899653976,Medium
21426,WOODLAND STORAGE BOX SMALL,256,624.58,46,15,3.8434042553191494,13.577826086956522,5.565217391304348,0.34602076124567477,Medium
21427,SKULLS STORAGE BOX SMALL,96,256.44,41,21,3.225853658536585,6.254634146341464,2.341463414634146,0.4844290657439446,Medium
21428,SET3 BOOK BOX GREEN GINGHAM FLOWER ,1207,5163.63,262,117,5.438282442748092,19.70851145038168,4.606870229007634,2.698961937716263,Very High
21429,RED GINGHAM ROSE JEWELLERY BOX,1740,3391.15,286,147,2.321786941580756,11.857167832167832,6.083916083916084,3.3910034602076125,Very High
21430,SET/3 RED GINGHAM ROSE STORAGE BOX,3034,11905.95,477,186,4.931106471816284,24.960062893081762,6.360587002096436,4.290657439446367,Very High
21439,BASKET OF TOADSTOOLS,1430,1767.15,130,51,1.5737404580152672,13.59346153846154,11.0,1.1764705882352942,High
21441,BLUE BIRDHOUSE DECORATION,421,292.03,62,34,1.0741935483870966,4.7101612903225805,6.790322580645161,0.7843137254901961,Medium
21442,GREEN BIRDHOUSE DECORATION,437,307.94,59,31,1.0454237288135593,5.219322033898305,7.406779661016949,0.7151095732410611,Medium
21445,12 PINK ROSE PEG PLACE SETTINGS,214,267.5,21,17,1.25,12.738095238095237,10.19047619047619,0.39215686274509803,Medium
21446,12 RED ROSE PEG PLACE SETTINGS,449,630.92,105,47,1.5815315315315317,6.008761904761904,4.276190476190476,1.0841983852364476,Medium
21447,12 IVORY ROSE PEG PLACE SETTINGS,969,1478.1,148,56,1.7138926174496645,9.98716216216216,6.547297297297297,1.2918108419838525,High
21448,12 DAISY PEGS IN WOOD BOX,344,592.62,77,46,1.9166666666666667,7.696363636363636,4.467532467532467,1.061130334486736,Medium
21452,TOADSTOOL MONEY BOX,817,2549.11,184,109,3.657795698924731,13.853858695652175,4.440217391304348,2.51441753171857,Very High
21454,PAINTED PINK RABBIT ,572,485.15999999999997,136,41,0.8598561151079136,3.56735294117647,4.205882352941177,0.9457900807381776,Medium
21455,PAINTED YELLOW WOODEN DAISY,612,516.79,117,32,0.8565833333333333,4.417008547008547,5.230769230769231,0.7381776239907728,Medium
21456,2 PICTURE BOOK EGGS EASTER CHICKS,171,222.22,25,17,1.492,8.8888,6.84,0.39215686274509803,Medium
21457,2 PICTURE BOOK EGGS EASTER DUCKS,124,165.89,25,15,1.6856,6.635599999999999,4.96,0.34602076124567477,Medium
21458,2 PICTURE BOOK EGGS EASTER BUNNY,182,256.54,36,18,1.8213888888888887,7.126111111111111,5.055555555555555,0.4152249134948097,Medium
21459,YELLOW EASTER EGG HUNT START POST,76,150.38,19,16,2.064736842105263,7.914736842105263,4.0,0.3690888119953864,Medium
21460,GREEN EASTER EGG HUNT START POST,28,56.779999999999994,11,9,2.148181818181818,5.161818181818181,2.5454545454545454,0.20761245674740486,Low
21461,BLUE EASTER EGG HUNT START POST,10,23.86,6,4,2.6766666666666663,3.9766666666666666,1.6666666666666667,0.0922722029988466,Low
21462,"NURSERY A,B,C PAINTED LETTERS",198,932.4,73,57,6.4089041095890416,12.772602739726027,2.712328767123288,1.314878892733564,High
21463,MIRRORED DISCO BALL ,649,3435.05,134,77,5.797388059701492,25.634701492537314,4.843283582089552,1.776239907727797,Very High
21464,DISCO BALL ROTATOR BATTERY OPERATED,249,1055.25,105,57,4.245238095238095,10.05,2.3714285714285714,1.314878892733564,High
21465,PINK FLOWER CROCHET FOOD COVER,237,897.8,79,55,3.934430379746835,11.364556962025317,3.0,1.2687427912341407,High
21466,RED FLOWER CROCHET FOOD COVER,304,1116.89,112,71,3.8950892857142856,9.972232142857143,2.7142857142857144,1.637831603229527,High
21467,CHERRY CROCHET FOOD COVER,264,1004.39,104,58,3.990096153846154,9.657596153846153,2.5384615384615383,1.3379469434832756,High
21468,BUTTERFLY CROCHET FOOD COVER,148,572.23,66,43,4.010606060606061,8.670151515151515,2.242424242424242,0.991926182237601,Medium
21469,POLKA DOT RAFFIA FOOD COVER,290,1085.32,89,57,3.8392134831460676,12.194606741573033,3.258426966292135,1.314878892733564,High
21470,FLOWER VINE RAFFIA FOOD COVER,381,1470.32,140,77,4.109357142857142,10.502285714285714,2.7214285714285715,1.776239907727797,High
21471,STRAWBERRY RAFFIA FOOD COVER,639,2220.59,163,77,3.6676073619631904,13.623251533742332,3.920245398773006,1.776239907727797,Very High
21472,LADYBIRD + BEE RAFFIA FOOD COVER,123,476.41,37,29,4.1597297297297295,12.875945945945947,3.324324324324324,0.6689734717416378,Medium
21473,SWEETHEART CREAM STEEL TABLE RECT,27,618.66,21,16,23.759999999999998,29.459999999999997,1.2857142857142858,0.3690888119953864,Medium
21476,STEEL SWEETHEART ROUND TABLE CREAM,41,699.63,24,14,18.561666666666664,29.15125,1.7083333333333333,0.32295271049596314,High
21479,WHITE SKULL HOT WATER BOTTLE ,3915,20582.2,499,252,4.986313725490196,41.246893787575154,7.845691382765531,5.813148788927336,Very High
21481,FAWN BLUE HOT WATER BOTTLE,3307,11443.87,490,253,4.10572,23.35483673469388,6.748979591836735,5.836216839677047,Very High
21484,CHICK GREY HOT WATER BOTTLE,1871,8495.42,402,205,5.187780487804877,21.132885572139305,4.654228855721393,4.728950403690888,Very High
21485,RETROSPOT HEART HOT WATER BOTTLE,3524,17663.98,623,371,5.63684375,28.35309791332263,5.656500802568218,8.558246828143021,Very High
21486,PINK HEART DOTS HOT WATER BOTTLE,36,147.88,11,4,4.042727272727273,13.443636363636363,3.272727272727273,0.0922722029988466,Medium
21488,RED WHITE SCARF  HOT WATER BOTTLE,69,566.1700000000001,16,2,7.61125,35.385625000000005,4.3125,0.0461361014994233,Medium
21491,SET OF THREE VINTAGE GIFT WRAPS,1,1.95,1,0,1.95,1.95,1.0,0.0,Low
21494,ROTATING LEAVES T-LIGHT HOLDER,1928,3571.33,313,79,2.6051265822784813,11.41,6.159744408945687,1.8223760092272203,Very High
21495,SKULLS AND CROSSBONES WRAP,5800,2356.0,165,102,0.41769696969696973,14.27878787878788,35.15151515151515,2.3529411764705883,Very High
21497,FANCY FONTS BIRTHDAY WRAP,8550,3409.0,230,177,0.4182608695652174,14.821739130434782,37.17391304347826,4.083044982698962,Very High
21498,RED RETROSPOT WRAP ,10526,4311.92,336,238,0.4180357142857143,12.833095238095238,31.327380952380953,5.490196078431373,Very High
21499,BLUE POLKADOT WRAP,6927,2809.34,217,175,0.41695852534562206,12.94626728110599,31.921658986175114,4.036908881199539,Very High
21500,PINK POLKADOT WRAP ,6350,2593.0,213,162,0.4169014084507042,12.173708920187794,29.812206572769952,3.7370242214532867,Very High
21503,TOYBOX  WRAP ,726,288.92,23,22,0.4165217391304348,12.561739130434784,31.565217391304348,0.5074971164936563,Medium
21504,SKULLS GREETING CARD,1891,778.89,115,74,0.4853043478260869,6.77295652173913,16.443478260869565,1.7070357554786622,High
21506,"FANCY FONT BIRTHDAY CARD, ",4922,2085.89,323,171,0.509969040247678,6.457863777089783,15.238390092879257,3.944636678200692,High
21507,"ELEPHANT, BIRTHDAY CARD, ",3320,1420.24,262,139,0.5306870229007633,5.420763358778626,12.67175572519084,3.2064590542099194,High
21508,VINTAGE KID DOLLY CARD ,2478,1041.94,213,108,0.5551643192488263,4.891737089201878,11.633802816901408,2.491349480968858,High
21509,COWBOYS AND INDIANS BIRTHDAY CARD ,3741,1572.28,274,142,0.5317883211678832,5.738248175182481,13.653284671532846,3.275663206459054,High
21518,BANK ACCOUNT  GREETING  CARD ,318,132.44,38,16,0.47526315789473683,3.4852631578947366,8.368421052631579,0.3690888119953864,Medium
21519,GIN & TONIC DIET GREETING CARD ,3299,1389.22,246,100,0.510609756097561,5.647235772357724,13.410569105691057,2.306805074971165,High
21520,BOOZE & WOMEN GREETING CARD ,504,214.19,58,29,0.5127586206896552,3.6929310344827586,8.689655172413794,0.6689734717416378,Medium
21523,DOORMAT FANCY FONT HOME SWEET HOME,3245,21593.74,502,203,9.514820717131473,43.01541832669323,6.464143426294821,4.682814302191464,Very High
21524,DOORMAT SPOTTY HOME SWEET HOME,1752,13572.06,480,251,9.204553014553015,28.275125,3.65,5.7900807381776245,Very High
21527,RED RETROSPOT TRADITIONAL TEAPOT ,477,3724.9900000000002,144,95,8.525724137931034,25.86798611111111,3.3125,2.1914648212226067,Very High
21528,DAIRY MAID TRADITIONAL TEAPOT ,215,1557.57,111,62,7.704774774774775,14.032162162162162,1.936936936936937,1.4302191464821221,High
21530,DAIRY MAID TOASTRACK,777,769.57,104,64,1.614952380952381,7.399711538461539,7.471153846153846,1.4763552479815456,High
21531,RED RETROSPOT SUGAR JAM BOWL,1516,3682.17,246,143,2.9028225806451613,14.968170731707318,6.162601626016261,3.298731257208766,Very High
21533,RETROSPOT LARGE MILK JUG,1351,6651.72,339,209,5.303294117647059,19.621592920353983,3.9852507374631267,4.821222606689735,Very High
21534,DAIRY MAID LARGE MILK JUG,370,1879.18,155,94,5.459615384615385,12.12374193548387,2.3870967741935485,2.1683967704728953,High
21535,RED RETROSPOT SMALL MILK JUG,2487,5986.01,343,204,2.7591618497109827,17.45192419825073,7.2507288629737605,4.705882352941177,Very High
21537,RED RETROSPOT PUDDING BOWL,332,1387.96,61,50,4.504426229508196,22.75344262295082,5.442622950819672,1.1534025374855825,High
21538,DAIRY MAID  PUDDING BOWL,5,18.75,2,2,3.75,9.375,2.5,0.0461361014994233,Low
21539,RED RETROSPOT BUTTER DISH,969,4743.900000000001,238,123,5.474541666666667,19.93235294117647,4.071428571428571,2.837370242214533,Very High
21544,SKULLS  WATER TRANSFER TATTOOS ,1972,1687.6799999999998,174,80,1.1164,9.699310344827586,11.333333333333334,1.845444059976932,High
21547,CERAMIC BIRDHOUSE CRESTED TIT SMALL,79,253.53000000000003,22,13,3.7117391304347827,11.52409090909091,3.590909090909091,0.29988465974625145,Medium
21555,CERAMIC STRAWBERRY TRINKET TRAY,137,350.47,69,11,2.590869565217391,5.079275362318841,1.9855072463768115,0.2537485582468281,Medium
21556,CERAMIC STRAWBERRY MONEY BOX,977,2515.52,114,38,3.316695652173913,22.065964912280702,8.570175438596491,0.8765859284890426,Very High
21557,SET OF 6 FUNKY BEAKERS,551,1843.6100000000001,162,26,4.164846625766871,11.38030864197531,3.4012345679012346,0.5997693194925029,High
21558,SKULL LUNCH BOX WITH CUTLERY ,2131,5550.22,412,167,3.376298076923077,13.471407766990293,5.172330097087379,3.8523644752018456,Very High
21559,STRAWBERRY LUNCH BOX WITH CUTLERY,3933,9735.380000000001,573,233,3.130447504302926,16.99019197207679,6.863874345549738,5.374855824682815,Very High
21561,DINOSAUR LUNCH BOX WITH CUTLERY,1281,3127.38,213,116,3.0350467289719627,14.682535211267606,6.014084507042254,2.675893886966551,Very High
21562,HAWAIIAN GRASS SKIRT ,324,380.36,28,20,1.4353571428571428,13.584285714285715,11.571428571428571,0.461361014994233,Medium
21563,RED HEART SHAPE LOVE BUCKET ,1395,2803.13,159,95,3.200062893081761,17.629748427672958,8.773584905660377,2.1914648212226067,Very High
21564,PINK  HEART SHAPE LOVE BUCKET ,1042,1831.6200000000001,123,63,3.216341463414634,14.891219512195123,8.471544715447154,1.453287197231834,High
21576,LETS GO SHOPPING COTTON TOTE BAG,252,585.34,78,40,2.5892307692307694,7.504358974358975,3.230769230769231,0.922722029988466,Medium
21577,SAVE THE PLANET COTTON TOTE BAG,720,1664.8999999999999,175,94,2.7186285714285714,9.513714285714284,4.114285714285714,2.1683967704728953,High
21578,WOODLAND DESIGN  COTTON TOTE BAG,746,1657.76,127,68,2.5840944881889762,13.053228346456693,5.874015748031496,1.5686274509803921,High
21579,LOLITA  DESIGN  COTTON TOTE BAG,176,409.72,50,30,2.574,8.1944,3.52,0.6920415224913495,Medium
21580,RABBIT  DESIGN  COTTON TOTE BAG,181,444.07,62,21,2.890483870967742,7.162419354838709,2.9193548387096775,0.4844290657439446,Medium
21581,SKULLS  DESIGN  COTTON TOTE BAG,252,590.67,79,33,2.8841772151898732,7.476835443037974,3.189873417721519,0.7612456747404844,Medium
21584,RETROSPOT SMALL TUBE MATCHES,1059,1743.35,146,119,1.6487012987012986,11.940753424657533,7.2534246575342465,2.7450980392156863,High
21586,KINGS CHOICE GIANT TUBE MATCHES,743,1721.8500000000001,67,54,2.5029850746268654,25.699253731343287,11.08955223880597,1.245674740484429,High
21587,COSY HOUR GIANT TUBE MATCHES,195,475.65,26,25,2.5344827586206895,18.29423076923077,7.5,0.5767012687427913,Medium
21588,RETROSPOT GIANT TUBE MATCHES,1494,3442.5,132,99,2.5266666666666664,26.079545454545453,11.318181818181818,2.283737024221453,Very High
21591,COSY HOUR CIGAR BOX MATCHES ,1374,1996.1399999999999,146,114,1.2598692810457515,13.672191780821917,9.41095890410959,2.629757785467128,High
21592,RETROSPOT CIGAR BOX MATCHES ,2149,2149.07,216,156,1.1326008968609864,9.949398148148148,9.949074074074074,3.598615916955018,High
21594,Dr. Jam's Arouzer Stress Ball,2,8.34,2,0,4.17,4.17,1.0,0.0,Low
21595,Dad's Cab Electronic Meter,2,16.94,2,0,8.47,8.47,1.0,0.0,Low
21609,SET 12 LAVENDER  BOTANICAL T-LIGHTS,763,2086.69,76,59,3.0362337662337664,27.456447368421053,10.039473684210526,1.3610149942329872,High
21613,S/12 VANILLA  BOTANICAL T-LIGHTS,227,661.9300000000001,42,37,3.1461904761904766,15.760238095238098,5.404761904761905,0.8535178777393311,Medium
21614,SET OF 12 ROSE BOTANICAL T-LIGHTS,51,153.29000000000002,9,7,3.2655555555555558,17.032222222222224,5.666666666666667,0.16147635524798157,Medium
21615,4 LAVENDER BOTANICAL DINNER CANDLES,891,1347.92,135,86,2.023623188405797,9.984592592592593,6.6,1.983852364475202,High
21616,4 PEAR BOTANICAL DINNER CANDLES,822,1288.34,138,84,1.964507042253521,9.335797101449275,5.956521739130435,1.9377162629757785,High
21617,4 LILY  BOTANICAL DINNER CANDLES,525,1009.26,102,62,2.438653846153846,9.894705882352941,5.147058823529412,1.4302191464821221,High
21618,4 WILDFLOWER BOTANICAL CANDLES,404,768.37,91,48,2.4651546391752577,8.443626373626374,4.43956043956044,1.107266435986159,High
21619,4 VANILLA BOTANICAL CANDLES,974,1476.4,164,99,1.9874545454545456,9.002439024390245,5.939024390243903,2.283737024221453,High
21620,SET OF 4 ROSE BOTANICAL CANDLES,881,1429.49,165,97,2.0507185628742515,8.663575757575758,5.33939393939394,2.23760092272203,High
21621,VINTAGE UNION JACK BUNTING,2787,24525.83,475,267,9.4460206185567,51.633326315789475,5.867368421052632,6.159169550173011,Very High
21622,VINTAGE UNION JACK CUSHION COVER,380,1982.64,104,76,5.838846153846154,19.063846153846153,3.6538461538461537,1.7531718569780852,High
21623,VINTAGE UNION JACK MEMOBOARD,3269,22980.239999999998,221,139,10.374389140271493,103.98298642533936,14.79185520361991,3.2064590542099194,Very High
21624,VINTAGE UNION JACK DOORSTOP,216,1331.5600000000002,95,72,6.6444329896907215,14.01642105263158,2.2736842105263158,1.6608996539792389,High
21625,VINTAGE UNION JACK APRON,407,2939.51,169,97,8.065411764705884,17.393550295857988,2.408284023668639,2.23760092272203,Very High
21626,VINTAGE UNION JACK PENNANT,794,1584.8,99,64,2.2763999999999998,16.00808080808081,8.02020202020202,1.4763552479815456,High
21627,ELEPHANT CARNIVAL POUFFE,63,1299.83,47,14,21.961489361702128,27.655957446808507,1.3404255319148937,0.32295271049596314,High
21628,TRIANGULAR POUFFE VINTAGE ,63,1161.65,33,14,21.74878787878788,35.20151515151515,1.9090909090909092,0.32295271049596314,High
21629,SQUARE FLOOR CUSHION VINTAGE RED,71,672.05,42,13,10.515714285714285,16.001190476190477,1.6904761904761905,0.29988465974625145,Medium
21630,FLOOR CUSHION ELEPHANT CARNIVAL,69,718.14,35,13,12.1,20.518285714285714,1.9714285714285715,0.29988465974625145,High
21631,HIPPY CHIC DECORATIVE PARASOL,169,896.01,27,15,8.337407407407408,33.18555555555555,6.2592592592592595,0.34602076124567477,High
21632,VINTAGE PINK DECORATIVE PARASOL,88,489.74,24,5,8.200000000000001,20.405833333333334,3.6666666666666665,0.11534025374855825,Medium
21633,SUNFLOWER DECORATIVE PARASOL,125,895.46,42,13,10.163571428571428,21.320476190476192,2.9761904761904763,0.29988465974625145,High
21634,ASSORTED MINI MADRAS NOTEBOOK,976,481.95,28,22,0.8446428571428571,17.2125,34.857142857142854,0.5074971164936563,Medium
21635,MADRAS NOTEBOOK LARGE ,271,374.96000000000004,16,15,2.263125,23.435000000000002,16.9375,0.34602076124567477,Medium
21636,MADRAS NOTEBOOK MEDIUM,913,705.16,73,60,0.8541333333333334,9.65972602739726,12.506849315068493,1.384083044982699,High
21637,ASSORTED SANSKRIT MINI NOTEBOOK,109,136.25,6,6,1.25,22.708333333333332,18.166666666666668,0.13840830449826988,Medium
21638,ASSORTED TUTTI FRUTTI NOTEBOOK,247,547.76,40,25,2.56675,13.693999999999999,6.175,0.5767012687427913,Medium
21640,ASSORTED TUTTI FRUTTI  FOB NOTEBOOK,650,633.8299999999999,78,38,1.138452380952381,8.12602564102564,8.333333333333334,0.8765859284890426,Medium
21641,ASSORTED TUTTI FRUTTI KEYRING BALL,1153,451.59,49,19,1.0971428571428572,9.216122448979592,23.53061224489796,0.4382929642445213,Medium
21642,ASSORTED TUTTI FRUTTI PEN,2471,830.7299999999999,101,79,0.4958252427184466,8.225049504950494,24.465346534653467,1.8223760092272203,High
21643,ASSORTED TUTTI FRUTTI MIRROR,550,743.31,60,27,1.8401666666666665,12.388499999999999,9.166666666666666,0.6228373702422145,High
21644,ASSORTED TUTTI FRUTTI HEART BOX,215,268.75,32,29,1.25,8.3984375,6.71875,0.6689734717416378,Medium
21647,ASSORTED TUTTI FRUTTI LARGE PURSE,107,224.70000000000002,25,21,2.1,8.988000000000001,4.28,0.4844290657439446,Medium
21648,ASSORTED TUTTI FRUTTI SMALL PURSE,729,982.79,66,26,1.878939393939394,14.890757575757576,11.045454545454545,0.5997693194925029,High
21650,ASSORTED TUTTI FRUTTI BRACELET,2550,692.85,132,48,0.5017985611510791,5.2488636363636365,19.318181818181817,1.107266435986159,High
21651,HANGING GLASS ETCHED TEALIGHT,127,198.57000000000002,11,9,1.7690909090909093,18.051818181818184,11.545454545454545,0.20761245674740486,Medium
21654,RIDGED GLASS FINGER BOWL,974,504.67999999999995,59,40,0.9606666666666667,8.553898305084745,16.508474576271187,0.922722029988466,Medium
21655,HANGING RIDGE GLASS T-LIGHT HOLDER,36,60.84,2,1,1.69,30.42,18.0,0.02306805074971165,Low
21656,RIDGED GLASS POSY VASE ,219,444.58,47,15,2.208085106382979,9.459148936170212,4.659574468085107,0.34602076124567477,Medium
21657,MILK BOTTLE WITH GLASS STOPPER ,30,223.46,17,11,7.830000000000001,13.144705882352941,1.7647058823529411,0.2537485582468281,Medium
21658,GLASS  BEURRE DISH,878,3709.78,212,82,5.628215962441314,17.498962264150943,4.1415094339622645,1.8915801614763552,Very High
21661,VINTAGE GLASS TEA CADDY,3,17.85,3,3,5.95,5.95,1.0,0.06920415224913494,Low
21662,VINTAGE GLASS COFFEE CADDY,86,557.3000000000001,26,14,8.161538461538461,21.434615384615388,3.3076923076923075,0.32295271049596314,Medium
21664,RIDGED GLASS STORAGE JAR CREAM LID,98,350.22,18,15,3.7310526315789474,19.456666666666667,5.444444444444445,0.34602076124567477,Medium
21666,RIDGED GLASS T-LIGHT HOLDER,412,283.51,43,21,0.8558139534883721,6.593255813953488,9.581395348837209,0.4844290657439446,Medium
21667,GLASS CAKE COVER AND PLATE,2,29.9,1,1,14.95,29.9,2.0,0.02306805074971165,Low
21668,RED STRIPE CERAMIC DRAWER KNOB,5494,7481.16,437,169,1.6713832199546486,17.119359267734552,12.5720823798627,3.8985005767012684,Very High
21669,BLUE STRIPE CERAMIC DRAWER KNOB,5252,7091.15,425,167,1.5951612903225805,16.68505882352941,12.35764705882353,3.8523644752018456,Very High
21670,BLUE SPOT CERAMIC DRAWER KNOB,4328,6083.99,374,158,1.709493333333333,16.26735294117647,11.572192513368984,3.6447520184544406,Very High
21671,RED SPOT CERAMIC DRAWER KNOB,4402,6054.79,369,164,1.7286216216216217,16.408644986449865,11.929539295392955,3.7831603229527104,Very High
21672,WHITE SPOT RED CERAMIC DRAWER KNOB,4992,6776.0,409,159,1.6896626506024097,16.56723716381418,12.205378973105134,3.667820069204152,Very High
21673,WHITE SPOT BLUE CERAMIC DRAWER KNOB,4372,6041.2,365,154,1.6842276422764229,16.55123287671233,11.978082191780821,3.552479815455594,Very High
21675,BUTTERFLIES STICKERS,628,568.26,110,45,1.1387272727272726,5.1659999999999995,5.709090909090909,1.0380622837370241,Medium
21676,FLOWERS  STICKERS,257,245.35999999999999,61,21,1.159344262295082,4.022295081967213,4.213114754098361,0.4844290657439446,Medium
21677,HEARTS  STICKERS,835,737.8399999999999,119,62,1.0332773109243696,6.200336134453781,7.016806722689076,1.4302191464821221,High
21678,PAISLEY PATTERN  STICKERS,125,111.86,32,16,1.0071875,3.495625,3.90625,0.3690888119953864,Low
21679,SKULLS  STICKERS,1140,1028.58,138,67,1.12731884057971,7.453478260869565,8.26086956521739,1.5455594002306805,High
21680,WOODLAND  STICKERS,868,786.31,103,43,1.2149514563106796,7.634077669902912,8.427184466019417,0.991926182237601,High
21681,GIANT MEDINA STAMPED METAL BOWL ,2,19.9,2,2,9.95,9.95,1.0,0.0461361014994233,Low
21682,LARGE MEDINA STAMPED METAL BOWL ,182,930.96,55,42,5.496545454545455,16.926545454545455,3.309090909090909,0.9688581314878892,High
21683,MEDIUM MEDINA STAMPED METAL BOWL ,310,948.7000000000002,58,39,3.3927586206896554,16.35689655172414,5.344827586206897,0.8996539792387545,High
21684,SMALL MEDINA STAMPED METAL BOWL ,771,612.1,47,27,1.258723404255319,13.02340425531915,16.404255319148938,0.6228373702422145,Medium
21686,MEDINA STAMPED METAL STOOL,35,1351.64,20,6,39.8695,67.58200000000001,1.75,0.13840830449826988,High
21688,SILVER PLATE CANDLE BOWL SMALL,348,1101.2800000000002,57,36,3.8033333333333337,19.32070175438597,6.105263157894737,0.8304498269896194,High
21689,SILVER VANILLA  FLOWER CANDLE POT,95,369.87,26,22,4.273846153846154,14.225769230769231,3.6538461538461537,0.5074971164936563,Medium
21690,SILVER  CANDLEPOT JARDIN ,22,82.5,7,6,3.75,11.785714285714286,3.142857142857143,0.13840830449826988,Low
21692,SILVER LATTICE VANILLA CANDLE POT,17,63.75,7,7,3.75,9.107142857142858,2.4285714285714284,0.16147635524798157,Low
21693,SMALL HAMMERED SILVER CANDLEPOT ,361,1107.91,50,40,3.35,22.1582,7.22,0.922722029988466,High
21694,SMALL REGAL  SILVER CANDLEPOT ,307,840.33,24,18,3.395,35.01375,12.791666666666666,0.4152249134948097,High
21695,SMALL SILVER FLOWER CANDLE POT,284,857.6800000000001,41,35,3.365609756097561,20.919024390243905,6.926829268292683,0.8073817762399077,High
21696,SMALL SILVER TRELLIS CANDLEPOT,224,672.4000000000001,33,27,3.3015151515151517,20.37575757575758,6.787878787878788,0.6228373702422145,Medium
21698,MOCK LOBSTER FRIDGE MAGNET,296,164.17,45,22,1.0622222222222222,3.648222222222222,6.5777777777777775,0.5074971164936563,Medium
21700,BIG DOUGHNUT FRIDGE MAGNETS,1726,2334.94,198,58,3.95715,11.792626262626262,8.717171717171718,1.3379469434832756,Very High
21703,BAG 125g SWIRLY MARBLES,9390,3528.89,294,175,0.495738255033557,12.003027210884353,31.93877551020408,4.036908881199539,Very High
21704,BAG 250g SWIRLY MARBLES,5144,4039.2799999999997,248,137,1.0033734939759036,16.287419354838708,20.741935483870968,3.160322952710496,Very High
21705,BAG 500g SWIRLY MARBLES,1459,1462.17,141,89,1.8397902097902097,10.370000000000001,10.347517730496454,2.053056516724337,High
21706,FOLDING UMBRELLA RED/WHITE POLKADOT,346,1616.81,120,53,4.997333333333334,13.473416666666667,2.8833333333333333,1.2226066897347174,High
21707,FOLDING UMBRELLA BLACKBLUE POLKADOT,160,763.6600000000001,74,44,4.881351351351352,10.319729729729731,2.1621621621621623,1.0149942329873125,High
21708,FOLDING UMBRELLA CREAM POLKADOT,190,863.11,64,28,4.31640625,13.48609375,2.96875,0.6459054209919263,High
21709,FOLDING UMBRELLA CHOCOLATE POLKADOT,133,607.23,59,30,4.667118644067797,10.292033898305085,2.2542372881355934,0.6920415224913495,Medium
21710,FOLDING UMBRELLA PINKWHITE POLKADOT,107,501.98,45,29,4.822666666666667,11.155111111111111,2.3777777777777778,0.6689734717416378,Medium
21711,FOLDING UMBRELLA WHITE/RED POLKADOT,104,513.02,36,22,5.247777777777778,14.250555555555556,2.888888888888889,0.5074971164936563,Medium
21713,CITRONELLA CANDLE FLOWERPOT,786,1817.74,157,103,2.5079874213836475,11.577961783439491,5.006369426751593,2.3760092272203,High
21714,CITRONELLA CANDLE GARDEN POT,1651,3010.65,225,106,1.8948458149779734,13.380666666666666,7.337777777777778,2.445213379469435,Very High
21715,GIRLS VINTAGE TIN SEASIDE BUCKET,1330,3507.17,231,116,3.261293103448276,15.182554112554113,5.757575757575758,2.675893886966551,Very High
21716,BOYS VINTAGE TIN SEASIDE BUCKET,1425,3872.92,244,112,3.385204918032787,15.872622950819672,5.840163934426229,2.583621683967705,Very High
21717,EASTER TIN BUCKET,408,946.9300000000001,41,34,2.684878048780488,23.095853658536587,9.951219512195122,0.7843137254901961,High
21718,RED METAL BEACH SPADE ,1493,2113.39,229,106,1.7087826086956521,9.228777292576419,6.5196506550218345,2.445213379469435,High
21719,LOVELY BONBON STICKER SHEET,345,307.44,58,29,1.0569491525423729,5.300689655172413,5.948275862068965,0.6689734717416378,Medium
21720,CAKE SHOP  STICKER SHEET,57,48.449999999999996,8,8,0.85,6.0562499999999995,7.125,0.1845444059976932,Low
21721,CANDY SHOP  STICKER SHEET,195,179.45999999999998,33,19,1.102857142857143,5.438181818181818,5.909090909090909,0.4382929642445213,Medium
21722,SWEET PUDDING STICKER SHEET,98,95.52999999999999,36,13,1.1297222222222223,2.6536111111111107,2.7222222222222223,0.29988465974625145,Low
21723,ALPHABET HEARTS STICKER SHEET,397,350.08,59,29,1.0294915254237287,5.933559322033898,6.728813559322034,0.6689734717416378,Medium
21724,PANDA AND BUNNIES STICKER SHEET,408,355.83,81,43,0.9703703703703703,4.3929629629629625,5.037037037037037,0.991926182237601,Medium
21725,SWEETIES  STICKERS,301,277.24,50,26,1.1344,5.5448,6.02,0.5997693194925029,Medium
21726,MULTI HEARTS  STICKERS,237,204.69,42,29,0.927142857142857,4.873571428571428,5.642857142857143,0.6689734717416378,Medium
21730,GLASS STAR FROSTED T-LIGHT HOLDER,517,2514.43,131,79,5.356641221374046,19.19412213740458,3.946564885496183,1.8223760092272203,Very High
21731,RED TOADSTOOL LED NIGHT LIGHT,14001,23919.78,849,266,2.3904327485380117,28.17406360424028,16.491166077738516,6.136101499423298,Very High
21733,RED HANGING HEART T-LIGHT HOLDER,7872,23199.24,741,385,3.160996015936255,31.308016194331987,10.623481781376519,8.881199538638986,Very High
21735,TWO DOOR CURIO CABINET,212,2577.45,83,60,12.538554216867471,31.053614457831323,2.5542168674698793,1.384083044982699,Very High
21736,GOLD SCROLL GLASS T-LIGHT HOLDER,80,137.22,5,5,1.8150000000000002,27.444,16.0,0.11534025374855825,Medium
21738,COSY SLIPPER SHOES SMALL  RED ,46,144.58,21,17,3.3360869565217395,6.8847619047619055,2.1904761904761907,0.39215686274509803,Medium
21739,COSY SLIPPER SHOES SMALL GREEN,254,703.08,111,38,2.763153153153153,6.334054054054055,2.2882882882882885,0.8765859284890426,High
21741,COSY SLIPPER SHOES LARGE GREEN,147,480.1700000000001,40,27,3.8230000000000004,12.004250000000003,3.675,0.6228373702422145,Medium
21742,LARGE ROUND WICKER PLATTER ,194,1167.58,91,75,6.092795698924731,12.83054945054945,2.131868131868132,1.7301038062283738,High
21743,STAR PORTABLE TABLE LIGHT ,299,887.6500000000001,49,28,3.8757142857142854,18.11530612244898,6.1020408163265305,0.6459054209919263,High
21744,SNOWFLAKE PORTABLE TABLE LIGHT ,529,1557.65,127,66,3.042093023255814,12.26496062992126,4.165354330708661,1.5224913494809689,High
21745,GAOLERS KEYS DECORATIVE GARDEN ,935,3475.73,214,115,3.968046511627907,16.241728971962615,4.369158878504673,2.6528258362168398,Very High
21746,SMALL RED RETROSPOT WINDMILL,3075,3766.93,226,122,1.469078947368421,16.66783185840708,13.606194690265486,2.8143021914648214,Very High
21747,SMALL SKULL WINDMILL,485,645.61,54,31,1.5116666666666665,11.95574074074074,8.981481481481481,0.7151095732410611,Medium
21749,LARGE RED RETROSPOT WINDMILL,1963,3877.09,140,80,2.531,27.6935,14.021428571428572,1.845444059976932,Very High
21750,LARGE SKULL WINDMILL,90,207.51000000000002,24,15,2.6954166666666666,8.64625,3.75,0.34602076124567477,Medium
21754,HOME BUILDING BLOCK WORD,2759,16923.47,777,360,6.629308578745198,21.780527670527672,3.550836550836551,8.304498269896193,Very High
21755,LOVE BUILDING BLOCK WORD,2011,12435.86,629,337,6.695205047318613,19.770842607313195,3.1971383147853736,7.773933102652826,Very High
21756,BATH BUILDING BLOCK WORD,809,5006.26,270,168,6.620036900369003,18.541703703703703,2.9962962962962965,3.875432525951557,Very High
21757,LIGHTHOUSE PRINTED METAL SIGN,6,29.700000000000003,3,3,4.95,9.9,2.0,0.06920415224913494,Low
21758,VINTAGE SHELLS PRINT,50,427.46000000000004,32,13,9.839375,13.358125000000001,1.5625,0.29988465974625145,Medium
21761,WOOD AND GLASS MEDICINE CABINET,10,299.5,10,10,29.95,29.95,1.0,0.2306805074971165,Medium
21763,VINTAGE WOODEN BAR STOOL,6,169.75,4,4,27.4625,42.4375,1.5,0.0922722029988466,Medium
21769,VINTAGE POST OFFICE CABINET,11,607.6500000000001,2,2,66.36,303.82500000000005,5.5,0.0461361014994233,Medium
21770,OPEN CLOSED METAL SIGN,1638,7923.93,388,263,5.524447300771209,20.4225,4.221649484536083,6.066897347174164,Very High
21773,DECORATIVE ROSE BATHROOM BOTTLE,1170,1154.17,163,50,1.7692073170731706,7.0807975460122705,7.177914110429448,1.1534025374855825,High
21774,DECORATIVE CATS BATHROOM BOTTLE,1095,1152.4,186,39,1.9209625668449197,6.195698924731183,5.887096774193548,0.8996539792387545,High
21775,DECORATIVE FLORE BATHROOM BOTTLE,515,716.86,139,34,1.8763309352517985,5.15726618705036,3.7050359712230216,0.7843137254901961,High
21777,RECIPE BOX WITH METAL HEART,12,95.4,6,3,7.95,15.9,2.0,0.06920415224913494,Low
21781,MA CAMPAGNE CUTLERY BOX,168,2661.7999999999997,101,51,16.81356435643564,26.354455445544552,1.6633663366336633,1.1764705882352942,Very High
21784,SHOE SHINE BOX ,57,633.0699999999999,44,20,11.448181818181817,14.387954545454544,1.2954545454545454,0.461361014994233,Medium
21785,RAIN PONCHO ,411,268.76,5,3,0.9719999999999999,53.751999999999995,82.2,0.06920415224913494,Medium
21786,POLKADOT RAIN HAT ,1937,916.99,226,55,0.6697835497835498,4.057477876106195,8.570796460176991,1.2687427912341407,High
21787,RAIN PONCHO RETROSPOT,8875,7161.099999999999,243,115,1.0531854838709678,29.46954732510288,36.522633744855966,2.6528258362168398,Very High
21788,KIDS RAIN MAC BLUE,1293,1029.24,85,59,0.9096511627906977,12.108705882352941,15.211764705882352,1.3610149942329872,High
21789,KIDS RAIN MAC PINK,925,803.65,92,55,0.9420430107526881,8.73532608695652,10.054347826086957,1.2687427912341407,High
21790,VINTAGE SNAP CARDS,14521,12510.01,926,449,1.0157754010695188,13.509730021598273,15.681425485961123,10.35755478662053,Very High
21791,VINTAGE HEADS AND TAILS CARD GAME ,7864,10504.4,607,342,1.5057937806873976,17.30543657331137,12.955518945634267,7.889273356401384,Very High
21792,CLASSIC FRENCH STYLE BASKET GREEN ,344,1497.72,76,58,5.041052631578947,19.70684210526316,4.526315789473684,1.3379469434832756,High
21793,CLASSIC FRENCH STYLE BASKET BROWN,304,1296.6100000000001,74,57,4.584533333333334,17.52175675675676,4.108108108108108,1.314878892733564,High
21794,CLASSIC FRENCH STYLE BASKET NATURAL,522,2213.42,106,79,4.930754716981132,20.88132075471698,4.9245283018867925,1.8223760092272203,High
21801,CHRISTMAS TREE DECORATION WITH BELL,1251,530.26,125,22,0.42296,4.24208,10.008,0.5074971164936563,Medium
21802,CHRISTMAS TREE HEART DECORATION,2122,919.14,180,45,0.4531868131868132,5.106333333333334,11.78888888888889,1.0380622837370241,High
21803,CHRISTMAS TREE STAR DECORATION,2353,1016.02,198,46,0.4511111111111111,5.131414141414141,11.883838383838384,1.061130334486736,High
21804,WHITE CHRISTMAS GARLAND STARS TREES,225,830.03,65,37,3.7701515151515155,12.769692307692308,3.4615384615384617,0.8535178777393311,High
21807,WHITE CHRISTMAS STAR DECORATION,438,189.0,30,24,0.4694117647058823,6.3,14.6,0.5536332179930795,Medium
21808,"CHRISTMAS GARLAND STARS,TREES",180,637.83,48,21,3.535625,13.288125,3.75,0.4844290657439446,Medium
21809,CHRISTMAS HANGING TREE WITH BELL,1964,1117.92,117,72,0.9476859504132231,9.554871794871795,16.786324786324787,1.6608996539792389,High
21810,CHRISTMAS HANGING STAR WITH BELL,5840,2981.8399999999997,252,129,0.744638783269962,11.832698412698411,23.174603174603174,2.975778546712803,Very High
21811,CHRISTMAS HANGING HEART WITH BELL,4850,2682.4,245,119,0.9952173913043478,10.948571428571428,19.79591836734694,2.7450980392156863,Very High
21812,GARLAND WITH HEARTS AND BELLS,393,1746.27,100,36,5.1794,17.462699999999998,3.93,0.8304498269896194,High
21813,GARLAND WITH STARS AND BELLS,549,2280.4700000000003,112,38,4.661504424778761,20.361339285714287,4.901785714285714,0.8765859284890426,Very High
21814,HEART T-LIGHT HOLDER ,74,111.77,15,11,1.7293749999999999,7.451333333333333,4.933333333333334,0.2537485582468281,Low
21815,STAR  T-LIGHT HOLDER ,158,270.22999999999996,29,15,2.007,9.318275862068964,5.448275862068965,0.34602076124567477,Medium
21816,CHRISTMAS TREE T-LIGHT HOLDER,33,47.849999999999994,7,6,1.45,6.8357142857142845,4.714285714285714,0.13840830449826988,Low
21817,GLITTER CHRISTMAS TREE,906,410.90999999999997,58,48,0.5645901639344262,7.084655172413792,15.620689655172415,1.107266435986159,Medium
21818,GLITTER CHRISTMAS HEART ,2737,1320.41,163,117,0.6024157303370786,8.100674846625767,16.791411042944784,2.698961937716263,High
21819,GLITTER CHRISTMAS STAR ,2470,1066.6499999999999,124,95,0.544812030075188,8.602016129032258,19.919354838709676,2.1914648212226067,High
21820,GLITTER HEART GARLAND WITH BELLS ,329,1368.47,90,49,5.040869565217391,15.205222222222222,3.6555555555555554,1.130334486735871,High
21821,GLITTER STAR GARLAND WITH BELLS ,251,1037.05,62,35,5.067142857142858,16.726612903225806,4.048387096774194,0.8073817762399077,High
21822,GLITTER CHRISTMAS TREE WITH BELLS,698,719.3,97,45,1.324059405940594,7.415463917525773,7.195876288659794,1.0380622837370241,High
21823,PAINTED METAL HEART WITH HOLLY BELL,1372,854.35,97,61,0.9436538461538462,8.807731958762886,14.144329896907216,1.4071510957324107,High
21824,PAINTED METAL STAR WITH HOLLY BELLS,1916,1102.4199999999998,117,63,0.7734166666666666,9.422393162393162,16.376068376068375,1.453287197231834,High
21826,EIGHT PIECE DINOSAUR SET,125,185.18,35,16,1.6913513513513514,5.290857142857143,3.5714285714285716,0.3690888119953864,Medium
21827,EIGHT PIECE CREEPY CRAWLIE SET,6,7.5,3,3,1.25,2.5,2.0,0.06920415224913494,Low
21828,EIGHT PIECE SNAKE  SET,330,435.79,84,53,1.4801176470588235,5.18797619047619,3.9285714285714284,1.2226066897347174,Medium
21829,DINOSAUR KEYRINGS ASSORTED,6765,1460.74,177,104,0.26303370786516855,8.252768361581921,38.220338983050844,2.3990772779700116,High
21830,ASSORTED CREEPY CRAWLIES,2621,1107.07,99,63,0.46950495049504953,11.182525252525252,26.474747474747474,1.453287197231834,High
21832,CHOCOLATE CALCULATOR,954,1790.1,198,83,2.34964824120603,9.040909090909091,4.818181818181818,1.914648212226067,High
21833,CAMOUFLAGE LED TORCH,2726,4594.43,168,87,2.109345238095238,27.347797619047622,16.226190476190474,2.006920415224913,Very High
21836,GINGHAM OVEN GLOVE RED HEART ,5,26.490000000000002,3,2,5.04,8.83,1.6666666666666667,0.0461361014994233,Low
21839,MUMMY MOUSE RED GINGHAM RIBBON,1,5.45,1,1,5.45,5.45,1.0,0.02306805074971165,Low
21841,BABY MOUSE RED GINGHAM DRESS,73,310.25,21,19,4.25,14.773809523809524,3.4761904761904763,0.4382929642445213,Medium
21843,RED RETROSPOT CAKE STAND,2012,21354.3,539,260,12.607560073937153,39.618367346938776,3.732838589981447,5.997693194925029,Very High
21844,RED RETROSPOT MUG,1847,5167.6900000000005,156,99,3.3125477707006374,33.12621794871795,11.83974358974359,2.283737024221453,Very High
21845,DAIRY MAID STRIPE MUG,1906,1720.3000000000002,82,63,1.101219512195122,20.979268292682928,23.24390243902439,1.453287197231834,High
21846,PINK DIAMANTE PEN IN GIFT BOX,424,1206.97,103,12,4.093398058252427,11.718155339805826,4.116504854368932,0.27681660899653976,High
21847,GREEN  DIAMANTE PEN IN GIFT BOX,76,178.89,33,5,2.7533333333333334,5.420909090909091,2.303030303030303,0.11534025374855825,Medium
21849,SILVER DIAMANTE PEN IN GIFT BOX,173,548.9300000000001,66,16,3.803823529411765,8.317121212121213,2.621212121212121,0.3690888119953864,Medium
21850,BLUE  DIAMANTE PEN IN GIFT BOX,129,488.13,54,12,4.301481481481481,9.039444444444444,2.388888888888889,0.27681660899653976,Medium
21851,LILAC DIAMANTE PEN IN GIFT BOX,141,454.99,63,12,4.154603174603174,7.2220634920634925,2.238095238095238,0.27681660899653976,Medium
21864,UNION JACK FLAG PASSPORT COVER ,828,2041.69,184,65,2.863763440860215,11.096141304347826,4.5,1.4994232987312572,High
21865,PINK UNION JACK  PASSPORT COVER ,271,618.9300000000001,106,52,2.5725233644859813,5.838962264150944,2.556603773584906,1.1995386389850058,Medium
21866,UNION JACK FLAG LUGGAGE TAG,747,1292.3799999999999,193,79,1.9597938144329896,6.696269430051813,3.8704663212435233,1.8223760092272203,High
21867,PINK UNION JACK  LUGGAGE TAG,348,480.25,121,56,1.5743076923076922,3.96900826446281,2.87603305785124,1.2918108419838525,Medium
21868,POTTING SHED TEA MUG,2477,3259.75,302,153,1.7556578947368422,10.793874172185431,8.201986754966887,3.5294117647058822,Very High
21870,I CAN ONLY PLEASE ONE PERSON MUG,1407,1851.46,163,97,1.5759393939393938,11.358650306748466,8.631901840490798,2.23760092272203,High
21871,SAVE THE PLANET MUG,5453,6679.56,357,133,1.8128531855955676,18.710252100840336,15.27450980392157,3.068050749711649,Very High
21872,GLAMOROUS  MUG,1292,1454.98,142,81,1.6714685314685316,10.246338028169014,9.098591549295774,1.8685121107266434,High
21873,IF YOU CAN'T STAND THE HEAT MUG,1618,1834.3,116,62,1.6102586206896552,15.812931034482759,13.948275862068966,1.4302191464821221,High
21874,GIN AND TONIC MUG,2974,4141.179999999999,295,110,2.014203389830508,14.037898305084743,10.08135593220339,2.5374855824682814,Very High
21875,KINGS CHOICE MUG,2055,2429.38,148,83,1.8340268456375837,16.414729729729732,13.885135135135135,1.914648212226067,Very High
21876,POTTERING MUG,3789,4825.36,333,141,2.0920059880239523,14.49057057057057,11.378378378378379,3.2525951557093427,Very High
21877,HOME SWEET HOME MUG,5411,6932.78,349,174,1.7194857142857145,19.864699140401147,15.504297994269342,4.013840830449826,Very High
21878,PACK OF 6 SANDCASTLE FLAGS ASSORTED,2523,2172.2,224,120,1.091578947368421,9.697321428571428,11.263392857142858,2.768166089965398,High
21879,HEARTS GIFT TAPE,1176,385.47,94,52,0.5863157894736841,4.100744680851064,12.51063829787234,1.1995386389850058,Medium
21880,RED RETROSPOT TAPE,1903,858.7800000000001,240,84,0.48406639004149377,3.57825,7.929166666666666,1.9377162629757785,High
21881,CUTE CATS TAPE,1102,383.11,79,37,0.6788607594936709,4.849493670886076,13.949367088607595,0.8535178777393311,Medium
21882,SKULLS TAPE,704,251.17000000000002,70,35,0.6367605633802818,3.5881428571428575,10.057142857142857,0.8073817762399077,Medium
21883,STARS GIFT TAPE ,1653,725.4200000000001,133,82,0.6445864661654136,5.454285714285715,12.428571428571429,1.8915801614763552,High
21884,CAKES AND BOWS GIFT  TAPE,1166,413.76,93,43,0.761505376344086,4.449032258064516,12.53763440860215,0.991926182237601,Medium
21888,BINGO SET,1688,6659.54,378,210,4.72473544973545,17.617830687830686,4.465608465608466,4.844290657439446,Very High
21889,WOODEN BOX OF DOMINOES,6390,8847.29,587,336,1.5789816360601001,15.072044293015333,10.885860306643952,7.750865051903114,Very High
21890,S/6 WOODEN SKITTLES IN COTTON BAG,1147,3674.11,231,143,3.8581196581196586,15.905238095238095,4.965367965367966,3.298731257208766,Very High
21891,TRADITIONAL WOODEN SKIPPING ROPE,8130,10504.85,425,264,1.592523148148148,24.71729411764706,19.129411764705882,6.0899653979238755,Very High
21892,TRADITIONAL WOODEN CATCH CUP GAME ,3192,4317.16,412,235,1.6051196172248803,10.478543689320388,7.747572815533981,5.4209919261822375,Very High
21894,POTTING SHED SEED ENVELOPES,592,902.08,130,57,1.8283969465648853,6.939076923076923,4.553846153846154,1.314878892733564,High
21895,POTTING SHED SOW 'N' GROW SET,2,12.72,2,1,6.36,6.36,1.0,0.02306805074971165,Low
21896,POTTING SHED TWINE,980,2272.79,110,79,2.417927927927928,20.661727272727273,8.909090909090908,1.8223760092272203,Very High
21897,POTTING SHED CANDLE CITRONELLA,405,1268.1899999999998,3,1,3.85,422.72999999999996,135.0,0.02306805074971165,High
21898,POTTING SHED ROSE CANDLE,493,1541.1100000000001,25,6,2.6156,61.644400000000005,19.72,0.13840830449826988,High
21899,"KEY FOB , GARAGE DESIGN",2679,1757.97,278,148,0.880391459074733,6.32363309352518,9.636690647482014,3.4140715109573243,High
21900,"KEY FOB , SHED",3228,2197.17,372,166,0.9522252010723861,5.906370967741935,8.67741935483871,3.829296424452134,High
21901,"KEY FOB , BACK DOOR ",1828,1277.89,308,143,0.8934285714285715,4.148993506493507,5.935064935064935,3.298731257208766,High
21902,"KEY FOB , FRONT  DOOR ",1962,1262.37,210,114,0.8843661971830986,6.011285714285714,9.342857142857143,2.629757785467128,High
21903,MAN FLU METAL SIGN,1160,2490.13,180,113,2.5055555555555555,13.834055555555556,6.444444444444445,2.6066897347174165,Very High
21904,HOUSE WRECKING METAL SIGN ,50,105.0,23,21,2.1,4.565217391304348,2.1739130434782608,0.4844290657439446,Low
21905,MORE BUTTER METAL SIGN ,760,821.61,160,84,1.401625,5.1350625,4.75,1.9377162629757785,High
21906,PHARMACIE FIRST AID TIN,581,4470.8099999999995,173,71,9.662068965517241,25.842832369942194,3.3583815028901736,1.637831603229527,Very High
21907,I'M ON HOLIDAY METAL SIGN,2371,5027.18,367,208,2.3004347826086957,13.698038147138965,6.460490463215259,4.798154555940023,Very High
21908,CHOCOLATE THIS WAY METAL SIGN,3771,7752.22,468,220,2.534714587737844,16.56457264957265,8.057692307692308,5.074971164936563,Very High
21910,WAY OUT METAL SIGN ,36,59.400000000000006,8,8,1.65,7.425000000000001,4.5,0.1845444059976932,Low
21911,GARDEN METAL SIGN ,114,203.21,29,18,2.1710344827586208,7.007241379310345,3.9310344827586206,0.4152249134948097,Medium
21912,VINTAGE SNAKES & LADDERS,1786,7047.7,396,201,4.942045454545455,17.79722222222222,4.51010101010101,4.6366782006920415,Very High
21913,VINTAGE SEASIDE JIGSAW PUZZLES,398,1565.83,148,72,4.369256756756757,10.579932432432432,2.689189189189189,1.6608996539792389,High
21914,BLUE HARMONICA IN BOX ,7876,10339.81,603,306,1.4315409836065573,17.147280265339965,13.061359867330017,7.0588235294117645,Very High
21915,RED  HARMONICA IN BOX ,21903,26294.08,661,349,1.4255722891566265,39.77924357034796,33.13615733736763,8.050749711649367,Very High
21916,SET 12 RETRO WHITE CHALK STICKS,4599,1973.49,359,156,0.5460273972602739,5.497186629526462,12.81058495821727,3.598615916955018,High
21917,SET 12 KIDS  WHITE CHALK STICKS,4151,1701.93,225,132,0.49755555555555553,7.564133333333333,18.448888888888888,3.0449826989619377,High
21918,SET 12 KIDS COLOUR  CHALK STICKS,7199,2950.25,369,193,0.5195967741935483,7.995257452574526,19.509485094850948,4.4521337946943484,Very High
21922,UNION STRIPE WITH FRINGE  HAMMOCK,898,6944.360000000001,208,113,9.187081339712918,33.386346153846155,4.3173076923076925,2.6066897347174165,Very High
21925,UNION STRIPE CUSHION COVER ,403,503.75,65,38,1.25,7.75,6.2,0.8765859284890426,Medium
21926,RED/CREAM STRIPE CUSHION COVER ,414,509.9,60,35,1.2468333333333335,8.498333333333333,6.9,0.8073817762399077,Medium
21927,BLUE/CREAM STRIPE CUSHION COVER ,623,771.15,99,41,1.2481,7.789393939393939,6.292929292929293,0.9457900807381776,High
21928,JUMBO BAG SCANDINAVIAN PAISLEY,10468,21144.41,806,264,2.697144622991347,26.233759305210917,12.987593052109181,6.0899653979238755,Very High
21929,JUMBO BAG PINK VINTAGE PAISLEY,11006,23179.06,865,308,2.678348623853211,26.796601156069364,12.723699421965318,7.104959630911188,Very High
21930,JUMBO STORAGE BAG SKULLS,6438,14006.2,705,220,2.7869887955182073,19.86695035460993,9.13191489361702,5.074971164936563,Very High
21931,JUMBO STORAGE BAG SUKI,13651,30764.010000000002,1184,333,2.746616415410385,25.983116554054057,11.52956081081081,7.681660899653979,Very High
21932,SCANDINAVIAN PAISLEY PICNIC BAG,2720,4995.38,446,218,2.0698666666666665,11.200403587443946,6.098654708520179,5.02883506343714,Very High
21933,PINK VINTAGE PAISLEY PICNIC BAG,2672,4957.43,410,198,2.0688009592326138,12.09129268292683,6.517073170731707,4.567474048442906,Very High
21934,SKULL SHOULDER BAG,2421,4480.28,411,85,2.140631067961165,10.900924574209245,5.890510948905109,1.9607843137254901,Very High
21935,SUKI  SHOULDER BAG,3393,6298.61,530,121,2.336911487758945,11.884169811320755,6.40188679245283,2.7912341407151096,Very High
21936,RED RETROSPOT PICNIC BAG,3985,11665.19,531,223,3.7098496240601504,21.968342749529192,7.504708097928437,5.144175317185698,Very High
21937,STRAWBERRY   PICNIC BAG,1707,4898.85,251,146,3.405555555555556,19.51733067729084,6.800796812749004,3.3679354094579006,Very High
21942,SKULLS DESIGN FLANNEL,287,313.01,103,14,1.3337864077669903,3.038932038834951,2.7864077669902914,0.32295271049596314,Medium
21943,CAKES AND RABBITS DESIGN FLANNEL ,119,134.48999999999998,50,7,1.2856,2.6897999999999995,2.38,0.16147635524798157,Medium
21944,KITTENS DESIGN FLANNEL,337,310.19,100,24,1.1922772277227722,3.1019,3.37,0.5536332179930795,Medium
21945,STRAWBERRIES  DESIGN FLANNEL ,358,373.34,105,27,1.3124528301886793,3.5556190476190475,3.4095238095238094,0.6228373702422145,Medium
21946,PARTY TIME DESIGN FLANNEL,86,75.35,25,8,1.0136,3.014,3.44,0.1845444059976932,Low
21947,SET OF 6 HEART CHOPSTICKS,811,1139.65,152,62,1.6988535031847132,7.497697368421053,5.3355263157894735,1.4302191464821221,High
21948,SET OF 6 CAKE CHOPSTICKS,640,978.23,153,37,1.904258064516129,6.3936601307189544,4.183006535947713,0.8535178777393311,High
21949,SET OF 6 STRAWBERRY CHOPSTICKS,801,1054.44,144,46,1.8067586206896553,7.322500000000001,5.5625,1.061130334486736,High
21955,DOORMAT UNION JACK GUNS AND ROSES,1228,7580.82,206,108,9.168653846153846,36.80009708737864,5.961165048543689,2.491349480968858,Very High
21967,PACK OF 12 SKULL TISSUES,5271,1582.1499999999999,232,129,0.44693617021276594,6.819612068965517,22.719827586206897,2.975778546712803,High
21972,SET OF 36 DINOSAUR PAPER DOILIES,335,499.08,65,35,1.6887692307692308,7.678153846153846,5.153846153846154,0.8073817762399077,Medium
21973,SET OF 36 MUSHROOM PAPER DOILIES,159,230.54999999999998,30,25,1.45,7.685,5.3,0.5767012687427913,Medium
21974,SET OF 36 PAISLEY FLOWER DOILIES,2219,3545.6,360,177,2.144388888888889,9.848888888888888,6.163888888888889,4.083044982698962,Very High
21975,PACK OF 60 DINOSAUR CAKE CASES,12312,6102.51,601,287,0.6264715447154472,10.153926788685524,20.48585690515807,6.620530565167243,Very High
21976,PACK OF 60 MUSHROOM CAKE CASES,5199,2869.9,393,181,0.8403266331658291,7.302544529262087,13.229007633587786,4.175317185697809,Very High
21977,PACK OF 60 PINK PAISLEY CAKE CASES,24820,12226.32,869,410,0.7446931818181819,14.069413118527041,28.56156501726122,9.457900807381776,Very High
21980,PACK OF 12 RED RETROSPOT TISSUES ,6685,2121.18,297,192,0.40671140939597317,7.142020202020201,22.50841750841751,4.429065743944636,High
21981,PACK OF 12 WOODLAND TISSUES ,5468,1651.3,271,143,0.48146520146520144,6.093357933579336,20.177121771217713,3.298731257208766,High
21982,PACK OF 12 SUKI TISSUES ,7173,2215.61,359,182,0.4738251366120218,6.171615598885794,19.98050139275766,4.19838523644752,High
21983,PACK OF 12 BLUE PAISLEY TISSUES ,2301,777.67,155,98,0.44819354838709674,5.017225806451613,14.845161290322581,2.260668973471742,High
21984,PACK OF 12 PINK PAISLEY TISSUES ,3458,1112.6,212,123,0.4711214953271028,5.24811320754717,16.31132075471698,2.837370242214533,High
21985,PACK OF 12 HEARTS DESIGN TISSUES ,8775,2729.5099999999998,427,262,0.4177389277389277,6.392295081967212,20.550351288056206,6.043829296424452,Very High
21986,PACK OF 12 PINK POLKADOT TISSUES,4067,1197.73,189,118,0.4273298429319371,6.337195767195768,21.51851851851852,2.7220299884659744,High
21987,PACK OF 6 SKULL PAPER CUPS,2113,1346.65,171,106,0.7704545454545454,7.87514619883041,12.35672514619883,2.445213379469435,High
21988,PACK OF 6 SKULL PAPER PLATES,2321,1862.75,193,101,1.0186153846153847,9.651554404145077,12.025906735751295,2.3298731257208765,High
21989,PACK OF 20 SKULL PAPER NAPKINS,2409,2233.1,335,130,1.1530088495575221,6.665970149253731,7.191044776119403,2.9988465974625145,Very High
21990,MODERN FLORAL STATIONERY SET,1672,2870.0,366,127,1.9954200542005418,7.841530054644808,4.5683060109289615,2.9296424452133794,Very High
21991,BOHEMIAN COLLAGE STATIONERY SET,635,1080.82,211,80,2.004245283018868,5.122369668246445,3.009478672985782,1.845444059976932,High
21992,VINTAGE PAISLEY STATIONERY SET,1901,3510.72,436,160,2.065475113122172,8.052110091743119,4.360091743119266,3.690888119953864,Very High
21993,FLORAL FOLK STATIONERY SET,1937,3355.84,425,151,2.024824355971897,7.896094117647059,4.557647058823529,3.4832756632064585,Very High
22016,Dotcomgiftshop Gift Voucher £100.00,1,83.33,1,0,83.33,83.33,1.0,0.0,Low
22021,BLUE FELT EASTER EGG BASKET,365,610.45,71,60,1.73986301369863,8.597887323943663,5.140845070422535,1.384083044982699,Medium
22023,EMPIRE BIRTHDAY CARD,1206,538.72,146,71,0.5998639455782312,3.68986301369863,8.26027397260274,1.637831603229527,Medium
22024,RAINY LADIES BIRTHDAY CARD,2406,1023.73,213,90,0.5876056338028169,4.806244131455399,11.295774647887324,2.0761245674740483,High
22025,RING OF ROSES BIRTHDAY CARD,1835,761.0500000000001,130,73,0.5516793893129771,5.85423076923077,14.115384615384615,1.6839677047289503,High
22026,BANQUET BIRTHDAY  CARD  ,1644,712.08,160,71,0.57325,4.4505,10.275,1.637831603229527,High
22027,TEA PARTY BIRTHDAY CARD,4368,1873.71,362,180,0.5336263736263736,5.175994475138122,12.066298342541437,4.1522491349480966,High
22028,PENNY FARTHING BIRTHDAY CARD,3042,1304.14,262,124,0.5452091254752851,4.97763358778626,11.610687022900763,2.8604382929642442,High
22029,SPACEBOY BIRTHDAY CARD,8161,3387.57,527,234,0.5244318181818182,6.428026565464896,15.485768500948767,5.397923875432526,Very High
22030,SWALLOWS GREETING CARD,5527,2237.89,274,179,0.4638181818181818,8.167481751824816,20.17153284671533,4.129181084198385,Very High
22031,BOTANICAL LAVENDER BIRTHDAY CARD,504,225.59,80,28,0.518875,2.819875,6.3,0.6459054209919263,Medium
22032,BOTANICAL LILY GREETING CARD,427,181.98,60,28,0.4485,3.033,7.116666666666666,0.6459054209919263,Medium
22033,BOTANICAL ROSE GREETING CARD,337,141.95,22,20,0.43863636363636366,6.452272727272727,15.318181818181818,0.461361014994233,Medium
22034,ROBIN CHRISTMAS CARD,10,5.02,4,1,0.625,1.255,2.5,0.02306805074971165,Low
22035,VINTAGE CARAVAN GREETING CARD ,1452,617.32,137,65,0.575036496350365,4.505985401459855,10.598540145985401,1.4994232987312572,Medium
22037,ROBOT BIRTHDAY CARD,3929,1695.32,354,173,0.5297183098591549,4.789039548022599,11.098870056497175,3.990772779700116,High
22038,BOTANICAL LAVENDER GIFT WRAP ,475,199.5,19,19,0.42,10.5,25.0,0.4382929642445213,Medium
22039,BOTANICAL LILY GIFT WRAP,250,105.0,7,6,0.42,15.0,35.714285714285715,0.13840830449826988,Low
22040,BOTANICAL ROSE GIFT WRAP,725,304.5,28,27,0.42,10.875,25.892857142857142,0.6228373702422145,Medium
22041,"RECORD FRAME 7"" SINGLE SIZE ",4374,11354.56,361,73,3.676493150684932,31.453074792243765,12.11634349030471,1.6839677047289503,Very High
22042,CHRISTMAS CARD SINGING ANGEL,399,168.33,39,24,0.4330769230769231,4.3161538461538465,10.23076923076923,0.5536332179930795,Medium
22043,CHRISTMAS CARD SCREEN PRINT ,1238,304.5,64,40,0.29765625,4.7578125,19.34375,0.922722029988466,Medium
22044,CHRISTMAS CARD STACK OF PRESENTS,816,196.44,36,35,0.2602777777777778,5.456666666666667,22.666666666666668,0.8073817762399077,Medium
22045,SPACEBOY GIFT WRAP,6527,2673.34,208,148,0.41865384615384615,12.852596153846154,31.379807692307693,3.4140715109573243,Very High
22046,TEA PARTY  WRAPPING PAPER ,2250,929.0,75,62,0.4189333333333333,12.386666666666667,30.0,1.4302191464821221,High
22047,EMPIRE GIFT WRAP,3375,1373.5,106,93,0.41792452830188676,12.95754716981132,31.839622641509433,2.1453287197231834,High
22048,BIRTHDAY BANQUET GIFT WRAP,975,393.5,32,32,0.4175,12.296875,30.46875,0.7381776239907728,Medium
22049,WRAP CHRISTMAS SCREEN PRINT,1050,291.5,33,26,0.2736363636363636,8.833333333333334,31.818181818181817,0.5997693194925029,Medium
22050,PINK PAISLEY ROSE GIFT WRAP,1225,498.5,40,37,0.418,12.4625,30.625,0.8535178777393311,Medium
22051,BLUE SCANDINAVIAN PAISLEY WRAP,975,409.5,39,36,0.42,10.5,25.0,0.8304498269896194,Medium
22052,VINTAGE CARAVAN GIFT WRAP,650,273.0,27,22,0.42,10.11111111111111,24.074074074074073,0.5074971164936563,Medium
22053,EMPIRE DESIGN ROSETTE,4244,3606.42,28,23,1.227857142857143,128.8007142857143,151.57142857142858,0.530565167243368,Very High
22055,MINI CAKE STAND  HANGING STRAWBERY,1375,2083.19,220,102,2.086160714285714,9.469045454545455,6.25,2.3529411764705883,High
22057,CERAMIC PLATE STRAWBERRY DESIGN,584,667.92,61,46,1.41327868852459,10.949508196721311,9.573770491803279,1.061130334486736,Medium
22059,CERAMIC STRAWBERRY DESIGN MUG,1780,2081.54,173,85,1.6124293785310733,12.032023121387283,10.289017341040463,1.9607843137254901,High
22060,LARGE CAKE STAND HANGING HEARTS,231,1111.05,34,31,5.28,32.67794117647059,6.794117647058823,0.7151095732410611,High
22061,LARGE CAKE STAND  HANGING STRAWBERY,582,4218.0599999999995,146,86,10.28958904109589,28.890821917808214,3.9863013698630136,1.983852364475202,Very High
22062,CERAMIC BOWL WITH LOVE HEART DESIGN,583,677.86,73,43,1.6003846153846153,9.285753424657534,7.986301369863014,0.991926182237601,Medium
22063,CERAMIC BOWL WITH STRAWBERRY DESIGN,583,1367.45,120,56,3.6615447154471545,11.395416666666668,4.858333333333333,1.2918108419838525,High
22064,PINK DOUGHNUT TRINKET POT ,1728,2546.3,241,85,2.1447368421052633,10.565560165975105,7.170124481327801,1.9607843137254901,Very High
22065,CHRISTMAS PUDDING TRINKET POT ,6729,3462.25,241,132,1.0662948207171314,14.366182572614107,27.92116182572614,3.0449826989619377,Very High
22066,LOVE HEART TRINKET POT,2239,1044.81,135,99,0.6829496402877698,7.739333333333333,16.585185185185185,2.283737024221453,High
22067,CHOC TRUFFLE GOLD TRINKET POT ,408,638.62,70,32,2.072535211267606,9.123142857142858,5.828571428571428,0.7381776239907728,Medium
22068,BLACK PIRATE TREASURE CHEST,526,856.39,143,56,2.382013888888889,5.988741258741259,3.6783216783216783,1.2918108419838525,High
22069,BROWN  PIRATE TREASURE CHEST ,414,993.5,146,26,3.196938775510204,6.804794520547945,2.835616438356164,0.5997693194925029,High
22070,SMALL RED RETROSPOT MUG IN BOX ,948,2354.4,116,62,4.214017094017094,20.29655172413793,8.172413793103448,1.4302191464821221,Very High
22071,SMALL WHITE RETROSPOT MUG IN BOX ,729,1384.3,86,64,3.8707954545454544,16.096511627906978,8.476744186046512,1.4763552479815456,High
22072,RED RETROSPOT TEA CUP AND SAUCER ,848,2811.17,162,90,3.9930120481927713,17.352901234567902,5.234567901234568,2.0761245674740483,Very High
22073,RED RETROSPOT STORAGE JAR,334,1336.14,69,38,4.978169014084507,19.36434782608696,4.840579710144928,0.8765859284890426,High
22074,6 RIBBONS SHIMMERING PINKS ,1402,1239.67,199,61,1.40095,6.229497487437186,7.045226130653266,1.4071510957324107,High
22075,6 RIBBONS ELEGANT CHRISTMAS ,1773,2489.03,200,96,1.774009900990099,12.445150000000002,8.865,2.214532871972318,Very High
22076,6 RIBBONS EMPIRE  ,1259,1667.88,225,96,1.611858407079646,7.412800000000001,5.595555555555555,2.214532871972318,High
22077,6 RIBBONS RUSTIC CHARM,9172,17186.62,955,413,2.211237113402062,17.996460732984293,9.604188481675394,9.527104959630911,Very High
22078,RIBBON REEL LACE DESIGN ,1369,2923.21,192,105,2.6293401015228426,15.225052083333333,7.130208333333333,2.422145328719723,Very High
22079,RIBBON REEL HEARTS DESIGN ,1897,3325.29,323,190,2.0423312883435583,10.295015479876161,5.8730650154798765,4.382929642445213,Very High
22080,RIBBON REEL POLKADOTS ,1206,2003.48,155,116,1.9770063694267515,12.92567741935484,7.780645161290322,2.675893886966551,High
22081,RIBBON REEL FLORA + FAUNA ,644,1176.5,138,74,2.313525179856115,8.52536231884058,4.666666666666667,1.7070357554786622,High
22082,RIBBON REEL STRIPES DESIGN ,2680,4661.88,409,250,1.9854457831325298,11.398239608801957,6.552567237163815,5.767012687427912,Very High
22083,PAPER CHAIN KIT RETROSPOT,4616,14051.640000000001,610,294,3.7658756137479545,23.035475409836067,7.567213114754098,6.782006920415225,Very High
22084,PAPER CHAIN KIT EMPIRE,5181,15099.37,436,277,3.2728442437923255,34.63158256880734,11.88302752293578,6.3898500576701265,Very High
22085,PAPER CHAIN KIT SKULLS ,548,1566.99,97,62,3.175714285714286,16.154536082474227,5.649484536082475,1.4302191464821221,High
22086,PAPER CHAIN KIT 50'S CHRISTMAS ,19329,64875.590000000004,1160,613,3.362331081081081,55.92723275862069,16.66293103448276,14.14071510957324,Very High
22087,PAPER BUNTING WHITE LACE,4082,11872.58,326,155,3.396042296072508,36.418957055214726,12.521472392638037,3.575547866205306,Very High
22088,PAPER BUNTING COLOURED LACE,1893,5661.05,238,115,3.5898333333333334,23.7859243697479,7.953781512605042,2.6528258362168398,Very High
22089,PAPER BUNTING VINTAGE PAISLEY,1423,4457.43,272,142,3.5026277372262773,16.38761029411765,5.231617647058823,3.275663206459054,Very High
22090,PAPER BUNTING RETROSPOT,7562,22785.06,798,325,3.7798004987531173,28.552706766917296,9.476190476190476,7.497116493656286,Very High
22091,EMPIRE TISSUE BOX,1983,1030.1,167,97,0.958502994011976,6.168263473053892,11.874251497005988,2.23760092272203,High
22092,BLUE PAISLEY TISSUE BOX,670,321.4,91,75,0.5719780219780219,3.5318681318681318,7.362637362637362,1.7301038062283738,Medium
22093,MOTORING TISSUE BOX,1830,822.13,160,114,0.6054938271604938,5.1383125,11.4375,2.629757785467128,High
22094,RED RETROSPOT TISSUE BOX,2166,1135.0,200,117,1.066600985221675,5.675,10.83,2.698961937716263,High
22095,LADS ONLY TISSUE BOX,1643,1605.96,143,72,1.1489333333333334,11.23048951048951,11.48951048951049,1.6608996539792389,High
22096,PINK PAISLEY SQUARE TISSUE BOX ,1366,584.09,117,89,0.6522314049586777,4.992222222222223,11.675213675213675,2.053056516724337,Medium
22097,SWALLOW SQUARE TISSUE BOX,1596,732.39,145,103,0.6958169934640523,5.050965517241379,11.006896551724138,2.3760092272203,High
22098,BOUDOIR SQUARE TISSUE BOX,1992,1001.55,172,98,0.9610112359550562,5.82296511627907,11.581395348837209,2.260668973471742,High
22099,CARAVAN SQUARE TISSUE BOX,1440,800.59,153,96,0.9591139240506329,5.232614379084968,9.411764705882353,2.214532871972318,High
22100,SKULLS SQUARE TISSUE BOX,755,354.82,59,34,1.1886440677966101,6.013898305084745,12.796610169491526,0.7843137254901961,Medium
22101,MIRROR MOSAIC VOTIVE HOLDER,1438,2053.17,69,21,2.2659420289855072,29.75608695652174,20.840579710144926,0.4844290657439446,High
22102,MIRROR MOSAIC T-LIGHT HOLDER ,1622,831.84,31,13,2.0570967741935484,26.833548387096776,52.32258064516129,0.29988465974625145,High
22103,MIRROR MOSAIC T-LIGHT HOLDER ROUND,1248,908.24,26,12,2.12,34.932307692307695,48.0,0.27681660899653976,High
22104,MIRROR MOSAIC CANDLE PLATE,288,343.71,59,9,1.58,5.825593220338983,4.88135593220339,0.20761245674740486,Medium
22105,MIRROR MOSAIC GOBLET CANDLE HOLDER,574,847.82,33,9,3.9760606060606065,25.69151515151515,17.393939393939394,0.20761245674740486,High
22106,MIRROR MOSAIC HURRICANE LAMP ,349,898.38,47,9,5.131914893617021,19.114468085106385,7.425531914893617,0.20761245674740486,High
22107,PIZZA PLATE IN BOX,592,2153.06,179,44,4.238901098901099,12.02826815642458,3.3072625698324023,1.0149942329873125,High
22108,PING! MICROWAVE PLATE,152,415.09,63,16,3.1066666666666665,6.588730158730159,2.4126984126984126,0.3690888119953864,Medium
22109,FULL ENGLISH BREAKFAST PLATE,1640,6921.15,296,100,5.498528428093645,23.38226351351351,5.54054054054054,2.306805074971165,Very High
22110,BIRD HOUSE HOT WATER BOTTLE,1172,4912.14,279,116,4.051458333333333,17.606236559139788,4.200716845878136,2.675893886966551,Very High
22111,SCOTTIE DOG HOT WATER BOTTLE,4655,24455.39,771,425,5.805300896286813,31.719053177691308,6.0376134889753565,9.803921568627452,Very High
22112,CHOCOLATE HOT WATER BOTTLE,6017,32826.58,858,382,6.075206422018349,38.259417249417254,7.012820512820513,8.81199538638985,Very High
22113,GREY HEART HOT WATER BOTTLE,3220,12763.08,561,337,4.404398625429553,22.750588235294117,5.739750445632799,7.773933102652826,Very High
22114,HOT WATER BOTTLE TEA AND SYMPATHY,5740,32973.44,643,325,5.024473684210526,51.28062208398134,8.926905132192847,7.497116493656286,Very High
22115,METAL SIGN EMPIRE TEA,1549,2020.91,228,152,2.34704347826087,8.863640350877194,6.793859649122807,3.5063437139561704,High
22116,METAL SIGN HIS DINNER IS SERVED,575,620.42,148,65,1.4704729729729729,4.192027027027026,3.885135135135135,1.4994232987312572,Medium
22117,METAL SIGN HER DINNER IS SERVED ,1320,3896.4500000000003,95,58,2.9212631578947374,41.015263157894736,13.894736842105264,1.3379469434832756,Very High
22118,JOY WOODEN BLOCK LETTERS,230,895.26,89,67,5.188426966292135,10.059101123595505,2.5842696629213484,1.5455594002306805,High
22119,PEACE WOODEN BLOCK LETTERS,345,1734.8700000000001,106,82,6.319629629629629,16.366698113207548,3.2547169811320753,1.8915801614763552,High
22120,WELCOME  WOODEN BLOCK LETTERS,523,5247.09,188,121,10.999627659574466,27.91005319148936,2.7819148936170213,2.7912341407151096,Very High
22121,NOEL WOODEN BLOCK LETTERS ,352,2159.7000000000003,133,94,6.868805970149254,16.238345864661657,2.6466165413533833,2.1683967704728953,High
22123,PING MICROWAVE APRON,508,1068.3799999999999,122,59,3.0187804878048783,8.757213114754098,4.163934426229508,1.3610149942329872,High
22124,SET OF 2 TEA TOWELS PING MICROWAVE,149,306.16,76,14,2.4578947368421056,4.028421052631579,1.9605263157894737,0.32295271049596314,Medium
22125,UNION JACK HOT WATER BOTTLE ,13,139.86,3,1,10.453333333333333,46.620000000000005,4.333333333333333,0.02306805074971165,Medium
22127,PARTY CONES CARNIVAL ASSORTED,404,504.88,22,20,2.227826086956522,22.94909090909091,18.363636363636363,0.461361014994233,Medium
22128,PARTY CONES CANDY ASSORTED,1762,2127.53,76,62,1.395921052631579,27.993815789473686,23.18421052631579,1.4302191464821221,High
22129,PARTY CONES CANDY TREE DECORATION,1188,1226.4199999999998,100,33,1.9918,12.264199999999999,11.88,0.7612456747404844,High
22130,PARTY CONE CHRISTMAS DECORATION ,2277,2664.63,110,78,1.7685840707964602,24.223909090909093,20.7,1.799307958477509,Very High
22131,FOOD CONTAINER SET 3 LOVE HEART ,2031,3936.5899999999997,291,115,2.8124324324324323,13.527800687285222,6.979381443298969,2.6528258362168398,Very High
22132,RED LOVE HEART SHAPE CUP,1038,939.03,154,60,1.2053896103896105,6.097597402597402,6.740259740259741,1.384083044982699,High
22133,PINK LOVE HEART SHAPE CUP,816,770.73,133,41,1.286390977443609,5.7949624060150375,6.135338345864661,0.9457900807381776,High
22134,LADLE LOVE HEART RED ,889,419.0,162,29,0.6503067484662577,2.5864197530864197,5.487654320987654,0.6689734717416378,Medium
22135,LADLE LOVE HEART PINK,567,322.38,179,22,0.6762569832402234,1.8010055865921788,3.1675977653631286,0.5074971164936563,Medium
22136,LOVE HEART SOCK HANGER,378,679.28,84,37,2.3049999999999997,8.086666666666666,4.5,0.8535178777393311,Medium
22137,BATHROOM SET LOVE HEART DESIGN,82,237.98000000000002,14,9,3.1242857142857146,16.99857142857143,5.857142857142857,0.20761245674740486,Medium
22138,BAKING SET 9 PIECE RETROSPOT ,4937,24185.27,934,581,5.353144989339019,25.89429336188437,5.285867237687366,13.402537485582469,Very High
22139,RETROSPOT TEA SET CERAMIC 11 PC ,4518,22868.260000000002,962,488,5.730788381742739,23.771580041580044,4.696465696465697,11.257208765859286,Very High
22141,CHRISTMAS CRAFT TREE TOP ANGEL,2791,6463.79,457,256,2.6021551724137932,14.143960612691465,6.107221006564552,5.905420991926182,Very High
22142,CHRISTMAS CRAFT WHITE FAIRY ,3247,4946.19,377,259,1.7504663212435232,13.119867374005304,8.612732095490717,5.974625144175317,Very High
22144,CHRISTMAS CRAFT LITTLE FRIENDS,4073,9662.28,544,319,2.5802712477396024,17.76154411764706,7.487132352941177,7.3587081891580155,Very High
22145,CHRISTMAS CRAFT HEART STOCKING ,30,63.0,1,1,2.1,63.0,30.0,0.02306805074971165,Low
22146,EASTER CRAFT IVY WREATH WITH CHICK,1,1.95,1,1,1.95,1.95,1.0,0.02306805074971165,Low
22147,FELTCRAFT BUTTERFLY HEARTS,6226,8621.14,481,287,1.6384444444444444,17.92336798336798,12.943866943866944,6.620530565167243,Very High
22148,EASTER CRAFT 4 CHICKS ,1933,3917.45,186,148,2.255079365079365,21.061559139784944,10.39247311827957,3.4140715109573243,Very High
22149,FELTCRAFT 6 FLOWER FRIENDS,6070,12357.08,547,337,2.455298372513562,22.590639853747714,11.09689213893967,7.773933102652826,Very High
22150,3 STRIPEY MICE FELTCRAFT,3021,5907.84,468,288,2.2756779661016946,12.623589743589744,6.455128205128205,6.6435986159169556,Very High
22151,PLACE SETTING WHITE HEART,15126,6322.21,332,174,0.5779646017699115,19.042801204819277,45.56024096385542,4.013840830449826,Very High
22152,PLACE SETTING WHITE STAR,2407,1053.08,105,70,0.5537614678899082,10.029333333333332,22.923809523809524,1.6147635524798154,High
22153,ANGEL DECORATION STARS ON DRESS,2593,1109.05,131,61,0.5472058823529412,8.466030534351145,19.793893129770993,1.4071510957324107,High
22154,ANGEL DECORATION 3 BUTTONS ,3745,1636.67,162,87,0.5443373493975904,10.102901234567902,23.117283950617285,2.006920415224913,High
22155,STAR DECORATION RUSTIC,2452,1133.61,142,67,0.5784563758389262,7.983169014084506,17.267605633802816,1.5455594002306805,High
22156,HEART DECORATION WITH PEARLS ,2196,2113.13,256,106,1.1691570881226052,8.2544140625,8.578125,2.445213379469435,High
22157,ANGEL DECORATION WITH LACE PADDED,212,180.2,11,11,0.85,16.38181818181818,19.272727272727273,0.2537485582468281,Medium
22158,3 HEARTS HANGING DECORATION RUSTIC,3413,11797.380000000001,303,196,3.352964169381108,38.93524752475248,11.264026402640264,4.521337946943484,Very High
22161,HEART DECORATION RUSTIC HANGING ,5083,1645.75,340,118,0.5981792717086835,4.840441176470589,14.95,2.7220299884659744,High
22162,HEART GARLAND RUSTIC PADDED,264,841.24,91,21,3.2348913043478262,9.244395604395605,2.901098901098901,0.4844290657439446,High
22163,HEART STRING MEMO HOLDER HANGING,875,1042.78,122,41,1.7872580645161291,8.547377049180328,7.172131147540983,0.9457900807381776,High
22164,STRING OF STARS CARD HOLDER,78,250.22000000000003,15,11,3.5340000000000003,16.681333333333335,5.2,0.2537485582468281,Medium
22165,"DIAMANTE HEART SHAPED WALL MIRROR, ",415,3328.2,146,27,11.87312925170068,22.795890410958904,2.8424657534246576,0.6228373702422145,Very High
22166,WALL MIRROR RECTANGLE DIAMANTE PINK,207,1614.4,87,13,12.049080459770115,18.55632183908046,2.3793103448275863,0.29988465974625145,High
22167, OVAL WALL MIRROR DIAMANTE ,236,2391.12,156,41,10.774935897435897,15.327692307692306,1.5128205128205128,0.9457900807381776,Very High
22168,ORGANISER WOOD ANTIQUE WHITE ,143,1205.3,76,69,8.488815789473684,15.859210526315788,1.881578947368421,1.591695501730104,High
22169,FAMILY ALBUM WHITE PICTURE FRAME,1197,10345.76,372,165,10.152849462365591,27.811182795698926,3.217741935483871,3.8062283737024223,Very High
22170,PICTURE FRAME WOOD TRIPLE PORTRAIT,1068,6977.6,265,142,7.740037735849057,26.33056603773585,4.030188679245283,3.275663206459054,Very High
22171,3 HOOK PHOTO SHELF ANTIQUE WHITE,1794,13611.81,382,172,10.020785340314136,35.63301047120419,4.696335078534031,3.967704728950404,Very High
22173,METAL 4 HOOK HANGER FRENCH CHATEAU,2444,7767.8,493,210,3.8380321285140564,15.756186612576066,4.9574036511156185,4.844290657439446,Very High
22174,PHOTO CUBE,3218,5978.78,321,104,2.596676923076923,18.625482866043612,10.024922118380061,2.3990772779700116,Very High
22175,PINK OWL SOFT TOY,877,2594.23,171,84,3.462046783625731,15.17093567251462,5.128654970760234,1.9377162629757785,Very High
22176,BLUE OWL SOFT TOY,512,1536.88,115,62,3.312735042735043,13.36417391304348,4.452173913043478,1.4302191464821221,High
22178,VICTORIAN GLASS HANGING T-LIGHT,24275,33146.82,1037,403,1.6440249759846302,31.964146576663452,23.40887174541948,9.296424452133795,Very High
22179,SET 10 LIGHTS NIGHT OWL,966,7226.2,289,98,8.985479452054793,25.004152249134947,3.342560553633218,2.260668973471742,Very High
22180,RETROSPOT LAMP,330,3521.54,155,92,11.514709677419354,22.719612903225805,2.129032258064516,2.122260668973472,Very High
22181,SNOWSTORM PHOTO FRAME FRIDGE MAGNET,591,500.90999999999997,57,40,0.9998245614035087,8.787894736842105,10.368421052631579,0.922722029988466,Medium
22182,CAKE STAND VICTORIAN FILIGREE SMALL,372,1420.58,122,30,4.323770491803279,11.644098360655738,3.0491803278688523,0.6920415224913495,High
22183,CAKE STAND VICTORIAN FILIGREE MED,322,1916.01,129,16,5.957364341085271,14.852790697674418,2.496124031007752,0.3690888119953864,High
22184,CAKE STAND VICTORIAN FILIGREE LARGE,56,471.86,35,3,8.427142857142856,13.481714285714286,1.6,0.06920415224913494,Medium
22185,SLATE TILE NATURAL HANGING,1472,2235.94,162,111,1.9492073170731707,13.802098765432099,9.08641975308642,2.5605536332179932,Very High
22186,RED STAR CARD HOLDER,848,1997.48,149,111,3.0438666666666667,13.405906040268457,5.691275167785235,2.5605536332179932,High
22187,GREEN CHRISTMAS TREE CARD HOLDER,1266,3245.68,192,123,3.9398969072164944,16.90458333333333,6.59375,2.837370242214533,Very High
22188,BLACK HEART CARD HOLDER,4870,12483.220000000001,189,123,4.3502645502645505,66.04878306878308,25.767195767195766,2.837370242214533,Very High
22189,CREAM HEART CARD HOLDER,8284,23435.82,524,274,4.4527186311787075,44.72484732824427,15.80916030534351,6.320645905420992,Very High
22190,LOCAL CAFE MUG,676,1057.71,116,38,2.180769230769231,9.118189655172413,5.827586206896552,0.8765859284890426,High
22191,IVORY DINER WALL CLOCK,1445,11911.65,415,239,8.85322966507177,28.70277108433735,3.4819277108433737,5.513264129181084,Very High
22192,BLUE DINER WALL CLOCK,954,8189.29,365,179,9.043780821917808,22.43641095890411,2.6136986301369864,4.129181084198385,Very High
22193,RED DINER WALL CLOCK,1400,11857.07,460,206,9.24141304347826,25.77623913043478,3.0434782608695654,4.7520184544406,Very High
22194,BLACK DINER WALL CLOCK,66,625.6899999999999,44,24,9.790227272727272,14.220227272727271,1.5,0.5536332179930795,Medium
22195,LARGE HEART MEASURING SPOONS,1976,3720.66,373,148,2.3564285714285713,9.974959785522788,5.297587131367292,3.4140715109573243,Very High
22196,SMALL HEART MEASURING SPOONS,2847,2754.16,472,146,1.2229853862212943,5.835084745762711,6.031779661016949,3.3679354094579006,Very High
22197,SMALL POPCORN HOLDER,56898,51334.47,1392,407,1.0435543018335685,36.87821120689655,40.875,9.388696655132641,Very High
22198,LARGE POPCORN HOLDER ,1025,1870.91,86,42,2.2325581395348837,21.754767441860466,11.918604651162791,0.9688581314878892,High
22199,FRYING PAN RED RETROSPOT,467,1926.59,167,71,5.2957485029940115,11.536467065868264,2.7964071856287425,1.637831603229527,High
22200,FRYING PAN PINK POLKADOT,398,1809.48,140,51,5.907163120567375,12.924857142857142,2.842857142857143,1.1764705882352942,High
22201,FRYING PAN BLUE POLKADOT,193,716.8,87,29,4.299540229885057,8.239080459770115,2.218390804597701,0.6689734717416378,High
22202,MILK PAN PINK POLKADOT,64,319.35,37,16,5.68972972972973,8.631081081081081,1.7297297297297298,0.3690888119953864,Medium
22203,MILK PAN RED RETROSPOT,403,1483.13,145,75,4.484551724137931,10.228482758620691,2.779310344827586,1.7301038062283738,High
22204,MILK PAN BLUE POLKADOT,197,669.54,79,23,3.7055,8.47518987341772,2.4936708860759493,0.530565167243368,Medium
22206,"MUG , DOTCOMGIFTSHOP.COM ",5,4.17,5,0,0.834,0.834,1.0,0.0,Low
22207,FRYING PAN UNION FLAG,1333,5833.59,208,68,6.180480769230769,28.04610576923077,6.408653846153846,1.5686274509803921,Very High
22208,WOOD STAMP SET THANK YOU,1509,1571.49,280,148,1.277937062937063,5.612464285714286,5.389285714285714,3.4140715109573243,High
22209,WOOD STAMP SET HAPPY BIRTHDAY,945,964.22,173,100,1.2049425287356321,5.573526011560694,5.46242774566474,2.306805074971165,High
22210,WOOD STAMP SET BEST WISHES,1017,958.04,187,117,1.130362694300518,5.1232085561497325,5.438502673796791,2.698961937716263,High
22211,WOOD STAMP SET FLOWERS,1008,1122.39,196,101,1.2908457711442785,5.7264795918367355,5.142857142857143,2.3298731257208765,High
22212,FOUR HOOK  WHITE LOVEBIRDS,1609,3700.94,399,145,2.8394306930693074,9.275538847117794,4.032581453634085,3.3448673587081887,Very High
22214,CANDLE PLATE LACE WHITE,193,416.6,56,18,2.6326785714285714,7.439285714285715,3.4464285714285716,0.4152249134948097,Medium
22215,CAKE STAND WHITE TWO TIER LACE,343,2471.39,101,71,8.513465346534653,24.469207920792076,3.396039603960396,1.637831603229527,Very High
22216,T-LIGHT HOLDER WHITE LACE,588,512.93,68,17,1.1177941176470587,7.543088235294117,8.647058823529411,0.39215686274509803,Medium
22217,T-LIGHT HOLDER HANGING LACE,839,831.26,82,63,1.318170731707317,10.137317073170731,10.231707317073171,1.453287197231834,High
22218,CAKE STAND LACE WHITE,1,4.25,1,1,4.25,4.25,1.0,0.02306805074971165,Low
22219,LOVEBIRD HANGING DECORATION WHITE ,4133,4033.73,544,190,1.1821157323688969,7.414944852941177,7.5974264705882355,4.382929642445213,Very High
22220,CAKE STAND LOVEBIRD 2 TIER WHITE,231,1849.25,86,64,10.015581395348836,21.502906976744185,2.686046511627907,1.4763552479815456,High
22221,CAKE STAND LOVEBIRD 2 TIER PINK,131,1104.54,51,37,10.617450980392157,21.657647058823528,2.5686274509803924,0.8535178777393311,High
22222,CAKE PLATE LOVEBIRD WHITE,1057,3880.2,222,104,5.441216216216216,17.478378378378377,4.761261261261262,2.3990772779700116,Very High
22223,CAKE PLATE LOVEBIRD PINK,441,1821.61,78,34,5.30493670886076,23.35397435897436,5.653846153846154,0.7843137254901961,High
22224,WHITE LOVEBIRD LANTERN,834,2764.0600000000004,164,89,3.735454545454546,16.854024390243904,5.085365853658536,2.053056516724337,Very High
22227,HANGING HEART MIRROR DECORATION ,2341,1708.07,289,83,0.8917940199335549,5.910276816608996,8.100346020761245,1.914648212226067,High
22228,BUNNY WOODEN PAINTED WITH BIRD ,1000,777.78,147,81,0.9306802721088435,5.2910204081632655,6.802721088435374,1.8685121107266434,High
22229,BUNNY WOODEN PAINTED WITH FLOWER ,568,432.46,101,54,0.9327184466019417,4.281782178217822,5.623762376237623,1.245674740484429,Medium
22230,JIGSAW TREE WITH WATERING CAN,1047,480.63,101,50,0.792135922330097,4.758712871287129,10.366336633663366,1.1534025374855825,Medium
22231,JIGSAW TREE WITH BIRDHOUSE,998,1027.72,144,93,1.2261904761904763,7.1369444444444445,6.930555555555555,2.1453287197231834,High
22232,JIGSAW TOADSTOOLS 3 PIECE,690,604.4599999999999,83,54,1.0685542168674698,7.282650602409638,8.313253012048193,1.245674740484429,Medium
22233,JIGSAW RABBIT AND BIRDHOUSE,596,607.14,105,70,1.2927777777777778,5.782285714285714,5.6761904761904765,1.6147635524798154,Medium
22236,CAKE STAND 3 TIER MAGIC GARDEN,308,3624.5999999999995,88,67,12.525,41.188636363636355,3.5,1.5455594002306805,Very High
22241,GARLAND WOODEN HAPPY EASTER,1952,2609.43,239,125,1.610539419087137,10.918117154811714,8.167364016736402,2.883506343713956,Very High
22242,5 HOOK HANGER MAGIC TOADSTOOL,640,994.38,34,23,1.9782352941176469,29.246470588235294,18.823529411764707,0.530565167243368,High
22243,5 HOOK HANGER RED MAGIC TOADSTOOL,3098,4751.639999999999,131,71,1.9261654135338346,36.272061068702286,23.64885496183206,1.637831603229527,Very High
22244,3 HOOK HANGER MAGIC GARDEN,1703,3276.2099999999996,159,66,2.8271249999999997,20.60509433962264,10.71069182389937,1.5224913494809689,Very High
22245,"HOOK, 1 HANGER ,MAGIC GARDEN",1262,1070.0,98,44,1.1806060606060607,10.918367346938776,12.877551020408163,1.0149942329873125,High
22246,MAGIC GARDEN FELT GARLAND ,431,962.77,90,31,2.8153333333333332,10.697444444444445,4.788888888888889,0.7151095732410611,High
22247,BUNNY DECORATION MAGIC GARDEN,668,591.4399999999999,113,54,1.0199137931034483,5.233982300884955,5.911504424778761,1.245674740484429,Medium
22248,DECORATION  PINK CHICK MAGIC GARDEN,593,525.09,109,43,1.0403603603603602,4.817339449541285,5.440366972477064,0.991926182237601,Medium
22249,DECORATION WHITE CHICK MAGIC GARDEN,928,812.86,145,73,1.007364864864865,5.605931034482759,6.4,1.6839677047289503,High
22250,DECORATION  BUTTERFLY  MAGIC GARDEN,819,730.95,147,57,1.0487837837837837,4.972448979591837,5.571428571428571,1.314878892733564,High
22251,BIRDHOUSE DECORATION MAGIC GARDEN,712,889.49,137,66,1.529136690647482,6.492627737226277,5.197080291970803,1.5224913494809689,High
22252,BIRDCAGE DECORATION TEALIGHT HOLDER,643,761.57,67,48,1.236231884057971,11.366716417910448,9.597014925373134,1.107266435986159,High
22254,FELT TOADSTOOL LARGE,657,836.8000000000001,61,33,1.6237704918032787,13.718032786885248,10.770491803278688,0.7612456747404844,High
22255,FELT TOADSTOOL  SMALL,629,602.63,77,33,1.185844155844156,7.826363636363636,8.168831168831169,0.7612456747404844,Medium
22256,FELT FARM ANIMAL CHICKEN,286,387.9,50,32,1.6088235294117645,7.757999999999999,5.72,0.7381776239907728,Medium
22257,FELT FARM ANIMAL SHEEP,373,280.42,42,16,1.0997727272727273,6.676666666666667,8.880952380952381,0.3690888119953864,Medium
22258,FELT FARM ANIMAL RABBIT,912,743.89,77,35,1.325194805194805,9.66090909090909,11.844155844155845,0.8073817762399077,High
22259,FELT FARM ANIMAL HEN,481,332.84,44,16,1.0475555555555556,7.564545454545454,10.931818181818182,0.3690888119953864,Medium
22260,FELT EGG COSY BLUE RABBIT ,552,577.4399999999999,104,37,1.2758878504672895,5.552307692307692,5.3076923076923075,0.8535178777393311,Medium
22261,FELT EGG COSY WHITE RABBIT ,579,544.7099999999999,107,61,1.1352727272727272,5.090747663551401,5.411214953271028,1.4071510957324107,Medium
22262,FELT EGG COSY CHICKEN,1023,950.4599999999999,137,62,1.1047887323943661,6.937664233576641,7.467153284671533,1.4302191464821221,High
22263,FELT EGG COSY LADYBIRD ,326,195.97,51,14,1.0479245283018868,3.842549019607843,6.392156862745098,0.32295271049596314,Medium
22264,FELT FARM ANIMAL WHITE BUNNY ,1561,736.9799999999999,96,38,1.0378571428571428,7.676874999999999,16.260416666666668,0.8765859284890426,High
22265,EASTER DECORATION NATURAL CHICK,536,363.55,64,42,0.7798571428571429,5.68046875,8.375,0.9688581314878892,Medium
22266,EASTER DECORATION HANGING BUNNY,1887,595.85,92,69,0.5661616161616162,6.476630434782609,20.51086956521739,1.591695501730104,Medium
22267,EASTER DECORATION EGG BUNNY ,836,673.17,83,67,1.094470588235294,8.110481927710843,10.072289156626505,1.5455594002306805,Medium
22268,EASTER DECORATION SITTING BUNNY,2009,802.3399999999999,158,73,0.7259259259259259,5.078101265822784,12.715189873417721,1.6839677047289503,High
22269,EGG CUP NATURAL CHICKEN,932,621.49,125,62,1.0416666666666667,4.97192,7.456,1.4302191464821221,Medium
22270,HAPPY EASTER HANGING DECORATION,243,942.1999999999999,53,35,4.418,17.777358490566037,4.584905660377358,0.8073817762399077,High
22271,FELTCRAFT DOLL ROSIE,1701,5007.35,301,181,3.38049504950495,16.635714285714286,5.651162790697675,4.175317185697809,Very High
22272,FELTCRAFT DOLL MARIA,196,564.9200000000001,48,43,3.0626530612244904,11.769166666666669,4.083333333333333,0.991926182237601,Medium
22273,FELTCRAFT DOLL MOLLY,4509,12001.59,331,211,3.2667267267267266,36.258580060422965,13.622356495468278,4.867358708189158,Very High
22274,FELTCRAFT DOLL EMILY,1340,3953.4800000000005,267,168,3.327977528089888,14.807041198501874,5.0187265917602994,3.875432525951557,Very High
22275,WEEKEND BAG VINTAGE ROSE PAISLEY,69,527.85,1,1,7.65,527.85,69.0,0.02306805074971165,Medium
22276,WASH BAG VINTAGE ROSE PAISLEY,290,838.86,85,53,3.3250588235294116,9.868941176470589,3.411764705882353,1.2226066897347174,High
22277,COSMETIC BAG VINTAGE ROSE PAISLEY,417,897.74,100,54,2.6088,8.9774,4.17,1.245674740484429,High
22278,OVERNIGHT BAG VINTAGE ROSE PAISLEY,405,2704.35,178,59,7.358076923076922,15.192977528089887,2.2752808988764044,1.3610149942329872,Very High
22279,POCKET BAG BLUE PAISLEY RED SPOT,831,1003.4,128,43,1.4172307692307693,7.8390625,6.4921875,0.991926182237601,High
22280,POCKET BAG PINK PAISELY BROWN SPOT,468,509.59000000000003,95,26,1.2945833333333334,5.364105263157895,4.926315789473684,0.5997693194925029,Medium
22281,EASTER TREE YELLOW BIRDS,131,929.44,63,35,8.020793650793651,14.753015873015874,2.0793650793650795,0.8073817762399077,High
22282,12 EGG HOUSE PAINTED WOOD,149,2378.52,99,39,17.214646464646464,24.025454545454544,1.505050505050505,0.8996539792387545,Very High
22283,6 EGG HOUSE PAINTED WOOD,299,2726.43,155,82,9.944580645161292,17.589870967741934,1.929032258064516,1.8915801614763552,Very High
22284,HEN HOUSE DECORATION,927,1597.07,131,78,2.036212121212121,12.191374045801526,7.076335877862595,1.799307958477509,High
22285,"DECORATION HEN ON NEST, HANGING",870,1493.25,120,74,2.0395121951219513,12.44375,7.25,1.7070357554786622,High
22286,"DECORATION , WOBBLY RABBIT , METAL ",1123,1022.49,115,64,1.6037391304347828,8.891217391304348,9.765217391304347,1.4763552479815456,High
22287,"DECORATION , WOBBLY CHICKEN, METAL ",794,716.86,80,51,1.5314999999999999,8.96075,9.925,1.1764705882352942,High
22288,HANGING METAL RABBIT DECORATION,474,616.95,58,37,1.6053225806451612,10.637068965517242,8.172413793103448,0.8535178777393311,Medium
22289,HANGING METAL CHICKEN DECORATION,148,193.52,34,19,1.4934285714285713,5.6917647058823535,4.352941176470588,0.4382929642445213,Medium
22291,HANGING CHICK CREAM DECORATION,1289,1906.02,120,72,1.6335245901639344,15.8835,10.741666666666667,1.6608996539792389,High
22292,HANGING CHICK  YELLOW DECORATION,1136,1604.51,112,76,1.5945689655172415,14.325982142857143,10.142857142857142,1.7531718569780852,High
22293,HANGING CHICK GREEN DECORATION,903,1335.87,122,63,1.7224,10.949754098360655,7.401639344262295,1.453287197231834,High
22294,HEART FILIGREE DOVE  SMALL,5457,6805.08,299,162,1.453355048859935,22.759464882943142,18.25083612040134,3.7370242214532867,Very High
22295,HEART FILIGREE DOVE LARGE,2789,4613.97,250,155,1.9075984251968503,18.45588,11.156,3.575547866205306,Very High
22296,HEART IVORY TRELLIS LARGE,3140,5247.72,318,189,1.8795412844036699,16.502264150943397,9.874213836477987,4.359861591695502,Very High
22297,HEART IVORY TRELLIS SMALL,4164,5459.91,378,157,1.746631853785901,14.444206349206349,11.015873015873016,3.621683967704729,Very High
22299,PIG KEYRING WITH LIGHT & SOUND ,1379,1386.97,80,38,1.7235,17.337125,17.2375,0.8765859284890426,High
22300,COFFEE MUG DOG + BALL DESIGN,1528,3409.21,196,100,3.1201020408163265,17.39392857142857,7.795918367346939,2.306805074971165,Very High
22301,COFFEE MUG CAT + BIRD DESIGN,2205,4980.83,252,123,3.1865079365079363,19.765198412698414,8.75,2.837370242214533,Very High
22302,COFFEE MUG PEARS  DESIGN,2329,5134.29,212,134,2.7265727699530515,24.218349056603774,10.985849056603774,3.091118800461361,Very High
22303,COFFEE MUG APPLES DESIGN,2816,6338.25,261,155,2.7623664122137406,24.28448275862069,10.789272030651341,3.575547866205306,Very High
22304,COFFEE MUG BLUE PAISLEY DESIGN,761,1352.88,61,38,3.118360655737705,22.178360655737706,12.475409836065573,0.8765859284890426,High
22305,COFFEE MUG PINK PAISLEY DESIGN,693,1604.5800000000002,51,35,3.0107843137254897,31.462352941176473,13.588235294117647,0.8073817762399077,High
22306,SILVER MUG BONE CHINA TREE OF LIFE,1162,1415.85,111,85,1.845840707964602,12.755405405405405,10.468468468468469,1.9607843137254901,High
22307,GOLD MUG BONE CHINA TREE OF LIFE,770,969.64,74,53,2.222,13.103243243243243,10.405405405405405,1.2226066897347174,High
22308,TEA COSY BLUE STRIPE,250,877.38,105,27,4.214476190476191,8.356,2.380952380952381,0.6228373702422145,High
22309,TEA COSY RED  STRIPE,369,1091.05,121,48,3.744262295081967,9.01694214876033,3.049586776859504,1.107266435986159,High
22310,IVORY KNITTED MUG COSY ,668,1296.23,109,29,2.583693693693694,11.892018348623854,6.128440366972477,0.6689734717416378,High
22311,OFFICE MUG WARMER BLACK+SILVER ,1132,3403.76,142,61,4.082222222222223,23.970140845070425,7.971830985915493,1.4071510957324107,Very High
22312,OFFICE MUG WARMER POLKADOT,645,1950.4900000000002,131,61,3.6210526315789475,14.889236641221375,4.923664122137405,1.4071510957324107,High
22313,OFFICE MUG WARMER PINK,565,1564.8300000000002,65,41,3.51179104477612,24.074307692307695,8.692307692307692,0.9457900807381776,High
22314,OFFICE MUG WARMER CHOC+BLUE,570,1759.1200000000001,133,58,3.962148148148148,13.226466165413536,4.285714285714286,1.3379469434832756,High
22315,200 RED + WHITE BENDY STRAWS,916,1218.93,172,90,1.4587861271676301,7.086802325581396,5.325581395348837,2.0761245674740483,High
22316,200 BENDY SKULL STRAWS,660,742.37,55,28,1.3725454545454545,13.497636363636364,12.0,0.6459054209919263,High
22317,FIVE CATS HANGING DECORATION,286,879.6700000000001,89,35,3.65561797752809,9.883932584269663,3.2134831460674156,0.8073817762399077,High
22318,FIVE HEART HANGING DECORATION,462,1541.6200000000001,142,67,3.984685314685315,10.856478873239437,3.2535211267605635,1.5455594002306805,High
22319,HAIRCLIPS FORTIES FABRIC ASSORTED,1322,572.26,61,53,0.5670491803278689,9.381311475409836,21.672131147540984,1.2226066897347174,Medium
22320,BIRDS MOBILE VINTAGE DESIGN,189,1147.27,73,56,6.261232876712329,15.716027397260273,2.589041095890411,1.2918108419838525,High
22321,BIRD DECORATION RED RETROSPOT,893,860.93,132,45,1.2836363636363637,6.522196969696969,6.765151515151516,1.0380622837370241,High
22322,BIRD DECORATION GREEN POLKADOT,820,747.81,139,30,1.1363309352517985,5.379928057553957,5.899280575539568,0.6920415224913495,High
22323,PINK POLKADOT KIDS BAG,1,1.95,1,1,1.95,1.95,1.0,0.02306805074971165,Low
22324,BLUE POLKADOT KIDS BAG,286,688.3,74,20,3.4390666666666667,9.30135135135135,3.864864864864865,0.461361014994233,High
22325,MOBILE VINTAGE HEARTS ,249,1146.35,93,49,5.08505376344086,12.326344086021505,2.6774193548387095,1.130334486735871,High
22326,ROUND SNACK BOXES SET OF4 WOODLAND ,8535,24364.870000000003,732,281,3.4687721691678037,33.28534153005465,11.65983606557377,6.482122260668974,Very High
22327,ROUND SNACK BOXES SET OF 4 SKULLS,1167,4304.25,287,106,4.334896551724138,14.997386759581882,4.066202090592334,2.445213379469435,Very High
22328,ROUND SNACK BOXES SET OF 4 FRUITS ,6835,19094.97,581,227,3.275880341880342,32.86569707401033,11.764199655765921,5.236447520184544,Very High
22329,ROUND CONTAINER SET OF 5 RETROSPOT,1603,2661.89,238,103,2.0687866108786612,11.184411764705882,6.735294117647059,2.3760092272203,Very High
22331,WOODLAND PARTY BAG + STICKER SET,1840,2975.14,183,101,2.0058469945355193,16.2575956284153,10.05464480874317,2.3298731257208765,Very High
22332,SKULLS PARTY BAG + STICKER SET,1032,1678.0,148,92,1.798724832214765,11.337837837837839,6.972972972972973,2.122260668973472,High
22333,RETROSPOT PARTY BAG + STICKER SET,4492,7043.94,317,167,1.8778124999999999,22.220630914826497,14.170347003154575,3.8523644752018456,Very High
22334,DINOSAUR PARTY BAG + STICKER SET,707,1160.71,101,77,1.7907843137254902,11.492178217821783,7.0,1.776239907727797,High
22335,HEART DECORATION PAINTED ZINC ,2380,1668.89,225,88,0.9153478260869565,7.41728888888889,10.577777777777778,2.029988465974625,High
22336,DOVE DECORATION PAINTED ZINC ,2381,754.03,79,47,0.6304878048780488,9.544683544303798,30.139240506329113,1.0841983852364476,High
22337,ANGEL DECORATION PAINTED ZINC ,912,574.54,77,24,0.7082051282051283,7.4615584415584415,11.844155844155845,0.5536332179930795,Medium
22338,STAR DECORATION PAINTED ZINC ,4679,1233.9099999999999,180,94,0.44655913978494627,6.855055555555555,25.994444444444444,2.1683967704728953,High
22339,CHRISTMAS TREE PAINTED ZINC ,2468,683.31,83,44,0.43829545454545454,8.232650602409638,29.734939759036145,1.0149942329873125,High
22340,NOEL GARLAND PAINTED ZINC ,1398,787.2099999999999,128,53,0.766328125,6.150078124999999,10.921875,1.2226066897347174,High
22341,LOVE GARLAND PAINTED ZINC ,453,827.63,78,37,2.4683333333333333,10.610641025641026,5.8076923076923075,0.8535178777393311,High
22342,HOME GARLAND PAINTED ZINC ,997,1111.58,128,49,1.840078125,8.68421875,7.7890625,1.130334486735871,High
22343,PARTY PIZZA DISH RED RETROSPOT,1974,873.33,94,48,0.6028723404255318,9.290744680851065,21.0,1.107266435986159,High
22344,PARTY PIZZA DISH PINK POLKADOT,1225,459.81,76,34,0.6346052631578947,6.050131578947369,16.11842105263158,0.7843137254901961,Medium
22345,PARTY PIZZA DISH BLUE POLKADOT,1117,399.05,71,29,0.5980821917808219,5.620422535211268,15.732394366197184,0.6689734717416378,Medium
22346,PARTY PIZZA DISH GREEN POLKADOT,1034,381.09,59,23,0.5978333333333333,6.459152542372881,17.52542372881356,0.530565167243368,Medium
22348,TEA BAG PLATE RED RETROSPOT,4084,3583.29,358,144,1.0849861495844875,10.009189944134079,11.40782122905028,3.3217993079584778,Very High
22349,DOG BOWL CHASING BALL DESIGN,1366,5381.5199999999995,131,85,4.129848484848485,41.08030534351145,10.427480916030534,1.9607843137254901,Very High
22350,ILLUSTRATED CAT BOWL ,1410,3822.12,120,63,3.13900826446281,31.851,11.75,1.453287197231834,Very High
22351,DOTCOMGIFTSHOP TEA TOWEL,13,23.09,2,1,2.4699999999999998,11.545,6.5,0.02306805074971165,Low
22352,LUNCH BOX WITH CUTLERY RETROSPOT ,3088,7860.97,482,185,3.321921487603306,16.309066390041494,6.406639004149378,4.2675893886966545,Very High
22353,LUNCH BOX WITH CUTLERY FAIRY CAKES ,60,153.0,24,23,2.55,6.375,2.5,0.530565167243368,Medium
22354,RETROSPOT PADDED SEAT CUSHION,750,2860.98,83,43,4.555903614457831,34.469638554216864,9.036144578313253,0.991926182237601,Very High
22355,CHARLOTTE BAG SUKI DESIGN,18124,29254.15,882,249,1.2166067415730337,33.16797052154195,20.54875283446712,5.743944636678201,Very High
22356,CHARLOTTE BAG PINK POLKADOT,9716,11417.74,742,220,1.252092715231788,15.3877897574124,13.09433962264151,5.074971164936563,Very High
22357,KINGS CHOICE BISCUIT TIN,468,2175.04,180,69,5.333888888888889,12.083555555555556,2.6,1.591695501730104,High
22358,KINGS CHOICE TEA CADDY ,698,2551.2200000000003,255,87,4.32796875,10.00478431372549,2.7372549019607844,2.006920415224913,Very High
22359,GLASS JAR KINGS CHOICE,183,605.7700000000001,81,47,3.6571604938271607,7.478641975308643,2.259259259259259,1.0841983852364476,Medium
22360,GLASS JAR ENGLISH CONFECTIONERY,1010,3192.82,214,102,3.937720930232558,14.919719626168225,4.719626168224299,2.3529411764705883,Very High
22361,GLASS JAR DAISY FRESH COTTON WOOL,727,2592.33,268,92,4.470148698884758,9.672873134328357,2.712686567164179,2.122260668973472,Very High
22362,GLASS JAR PEACOCK BATH SALTS,408,1329.44,133,62,4.104586466165413,9.99578947368421,3.0676691729323307,1.4302191464821221,High
22363,GLASS JAR MARMALADE ,480,1380.8,81,46,3.7919277108433738,17.046913580246912,5.925925925925926,1.061130334486736,High
22364,GLASS JAR DIGESTIVE BISCUITS,616,2001.3200000000002,164,69,4.1715757575757575,12.203170731707319,3.7560975609756095,1.591695501730104,High
22365,DOORMAT RESPECTABLE HOUSE,789,5754.03,179,83,9.92530726256983,32.145418994413404,4.407821229050279,1.914648212226067,Very High
22366,DOORMAT AIRMAIL ,800,6034.9,220,104,9.812318181818181,27.431363636363635,3.6363636363636362,2.3990772779700116,Very High
22367,CHILDRENS APRON SPACEBOY DESIGN,3749,7508.58,550,298,2.4254611211573236,13.651963636363636,6.816363636363636,6.874279123414071,Very High
22371,AIRLINE BAG VINTAGE TOKYO 78,1086,5072.32,392,144,5.208936708860759,12.939591836734692,2.770408163265306,3.3217993079584778,Very High
22372,AIRLINE BAG VINTAGE WORLD CHAMPION ,279,1289.49,147,81,5.0018918918918915,8.77204081632653,1.8979591836734695,1.8685121107266434,High
22374,AIRLINE BAG VINTAGE JET SET RED,546,2427.52,223,108,4.770178571428572,10.885739910313902,2.4484304932735426,2.491349480968858,Very High
22375,AIRLINE BAG VINTAGE JET SET BROWN,346,1626.54,167,67,5.227005988023952,9.739760479041916,2.07185628742515,1.5455594002306805,High
22376,AIRLINE BAG VINTAGE JET SET WHITE,252,1133.2,122,66,4.723548387096774,9.288524590163934,2.0655737704918034,1.5224913494809689,High
22377,BOTTLE BAG RETROSPOT ,1330,2171.53,207,83,2.423816425120773,10.490483091787441,6.42512077294686,1.914648212226067,High
22378,WALL TIDY RETROSPOT ,2283,3638.5699999999997,293,69,3.022176870748299,12.418327645051194,7.791808873720137,1.591695501730104,Very High
22379,RECYCLING BAG RETROSPOT ,6896,15607.59,748,187,3.1890400000000003,20.865762032085563,9.219251336898395,4.313725490196078,Very High
22380,TOY TIDY SPACEBOY  ,1312,2815.46,285,114,2.6916433566433566,9.87880701754386,4.603508771929825,2.629757785467128,Very High
22381,TOY TIDY PINK POLKADOT,3439,7433.74,469,133,3.0202536997885834,15.850191897654584,7.332622601279318,3.068050749711649,Very High
22382,LUNCH BAG SPACEBOY DESIGN ,10427,18031.31,1157,490,2.0130927835051544,15.584537597234227,9.012100259291271,11.303344867358708,Very High
22383,LUNCH BAG SUKI  DESIGN ,12518,22486.34,1284,434,2.168208269525268,17.51272585669782,9.749221183800623,10.011534025374855,Very High
22384,LUNCH BAG PINK POLKADOT,10487,17388.99,1090,444,2.031925522252498,15.953201834862387,9.621100917431193,10.242214532871973,Very High
22385,JUMBO BAG SPACEBOY DESIGN,8666,17071.59,686,247,2.6552167630057806,24.885699708454812,12.63265306122449,5.697808535178778,Very High
22386,JUMBO BAG PINK POLKADOT,21448,42401.01,1218,372,2.598733766233766,34.81199507389163,17.60919540229885,8.581314878892734,Very High
22389,PAPERWEIGHT SAVE THE PLANET,338,641.55,45,36,2.582888888888889,14.256666666666666,7.511111111111111,0.8304498269896194,Medium
22390,PAPERWEIGHT CHILDHOOD MEMORIES,266,440.34,36,24,2.7905555555555552,12.231666666666666,7.388888888888889,0.5536332179930795,Medium
22391,PAPERWEIGHT HOME SWEET HOME,158,245.58,29,18,2.8731034482758617,8.468275862068966,5.448275862068965,0.4152249134948097,Medium
22393,PAPERWEIGHT VINTAGE COLLAGE,510,736.88,71,43,2.9073239436619716,10.378591549295775,7.183098591549296,0.991926182237601,High
22394,PAPERWEIGHT KINGS CHOICE ,168,230.67999999999998,23,16,2.640869565217391,10.029565217391303,7.304347826086956,0.3690888119953864,Medium
22395,PAPERWEIGHT VINTAGE PAISLEY,152,220.04,33,15,3.3184848484848484,6.667878787878788,4.606060606060606,0.34602076124567477,Medium
22396,MAGNETS PACK OF 4 RETRO PHOTO,1226,630.37,128,87,0.748828125,4.924765625,9.578125,2.006920415224913,Medium
22398,MAGNETS PACK OF 4 SWALLOWS,2575,1589.12,248,167,0.7711111111111111,6.4077419354838705,10.383064516129032,3.8523644752018456,High
22399,MAGNETS PACK OF 4 CHILDHOOD MEMORY,1152,1347.08,98,71,1.326734693877551,13.745714285714286,11.755102040816327,1.637831603229527,High
22400,MAGNETS PACK OF 4 HOME SWEET HOME,1393,729.0899999999999,150,112,0.6709868421052632,4.8606,9.286666666666667,2.583621683967705,High
22402,MAGNETS PACK OF 4 VINTAGE COLLAGE,1719,1033.1599999999999,151,107,0.6847368421052632,6.842119205298013,11.3841059602649,2.4682814302191463,High
22403,MAGNETS PACK OF 4 VINTAGE LABELS ,1322,689.28,125,72,0.89488,5.51424,10.576,1.6608996539792389,High
22405,MONEY BOX POCKET MONEY DESIGN,372,415.36,70,46,1.431857142857143,5.933714285714286,5.314285714285714,1.061130334486736,Medium
22406,MONEY BOX KINGS CHOICE DESIGN,346,403.46,84,49,1.5136904761904764,4.803095238095238,4.119047619047619,1.130334486735871,Medium
22407,MONEY BOX FIRST ADE DESIGN,94,99.28,24,17,1.2791666666666666,4.136666666666667,3.9166666666666665,0.39215686274509803,Low
22408,MONEY BOX CONFECTIONERY DESIGN,145,162.44,29,20,1.496551724137931,5.601379310344828,5.0,0.461361014994233,Medium
22409,MONEY BOX BISCUITS DESIGN,228,299.72,57,36,1.5082456140350877,5.258245614035088,4.0,0.8304498269896194,Medium
22410,MONEY BOX HOUSEKEEPING DESIGN,237,247.42000000000002,58,34,1.4191379310344827,4.265862068965517,4.086206896551724,0.7843137254901961,Medium
22411,JUMBO SHOPPER VINTAGE RED PAISLEY,12574,28577.1,1175,375,2.689254237288136,24.320936170212764,10.70127659574468,8.650519031141869,Very High
22412,METAL SIGN NEIGHBOURHOOD WITCH ,911,1931.8500000000001,147,73,2.5650675675675676,13.141836734693879,6.197278911564626,1.6839677047289503,High
22413,METAL SIGN TAKE IT OR LEAVE IT ,3774,11095.94,412,228,3.3484375,26.931893203883497,9.160194174757281,5.259515570934256,Very High
22414,DOORMAT NEIGHBOURHOOD WITCH ,279,2038.39,95,37,10.092842105263157,21.456736842105265,2.9368421052631577,0.8535178777393311,High
22415,WHITE TISSUE REAM,19,151.05,13,13,7.950000000000001,11.61923076923077,1.4615384615384615,0.29988465974625145,Medium
22416,SET OF 36 DOILIES SPACEBOY DESIGN ,868,1210.82,76,54,1.5871052631578946,15.931842105263158,11.421052631578947,1.245674740484429,High
22417,PACK OF 60 SPACEBOY CAKE CASES,8420,4563.24,520,270,0.7674003795066414,8.775461538461538,16.192307692307693,6.228373702422145,Very High
22418,10 COLOUR SPACEBOY PEN,6564,5585.45,318,179,1.0559561128526644,17.564308176100628,20.641509433962263,4.129181084198385,Very High
22419,LIPSTICK PEN RED,3338,1673.1,272,94,0.6032490974729242,6.15110294117647,12.272058823529411,2.1683967704728953,High
22420,LIPSTICK PEN BABY PINK,1333,611.3,126,55,0.5912499999999999,4.851587301587301,10.579365079365079,1.2687427912341407,Medium
22421,LIPSTICK PEN FUSCHIA,2597,1347.1,213,80,0.6121395348837209,6.324413145539905,12.192488262910798,1.845444059976932,High
22422,TOOTHPASTE TUBE PEN,1273,776.1,205,53,1.0353846153846153,3.7858536585365856,6.209756097560976,1.2226066897347174,High
22423,REGENCY CAKESTAND 3 TIER,13851,174156.54,1988,881,13.983936223218734,87.60389336016097,6.967303822937626,20.32295271049596,Very High
22424,ENAMEL BREAD BIN CREAM,873,12358.33,454,189,15.894339207048457,27.220991189427313,1.922907488986784,4.359861591695502,Very High
22425,ENAMEL COLANDER CREAM,460,2346.12,166,110,5.719939759036144,14.133253012048192,2.7710843373493974,2.5374855824682814,Very High
22426,ENAMEL WASH BOWL CREAM,742,2855.21,208,104,4.903253588516746,13.726971153846154,3.5673076923076925,2.3990772779700116,Very High
22427,ENAMEL FLOWER JUG CREAM,2106,12647.26,506,311,6.567013752455796,24.994584980237153,4.16205533596838,7.174163783160322,Very High
22428,ENAMEL FIRE BUCKET CREAM,246,1854.76,114,75,8.209649122807017,16.26982456140351,2.1578947368421053,1.7301038062283738,High
22429,ENAMEL MEASURING JUG CREAM,1262,5507.18,376,227,4.848253968253968,14.646755319148937,3.356382978723404,5.236447520184544,Very High
22430,ENAMEL WATERING CAN CREAM,617,3241.34,195,131,5.763367346938776,16.622256410256412,3.164102564102564,3.021914648212226,Very High
22431,WATERING CAN BLUE ELEPHANT,2058,3998.7099999999996,334,159,2.3188988095238097,11.972185628742514,6.161676646706587,3.667820069204152,Very High
22432,WATERING CAN PINK BUNNY,1716,3342.8199999999997,277,158,2.247849462365591,12.067942238267147,6.194945848375451,3.6447520184544406,Very High
22433,WATERING CAN GREEN DINOSAUR,1394,2667.5,227,121,2.2754148471615716,11.751101321585903,6.140969162995595,2.7912341407151096,Very High
22434,BALLOON PUMP WITH 10 BALLOONS,793,1570.41,124,94,2.126451612903226,12.66459677419355,6.395161290322581,2.1683967704728953,High
22435,SET OF 9 HEART SHAPED BALLOONS,2757,3445.5,266,153,1.4632089552238805,12.953007518796992,10.364661654135338,3.5294117647058822,Very High
22436,12 COLOURED PARTY BALLOONS,2134,1398.51,163,105,0.7042771084337349,8.579815950920246,13.0920245398773,2.422145328719723,High
22437,SET OF 9 BLACK SKULL BALLOONS,2828,2417.24,226,140,1.0173127753303963,10.69575221238938,12.513274336283185,3.229527104959631,Very High
22438,BALLOON ART MAKE YOUR OWN FLOWERS,1009,1034.9,98,66,1.7488,10.560204081632653,10.295918367346939,1.5224913494809689,High
22439,6 ROCKET BALLOONS ,1898,1293.22,197,116,0.7724875621890548,6.564568527918782,9.634517766497462,2.675893886966551,High
22440,BALLOON WATER BOMB PACK OF 35,6010,2375.04,154,100,0.4556050955414013,15.422337662337663,39.02597402597402,2.306805074971165,Very High
22441,GROW YOUR OWN BASIL IN ENAMEL MUG,1047,2292.9100000000003,219,130,2.5595475113122172,10.469908675799088,4.780821917808219,2.9988465974625145,Very High
22442,GROW YOUR OWN FLOWERS SET OF 3,296,1241.3,78,68,6.787179487179487,15.914102564102564,3.7948717948717947,1.5686274509803921,High
22443,GROW YOUR OWN HERBS SET OF 3,164,1391.74,90,60,8.745333333333333,15.463777777777779,1.8222222222222222,1.384083044982699,High
22444,GROW YOUR OWN PLANT IN A CAN ,838,1106.62,57,29,1.7921052631578949,19.414385964912277,14.701754385964913,0.6689734717416378,High
22445,PENCIL CASE LIFE IS BEAUTIFUL,534,1615.91,130,72,3.5214074074074078,12.430076923076923,4.107692307692307,1.6608996539792389,High
22446,PIN CUSHION BABUSHKA PINK,439,1135.18,133,25,2.8105882352941176,8.535187969924813,3.300751879699248,0.5767012687427913,High
22447,PIN CUSHION BABUSHKA BLUE,137,410.81,45,16,3.2939999999999996,9.129111111111111,3.0444444444444443,0.3690888119953864,Medium
22448,PIN CUSHION BABUSHKA RED,201,656.4300000000001,45,29,3.8984444444444444,14.587333333333335,4.466666666666667,0.6689734717416378,Medium
22449,SILK PURSE BABUSHKA PINK,491,1583.95,143,65,3.25,11.076573426573427,3.4335664335664338,1.4994232987312572,High
22450,SILK PURSE BABUSHKA BLUE,194,657.76,58,41,3.5171186440677964,11.340689655172413,3.3448275862068964,0.9457900807381776,Medium
22451,SILK PURSE BABUSHKA RED,222,775.8000000000001,51,35,4.14686274509804,15.211764705882354,4.352941176470588,0.8073817762399077,High
22452,MEASURING TAPE BABUSHKA PINK,722,1760.3100000000002,144,53,2.3233561643835614,12.224375000000002,5.013888888888889,1.2226066897347174,High
22453,MEASURING TAPE BABUSHKA BLUE,442,1185.7900000000002,78,38,2.7555696202531643,15.2024358974359,5.666666666666667,0.8765859284890426,High
22454,MEASURING TAPE BABUSHKA RED,266,757.0200000000001,41,31,3.0623809523809524,18.46390243902439,6.487804878048781,0.7151095732410611,High
22456,NATURAL SLATE CHALKBOARD LARGE ,1727,9534.67,476,220,6.674088050314466,20.03081932773109,3.6281512605042017,5.074971164936563,Very High
22457,NATURAL SLATE HEART CHALKBOARD ,9119,27991.610000000004,1249,587,3.59003187250996,22.411216973578867,7.301040832666133,13.540945790080738,Very High
22458,CAST IRON HOOK GARDEN FORK,523,1421.83,23,12,3.5356521739130433,61.81869565217391,22.73913043478261,0.27681660899653976,High
22459,CAST IRON HOOK GARDEN TROWEL,386,1018.19,25,12,3.5335999999999994,40.7276,15.44,0.27681660899653976,High
22460,EMBOSSED GLASS TEALIGHT HOLDER,2546,3273.5,211,118,1.5488151658767773,15.514218009478673,12.066350710900474,2.7220299884659744,Very High
22461,SAVOY ART DECO CLOCK,239,1453.58,53,35,10.390188679245282,27.426037735849054,4.509433962264151,0.8073817762399077,High
22464,HANGING METAL HEART LANTERN,3402,5485.63,351,191,1.9432294617563741,15.628575498575499,9.692307692307692,4.405997693194925,Very High
22465,HANGING METAL STAR LANTERN,2053,3141.54,198,119,1.87605,15.866363636363635,10.368686868686869,2.7450980392156863,Very High
22466,FAIRY TALE COTTAGE NIGHTLIGHT,3069,5605.79,209,114,2.4860189573459714,26.821961722488037,14.68421052631579,2.629757785467128,Very High
22467,GUMBALL COAT RACK,7926,18798.670000000002,681,262,2.8794049346879533,27.6045080763583,11.638766519823788,6.043829296424452,Very High
22468,BABUSHKA LIGHTS STRING OF 10,517,3633.17,153,82,8.304117647058824,23.7462091503268,3.3790849673202614,1.8915801614763552,Very High
22469,HEART OF WICKER SMALL,17963,32094.6,1201,573,1.959712879409352,26.72323064113239,14.956702747710242,13.217993079584774,Very High
22470,HEART OF WICKER LARGE,9887,30098.110000000004,925,485,3.2850427350427354,32.538497297297305,10.688648648648648,11.18800461361015,Very High
22471,TV DINNER TRAY AIR HOSTESS ,419,1502.02,105,53,5.730857142857143,14.30495238095238,3.9904761904761905,1.2226066897347174,High
22472,TV DINNER TRAY DOLLY GIRL,320,1527.01,107,58,6.182429906542056,14.271121495327103,2.9906542056074765,1.3379469434832756,High
22473,TV DINNER TRAY VINTAGE PAISLEY,503,1623.04,112,58,5.063124999999999,14.491428571428571,4.491071428571429,1.3379469434832756,High
22474,SPACEBOY TV DINNER TRAY,303,1636.27,132,70,6.867651515151515,12.395984848484849,2.2954545454545454,1.6147635524798154,High
22475,SKULL DESIGN TV DINNER TRAY,313,1590.82,138,49,5.9325179856115104,11.52768115942029,2.2681159420289854,1.130334486735871,High
22476,EMPIRE UNION JACK TV DINNER TRAY,880,2839.21,125,61,6.91288,22.71368,7.04,1.4071510957324107,Very High
22477,WATERING CAN GARDEN MARKER,1364,1967.9,127,63,1.7803937007874016,15.495275590551183,10.740157480314961,1.453287197231834,High
22478,BIRDHOUSE GARDEN MARKER ,1537,2210.62,140,59,1.7830000000000001,15.790142857142856,10.978571428571428,1.3610149942329872,High
22479,DAISY GARDEN MARKER,1139,1658.57,98,48,1.7758163265306122,16.924183673469386,11.622448979591837,1.107266435986159,High
22480,RED TEA TOWEL CLASSIC DESIGN,630,755.96,73,57,1.2952054794520547,10.355616438356165,8.63013698630137,1.314878892733564,High
22481,BLACK TEA TOWEL CLASSIC DESIGN,825,747.3,128,68,1.076846153846154,5.83828125,6.4453125,1.5686274509803921,High
22482,BLUE TEA TOWEL CLASSIC DESIGN,478,565.86,53,40,1.2656603773584905,10.676603773584906,9.018867924528301,0.922722029988466,Medium
22483,RED GINGHAM TEDDY BEAR ,770,2302.94,169,91,3.6001775147929,13.626863905325443,4.556213017751479,2.09919261822376,Very High
22485,SET OF 2 WOODEN MARKET CRATES,526,7190.349999999999,208,142,15.007980769230768,34.56899038461538,2.5288461538461537,3.275663206459054,Very High
22486,PLASMATRONIC LAMP,71,446.45,25,9,8.1356,17.858,2.84,0.20761245674740486,Medium
22487,WHITE WOOD GARDEN PLANT LADDER,784,7909.28,429,278,10.87100233100233,18.436550116550116,1.8275058275058276,6.412918108419839,Very High
22488,NATURAL SLATE RECTANGLE CHALKBOARD,3195,5573.68,415,211,2.071558752997602,13.43055421686747,7.698795180722891,4.867358708189158,Very High
22489,PACK OF 12 TRADITIONAL CRAYONS,9719,4072.13,443,232,0.5406053811659193,9.192167042889391,21.939051918735892,5.351787773933102,Very High
22491,PACK OF 12 COLOURED PENCILS,3947,3183.63,219,162,0.9124886877828055,14.537123287671234,18.022831050228312,3.7370242214532867,Very High
22492,MINI PAINT SET VINTAGE ,26633,16937.82,380,213,0.7850263157894737,44.57321052631579,70.08684210526316,4.913494809688582,Very High
22493,PAINT YOUR OWN CANVAS SET,2461,3986.64,220,125,1.9142342342342342,18.12109090909091,11.186363636363636,2.883506343713956,Very High
22494,EMERGENCY FIRST AID TIN ,1088,1572.27,245,79,1.9077551020408163,6.417428571428571,4.440816326530612,1.8223760092272203,High
22495,SET OF 2 ROUND TINS CAMEMBERT ,282,748.82,98,60,3.648367346938776,7.641020408163266,2.877551020408163,1.384083044982699,High
22496,SET OF 2 ROUND TINS DUTCH CHEESE,253,535.11,79,63,3.0289873417721522,6.773544303797468,3.2025316455696204,1.453287197231834,Medium
22497,SET OF 2 TINS VINTAGE BATHROOM ,224,1140.9,100,50,5.889399999999999,11.409,2.24,1.1534025374855825,High
22498,WOODEN REGATTA BUNTING,333,2116.04,150,68,6.843999999999999,14.106933333333332,2.22,1.5686274509803921,High
22499,WOODEN UNION JACK BUNTING,2091,12792.25,407,217,6.789317073170731,31.43058968058968,5.137592137592137,5.005767012687428,Very High
22500,SET OF 2 TINS JARDIN DE PROVENCE,248,967.05,96,78,4.889270833333334,10.073437499999999,2.5833333333333335,1.799307958477509,High
22501,PICNIC BASKET WICKER LARGE,1602,19302.26,445,187,14.401595505617978,43.37586516853932,3.6,4.313725490196078,Very High
22502,PICNIC BASKET WICKER SMALL,1937,51408.770000000004,463,175,10.30233905579399,111.034060475162,4.183585313174946,4.036908881199539,Very High
22503,CABIN BAG VINTAGE PAISLEY,99,2010.12,34,15,22.510882352941177,59.12117647058823,2.911764705882353,0.34602076124567477,High
22504,CABIN BAG VINTAGE RETROSPOT,247,4674.62,68,31,22.484117647058824,68.74441176470589,3.6323529411764706,0.7151095732410611,Very High
22505,MEMO BOARD COTTAGE DESIGN,1457,7084.42,311,186,5.665495207667732,22.779485530546623,4.684887459807074,4.290657439446367,Very High
22507,MEMO BOARD RETROSPOT  DESIGN,2960,14193.35,459,230,6.295599128540305,30.922331154684098,6.44880174291939,5.3056516724336795,Very High
22508,DOORSTOP RETROSPOT HEART,1594,6525.88,296,177,4.5645945945945945,22.046891891891892,5.385135135135135,4.083044982698962,Very High
22509,SEWING BOX RETROSPOT DESIGN ,209,2124.54,86,71,13.27546511627907,24.703953488372093,2.4302325581395348,1.637831603229527,High
22510,GINGHAM BABUSHKA DOORSTOP,210,402.74,42,34,2.394285714285714,9.58904761904762,5.0,0.7843137254901961,Medium
22511,RETROSPOT BABUSHKA DOORSTOP,251,495.2,54,44,2.802037037037037,9.170370370370371,4.648148148148148,1.0149942329873125,Medium
22512,DOORSTOP RACING CAR DESIGN,122,269.71,37,28,3.3035135135135136,7.289459459459459,3.2972972972972974,0.6459054209919263,Medium
22513,DOORSTOP FOOTBALL DESIGN,152,539.9,67,37,4.666716417910448,8.058208955223881,2.2686567164179103,0.8535178777393311,Medium
22514,CHILDS GARDEN SPADE BLUE,302,704.45,99,61,2.528888888888889,7.1156565656565665,3.0505050505050506,1.4071510957324107,High
22515,CHILDS GARDEN SPADE PINK,266,608.95,84,53,2.6092857142857144,7.249404761904763,3.1666666666666665,1.2226066897347174,Medium
22516,CHILDS GARDEN RAKE BLUE,206,494.89,62,35,2.73421875,7.982096774193548,3.3225806451612905,0.8073817762399077,Medium
22517,CHILDS GARDEN RAKE PINK,199,447.63,69,48,2.5105797101449276,6.487391304347826,2.8840579710144927,1.107266435986159,Medium
22518,CHILDS GARDEN BRUSH BLUE,363,783.5400000000001,81,44,2.668024691358025,9.673333333333334,4.481481481481482,1.0149942329873125,High
22519,CHILDS GARDEN BRUSH PINK,411,906.75,88,53,2.6006818181818185,10.303977272727273,4.670454545454546,1.2226066897347174,High
22520,CHILDS GARDEN TROWEL BLUE ,719,622.0999999999999,113,88,0.9045217391304348,5.505309734513274,6.3628318584070795,2.029988465974625,Medium
22521,CHILDS GARDEN TROWEL PINK,609,525.51,104,81,0.9174285714285714,5.0529807692307696,5.855769230769231,1.8685121107266434,Medium
22522,CHILDS GARDEN FORK BLUE ,930,772.59,128,100,0.8972307692307693,6.035859375,7.265625,2.306805074971165,High
22523,CHILDS GARDEN FORK PINK,864,750.81,135,98,0.9484444444444444,5.561555555555556,6.4,2.260668973471742,High
22524,CHILDRENS GARDEN GLOVES BLUE,642,883.1999999999999,81,55,1.616829268292683,10.903703703703703,7.925925925925926,1.2687427912341407,High
22525,CHILDRENS GARDEN GLOVES PINK,489,648.97,74,42,1.7722972972972975,8.769864864864866,6.608108108108108,0.9688581314878892,Medium
22526,WHEELBARROW FOR CHILDREN ,125,1720.26,79,55,14.447468354430379,21.775443037974682,1.5822784810126582,1.2687427912341407,High
22528,GARDENERS KNEELING PAD,1,3.36,1,0,3.36,3.36,1.0,0.0,Low
22529,MAGIC DRAWING SLATE GO TO THE FAIR ,851,349.03,70,52,0.46014285714285713,4.986142857142856,12.157142857142857,1.1995386389850058,Medium
22530,MAGIC DRAWING SLATE DOLLY GIRL ,3628,1516.46,233,143,0.5002978723404256,6.508412017167382,15.570815450643776,3.298731257208766,High
22531,MAGIC DRAWING SLATE CIRCUS PARADE  ,3382,1412.41,200,127,0.48830845771144277,7.06205,16.91,2.9296424452133794,High
22532,MAGIC DRAWING SLATE LEAP FROG ,1072,366.75,73,54,0.4473333333333333,5.023972602739726,14.684931506849315,1.245674740484429,Medium
22533,MAGIC DRAWING SLATE BAKE A CAKE ,1782,644.39,88,68,0.45761363636363633,7.322613636363636,20.25,1.5686274509803921,Medium
22534,MAGIC DRAWING SLATE SPACEBOY ,4496,1871.1200000000001,261,172,0.5057142857142857,7.16904214559387,17.226053639846743,3.967704728950404,High
22535,MAGIC DRAWING SLATE BUNNIES ,1763,669.75,134,88,0.483955223880597,4.998134328358209,13.156716417910447,2.029988465974625,Medium
22536,MAGIC DRAWING SLATE PURDEY,4752,1803.95,156,109,0.44031847133757956,11.563782051282052,30.46153846153846,2.51441753171857,High
22537,MAGIC DRAWING SLATE DINOSAUR,1929,844.0,171,115,0.49179190751445084,4.935672514619883,11.280701754385966,2.6528258362168398,High
22538,MINI JIGSAW GO TO THE FAIR,402,164.42,40,25,0.55875,4.1105,10.05,0.5767012687427913,Medium
22539,MINI JIGSAW DOLLY GIRL,2918,1129.32,136,74,0.56,8.303823529411764,21.455882352941178,1.7070357554786622,High
22540,MINI JIGSAW CIRCUS PARADE ,2519,960.86,91,50,0.5225,10.5589010989011,27.681318681318682,1.1534025374855825,High
22541,MINI JIGSAW LEAP FROG,503,201.95,35,19,0.5651428571428571,5.77,14.371428571428572,0.4382929642445213,Medium
22543,MINI JIGSAW BAKE A CAKE ,1453,530.8,55,32,0.502,9.65090909090909,26.418181818181818,0.7381776239907728,Medium
22544,MINI JIGSAW SPACEBOY,4518,1714.9199999999998,175,101,0.5311363636363636,9.799542857142857,25.81714285714286,2.3298731257208765,High
22545,MINI JIGSAW BUNNIES,1142,435.66999999999996,75,40,0.5626666666666666,5.808933333333333,15.226666666666667,0.922722029988466,Medium
22546,MINI JIGSAW PURDEY,2103,799.9799999999999,86,50,0.5354651162790698,9.302093023255813,24.453488372093023,1.1534025374855825,High
22547,MINI JIGSAW DINOSAUR ,809,338.23,101,41,0.6317647058823529,3.348811881188119,8.009900990099009,0.9457900807381776,Medium
22548,HEADS AND TAILS SPORTING FUN,1975,2348.94,209,149,1.4097641509433962,11.238947368421053,9.44976076555024,3.4371395617070357,Very High
22549,PICTURE DOMINOES,3188,4798.38,356,195,1.9796408839779005,13.478595505617978,8.955056179775282,4.498269896193772,Very High
22550,HOLIDAY FUN LUDO,1162,4194.89,217,136,4.441428571428571,19.331290322580646,5.354838709677419,3.1372549019607843,Very High
22551,PLASTERS IN TIN SPACEBOY,8074,13602.11,673,339,1.864023494860499,20.21115898959881,11.99702823179792,7.82006920415225,Very High
22553,PLASTERS IN TIN SKULLS,4242,7132.12,560,281,1.9751052631578947,12.735928571428571,7.575,6.482122260668974,Very High
22554,PLASTERS IN TIN WOODLAND ANIMALS,7803,13328.27,704,351,1.9113445378151261,18.932201704545456,11.083806818181818,8.09688581314879,Very High
22555,PLASTERS IN TIN STRONGMAN,6010,9841.83,515,294,1.8509351145038169,19.110349514563108,11.669902912621358,6.782006920415225,Very High
22556,PLASTERS IN TIN CIRCUS PARADE ,6113,10061.86,571,305,1.7862045060658576,17.621471103327497,10.705779334500876,7.035755478662054,Very High
22557,PLASTERS IN TIN VINTAGE PAISLEY ,4712,7762.24,566,315,1.900190972222222,13.714204946996466,8.325088339222615,7.26643598615917,Very High
22558,CLOTHES PEGS RETROSPOT PACK 24 ,8676,13325.869999999999,772,363,1.8339870967741934,17.261489637305697,11.238341968911918,8.37370242214533,Very High
22559,SEASIDE FLYING DISC,505,626.53,81,33,1.5980246913580247,7.734938271604938,6.234567901234568,0.7612456747404844,Medium
22560,TRADITIONAL MODELLING CLAY,8144,9572.32,389,229,1.4223907455012852,24.607506426735217,20.93573264781491,5.282583621683968,Very High
22561,WOODEN SCHOOL COLOURING SET,5883,9741.57,433,288,1.777737556561086,22.49785219399538,13.58660508083141,6.6435986159169556,Very High
22562,MONSTERS STENCIL CRAFT,1413,1763.3700000000001,211,149,1.366824644549763,8.357203791469194,6.696682464454977,3.4371395617070357,High
22563,HAPPY STENCIL CRAFT,2823,3348.18,281,171,1.3495070422535211,11.915231316725977,10.04626334519573,3.944636678200692,Very High
22564,ALPHABET STENCIL CRAFT,2697,3057.27,186,120,1.3571505376344086,16.43693548387097,14.5,2.768166089965398,Very High
22565,FELTCRAFT HAIRBANDS PINK AND WHITE ,933,872.67,148,85,1.1069127516778523,5.8964189189189185,6.304054054054054,1.9607843137254901,High
22566,FELTCRAFT HAIRBAND PINK AND PURPLE,873,789.78,150,94,1.0496078431372549,5.2652,5.82,2.1683967704728953,High
22567,20 DOLLY PEGS RETROSPOT,2448,3251.6,222,135,1.569642857142857,14.646846846846847,11.027027027027026,3.1141868512110724,Very High
22568,FELTCRAFT CUSHION OWL,3373,12413.89,470,244,4.162959830866807,26.412531914893616,7.176595744680851,5.628604382929643,Very High
22569,FELTCRAFT CUSHION BUTTERFLY,2759,10110.83,348,192,4.278142857142857,29.054109195402297,7.92816091954023,4.429065743944636,Very High
22570,FELTCRAFT CUSHION RABBIT,3086,11204.97,386,202,4.297686375321336,29.02841968911917,7.994818652849741,4.659746251441753,Very High
22571,ROCKING HORSE RED CHRISTMAS ,2434,2185.48,254,152,1.0800387596899224,8.604251968503936,9.582677165354331,3.5063437139561704,High
22572,ROCKING HORSE GREEN CHRISTMAS ,1380,1244.6699999999998,179,114,1.0617032967032967,6.953463687150837,7.709497206703911,2.629757785467128,High
22573,STAR WOODEN CHRISTMAS DECORATION,2684,2423.0,221,127,1.121936936936937,10.963800904977376,12.144796380090497,2.9296424452133794,Very High
22574,HEART WOODEN CHRISTMAS DECORATION,2333,2199.5899999999997,222,131,1.113125,9.90806306306306,10.50900900900901,3.021914648212226,High
22575,METAL MERRY CHRISTMAS WREATH,636,1216.22,90,61,2.208021978021978,13.513555555555556,7.066666666666666,1.4071510957324107,High
22576,SWALLOW WOODEN CHRISTMAS DECORATION,1538,1414.4599999999998,173,102,1.0933333333333333,8.17606936416185,8.890173410404625,2.3529411764705883,High
22577,WOODEN HEART CHRISTMAS SCANDINAVIAN,10608,4075.3599999999997,538,343,0.4979783393501805,7.575018587360594,19.71747211895911,7.912341407151096,Very High
22578,WOODEN STAR CHRISTMAS SCANDINAVIAN,10460,3876.5399999999995,512,332,0.46971698113207544,7.571367187499999,20.4296875,7.658592848904268,Very High
22579,WOODEN TREE CHRISTMAS SCANDINAVIAN,5167,1988.0199999999998,338,226,0.5163896848137536,5.8817159763313605,15.28698224852071,5.213379469434833,High
22580,ADVENT CALENDAR GINGHAM SACK,1311,6848.1900000000005,246,126,5.728536585365854,27.83817073170732,5.329268292682927,2.906574394463668,Very High
22581,WOOD STOCKING CHRISTMAS SCANDISPOT,1569,1137.28,177,83,0.8756043956043955,6.4253107344632765,8.864406779661017,1.914648212226067,High
22582,PACK OF 6 SWEETIE GIFT BOXES,1061,2649.35,102,73,3.129326923076923,25.974019607843136,10.401960784313726,1.6839677047289503,Very High
22583,PACK OF 6 HANDBAG GIFT BOXES,573,1570.4,111,73,3.28875,14.147747747747749,5.162162162162162,1.6839677047289503,High
22584,PACK OF 6 PANNETONE GIFT BOXES,2330,5946.96,196,127,3.1074111675126903,30.341632653061225,11.887755102040817,2.9296424452133794,Very High
22585,PACK OF 6 BIRDY GIFT TAGS,6221,7547.889999999999,395,241,1.4756511056511057,19.108582278481013,15.749367088607595,5.559400230680508,Very High
22586,FELTCRAFT HAIRBAND PINK AND BLUE,856,774.55,161,100,1.0627777777777776,4.810869565217391,5.316770186335404,2.306805074971165,High
22587,FELTCRAFT HAIRBAND RED AND BLUE,918,830.52,161,103,1.0437037037037036,5.1585093167701865,5.701863354037267,2.3760092272203,High
22588,CARD HOLDER GINGHAM HEART,684,2141.32,175,110,3.5053977272727277,12.236114285714287,3.9085714285714284,2.5374855824682814,High
22589,CARDHOLDER GINGHAM STAR,379,1212.82,79,46,3.6482716049382713,15.352151898734176,4.7974683544303796,1.061130334486736,High
22591,CARDHOLDER GINGHAM CHRISTMAS TREE,413,1509.41,86,53,4.486511627906976,17.551279069767443,4.8023255813953485,1.2226066897347174,High
22592,CARDHOLDER HOLLY WREATH METAL,658,3021.12,135,79,5.085037037037037,22.378666666666668,4.874074074074074,1.8223760092272203,Very High
22593,CHRISTMAS GINGHAM STAR,2263,2085.64,198,106,1.12425,10.533535353535353,11.429292929292929,2.445213379469435,High
22594,CHRISTMAS GINGHAM TREE,2006,1905.77,196,93,1.1763959390862944,9.723316326530613,10.23469387755102,2.1453287197231834,High
22595,CHRISTMAS GINGHAM HEART,6788,5720.21,467,274,1.0276793248945149,12.248843683083512,14.535331905781584,6.320645905420992,Very High
22596,CHRISTMAS STAR WISH LIST CHALKBOARD,3476,4110.42,262,196,1.299132075471698,15.688625954198473,13.267175572519085,4.521337946943484,Very High
22597,CHRISTMAS MUSICAL ZINC HEART ,2821,1247.49,186,95,0.6871578947368421,6.706935483870968,15.166666666666666,2.1914648212226067,High
22598,CHRISTMAS MUSICAL ZINC TREE,990,446.2,95,42,0.6635416666666666,4.6968421052631575,10.421052631578947,0.9688581314878892,Medium
22599,CHRISTMAS MUSICAL ZINC STAR,1953,967.76,123,58,0.6486290322580645,7.867967479674797,15.878048780487806,1.3379469434832756,High
22600,CHRISTMAS RETROSPOT STAR WOOD,1698,1543.23,193,120,1.070969387755102,7.9960103626943,8.797927461139896,2.768166089965398,High
22601,CHRISTMAS RETROSPOT ANGEL WOOD,2479,2219.83,200,121,1.0747029702970297,11.09915,12.395,2.7912341407151096,Very High
22602,CHRISTMAS RETROSPOT HEART WOOD,2215,2023.87,273,141,1.1233214285714286,7.413443223443223,8.113553113553113,3.2525951557093427,High
22603,CHRISTMAS RETROSPOT TREE WOOD,1387,1235.3799999999999,171,111,1.078125,7.224444444444444,8.11111111111111,2.5605536332179932,High
22604,SET OF 4 NAPKIN CHARMS CUTLERY,1251,3039.6600000000003,125,77,2.8548837209302325,24.317280000000004,10.008,1.776239907727797,Very High
22605,WOODEN CROQUET GARDEN SET,782,11276.21,299,181,16.2249,37.71307692307692,2.6153846153846154,4.175317185697809,Very High
22606,WOODEN SKITTLES GARDEN SET,313,4638.46,142,110,16.473846153846154,32.665211267605635,2.204225352112676,2.5374855824682814,Very High
22607,WOODEN ROUNDERS GARDEN SET ,1327,12531.57,358,224,10.739052924791086,35.004385474860335,3.706703910614525,5.16724336793541,Very High
22608,PENS ASSORTED FUNKY JEWELED ,5211,1114.6399999999999,144,63,0.33034722222222224,7.740555555555555,36.1875,1.453287197231834,High
22609,PENS ASSORTED SPACEBALL,5874,1368.1,155,89,0.41865384615384615,8.826451612903226,37.89677419354839,2.053056516724337,High
22610,PENS ASSORTED FUNNY FACE,9572,2571.4,216,123,0.38857142857142857,11.90462962962963,44.31481481481482,2.837370242214533,Very High
22611,VINTAGE UNION JACK SHOPPING BAG,225,1077.03,46,36,5.553829787234043,23.413695652173914,4.891304347826087,0.8304498269896194,High
22613,PACK OF 20 SPACEBOY NAPKINS,1538,1222.61,145,82,1.0078231292517008,8.431793103448275,10.606896551724137,1.8915801614763552,High
22614,PACK OF 12 SPACEBOY TISSUES,3032,1024.2199999999998,219,132,0.45162162162162156,4.676803652968036,13.844748858447488,3.0449826989619377,High
22615,PACK OF 12 CIRCUS PARADE TISSUES ,2073,660.15,102,61,0.4941176470588235,6.472058823529411,20.323529411764707,1.4071510957324107,Medium
22616,PACK OF 12 LONDON TISSUES ,26119,7975.98,512,195,0.44826003824091776,15.5780859375,51.013671875,4.498269896193772,Very High
22617,BAKING SET SPACEBOY DESIGN,2209,10745.05,464,296,5.468758029978586,23.157435344827583,4.760775862068965,6.828143021914649,Very High
22618,COOKING SET RETROSPOT,69,671.53,28,23,10.612857142857141,23.983214285714286,2.4642857142857144,0.530565167243368,Medium
22619,SET OF 6 SOLDIER SKITTLES,2480,9895.04,443,250,4.664125560538116,22.33643340857788,5.598194130925508,5.767012687427912,Very High
22620,4 TRADITIONAL SPINNING TOPS,4889,6782.21,483,260,1.6602857142857141,14.04184265010352,10.122153209109731,5.997693194925029,Very High
22621,TRADITIONAL KNITTING NANCY,6148,10053.65,609,366,1.8817932148626817,16.508456486042693,10.095238095238095,8.442906574394463,Very High
22622,BOX OF VINTAGE ALPHABET BLOCKS,1342,13931.31,267,174,12.382434456928838,52.177191011235955,5.02621722846442,4.013840830449826,Very High
22623,BOX OF VINTAGE JIGSAW BLOCKS ,937,5236.31,235,165,6.208851063829787,22.28217021276596,3.9872340425531916,3.8062283737024223,Very High
22624,IVORY KITCHEN SCALES,1883,16378.710000000001,711,376,9.46253164556962,23.036160337552744,2.648382559774965,8.673587081891581,Very High
22625,RED KITCHEN SCALES,1620,14082.2,546,292,9.793315018315017,25.791575091575094,2.967032967032967,6.735870818915801,Very High
22626,BLACK KITCHEN SCALES,517,4401.860000000001,199,134,9.169145728643217,22.11989949748744,2.5979899497487438,3.091118800461361,Very High
22627,MINT KITCHEN SCALES,852,7521.89,357,193,9.536190476190477,21.069719887955184,2.3865546218487395,4.4521337946943484,Very High
22628,PICNIC BOXES SET OF 3 RETROSPOT ,965,4620.91,190,85,5.667329842931937,24.32057894736842,5.078947368421052,1.9607843137254901,Very High
22629,SPACEBOY LUNCH BOX ,14249,25719.02,900,322,2.193337016574586,28.57668888888889,15.832222222222223,7.4279123414071515,Very High
22630,DOLLY GIRL LUNCH BOX,11780,21609.789999999997,850,287,2.3315268065268064,25.423282352941172,13.858823529411765,6.620530565167243,Very High
22631,CIRCUS PARADE LUNCH BOX ,3677,7199.57,396,168,2.614900497512438,18.180732323232323,9.285353535353535,3.875432525951557,Very High
22632,HAND WARMER RED POLKA DOT,4468,8982.83,392,260,2.212280701754386,22.915382653061226,11.39795918367347,5.997693194925029,Very High
22633,HAND WARMER UNION JACK,4851,10023.720000000001,479,300,2.1974036511156188,20.926346555323594,10.127348643006263,6.920415224913495,Very High
22634,CHILDS BREAKFAST SET SPACEBOY ,763,7161.3,222,155,10.312946428571427,32.25810810810811,3.436936936936937,3.575547866205306,Very High
22635,CHILDS BREAKFAST SET DOLLY GIRL ,681,6412.33,194,143,10.368102564102564,33.053247422680414,3.5103092783505154,3.298731257208766,Very High
22636,CHILDS BREAKFAST SET CIRCUS PARADE,595,5009.56,198,141,8.927575757575758,25.300808080808082,3.005050505050505,3.2525951557093427,Very High
22637,PIGGY BANK RETROSPOT ,2760,7111.18,329,188,3.1144072948328265,21.61452887537994,8.389057750759878,4.3367935409457905,Very High
22638,SET OF 4 NAPKIN CHARMS CROWNS ,300,481.88,52,37,2.2776923076923077,9.266923076923076,5.769230769230769,0.8535178777393311,Medium
22639,SET OF 4 NAPKIN CHARMS HEARTS,805,1935.16,148,101,2.7926490066225167,13.075405405405405,5.4391891891891895,2.3298731257208765,High
22640,SET OF 4 NAPKIN CHARMS 3 KEYS ,237,446.84,57,33,2.5242105263157892,7.839298245614034,4.157894736842105,0.7612456747404844,Medium
22641,SET OF 4 NAPKIN CHARMS INSTRUMENT,139,303.73,37,23,2.5927027027027023,8.20891891891892,3.7567567567567566,0.530565167243368,Medium
22642,SET OF 4 NAPKIN CHARMS STARS   ,269,596.36,51,39,2.645283018867924,11.693333333333333,5.2745098039215685,0.8996539792387545,Medium
22643,SET OF 4 NAPKIN CHARMS LEAVES   ,238,441.83,48,29,2.1975,9.204791666666667,4.958333333333333,0.6689734717416378,Medium
22644,CERAMIC CHERRY CAKE MONEY BANK,2214,2986.97,276,146,2.1284420289855075,10.822355072463768,8.021739130434783,3.3679354094579006,Very High
22645,CERAMIC HEART FAIRY CAKE MONEY BANK,2354,4709.74,351,161,2.2715211267605633,13.418062678062677,6.706552706552706,3.7139561707035758,Very High
22646,CERAMIC STRAWBERRY CAKE MONEY BANK,4160,5684.17,390,185,2.054529262086514,14.574794871794872,10.666666666666666,4.2675893886966545,Very High
22647,CERAMIC LOVE HEART MONEY BANK,732,466.17999999999995,45,34,1.405111111111111,10.359555555555554,16.266666666666666,0.7843137254901961,Medium
22649,STRAWBERRY FAIRY CAKE TEAPOT,795,4132.88,200,86,6.036470588235295,20.6644,3.975,1.983852364475202,Very High
22650,CERAMIC PIRATE CHEST MONEY BANK,851,1320.6999999999998,143,78,1.9219580419580418,9.235664335664334,5.951048951048951,1.799307958477509,High
22651,GENTLEMAN SHIRT REPAIR KIT ,2166,1837.47,170,73,1.1379411764705882,10.80864705882353,12.741176470588234,1.6839677047289503,High
22652,TRAVEL SEWING KIT,5091,8612.07,467,263,1.9708723404255317,18.441263383297645,10.901498929336189,6.066897347174164,Very High
22653,BUTTON BOX ,1876,3378.5,250,73,1.9483399209486165,13.514,7.504,1.6839677047289503,Very High
22654,DELUXE SEWING KIT ,1411,9893.0,328,157,7.752151515151516,30.161585365853657,4.301829268292683,3.621683967704729,Very High
22655,VINTAGE RED KITCHEN CABINET,60,8125.0,38,34,143.42105263157896,213.81578947368422,1.5789473684210527,0.7843137254901961,Very High
22656,VINTAGE BLUE KITCHEN CABINET,26,3685.0,20,17,146.75,184.25,1.3,0.39215686274509803,Very High
22659,LUNCH BOX I LOVE LONDON,11504,20781.649999999998,707,213,2.3154016620498616,29.394130127298443,16.27157001414427,4.913494809688582,Very High
22660,DOORMAT I LOVE LONDON,364,2678.96,102,56,9.895098039215686,26.264313725490197,3.5686274509803924,1.2918108419838525,Very High
22661,CHARLOTTE BAG DOLLY GIRL DESIGN,5194,4214.95,415,172,0.9770883054892601,10.156506024096386,12.51566265060241,3.967704728950404,Very High
22662,LUNCH BAG DOLLY GIRL DESIGN,6706,11060.88,682,310,1.9342608695652173,16.218299120234605,9.832844574780058,7.151095732410612,Very High
22663,JUMBO BAG DOLLY GIRL DESIGN,3419,7051.2,450,171,2.5757427937915747,15.669333333333332,7.597777777777778,3.944636678200692,Very High
22664,TOY TIDY DOLLY GIRL DESIGN,713,1472.85,162,62,2.869320987654321,9.091666666666667,4.401234567901234,1.4302191464821221,High
22665,RECIPE BOX BLUE SKETCHBOOK DESIGN,1516,5192.08,356,163,4.052696629213483,14.584494382022472,4.258426966292135,3.7600922722029986,Very High
22666,RECIPE BOX PANTRY YELLOW DESIGN,8269,26219.95,1111,471,3.7048793565683646,23.60031503150315,7.442844284428443,10.865051903114187,Very High
22667,RECIPE BOX RETROSPOT ,2882,8045.1,464,233,3.0373885350318472,17.3385775862069,6.211206896551724,5.374855824682815,Very High
22668,PINK BABY BUNTING,2179,6677.97,345,162,4.122405797101449,19.356434782608698,6.315942028985507,3.7370242214532867,Very High
22669,RED BABY BUNTING ,1128,3559.0,234,143,3.7677777777777783,15.209401709401709,4.82051282051282,3.298731257208766,Very High
22670,FRENCH WC SIGN BLUE METAL,1882,2516.75,301,141,1.6347194719471947,8.361295681063122,6.25249169435216,3.2525951557093427,Very High
22671,FRENCH LAUNDRY SIGN BLUE METAL,962,1608.7,144,75,2.1616666666666666,11.171527777777778,6.680555555555555,1.7301038062283738,High
22672,FRENCH BATHROOM SIGN BLUE METAL,1476,2511.22,219,125,2.0876923076923077,11.46675799086758,6.739726027397261,2.883506343713956,Very High
22673,FRENCH GARDEN SIGN BLUE METAL,791,1016.08,131,85,1.490530303030303,7.756335877862596,6.038167938931298,1.9607843137254901,High
22674,FRENCH TOILET SIGN BLUE METAL,1346,1692.72,187,106,1.5178421052631579,9.05197860962567,7.197860962566845,2.445213379469435,High
22675,FRENCH KITCHEN SIGN BLUE METAL,1240,1555.16,164,94,1.5539156626506023,9.482682926829268,7.560975609756097,2.1683967704728953,High
22676,FRENCH BLUE METAL DOOR SIGN 1,1155,1578.39,199,61,1.6345500000000002,7.931608040201006,5.8040201005025125,1.4071510957324107,High
22677,FRENCH BLUE METAL DOOR SIGN 2,1001,1389.07,188,59,1.7276190476190476,7.388670212765957,5.324468085106383,1.3610149942329872,High
22678,FRENCH BLUE METAL DOOR SIGN 3,843,1151.56,160,59,1.671125,7.1972499999999995,5.26875,1.3610149942329872,High
22679,FRENCH BLUE METAL DOOR SIGN 4,740,1023.03,152,54,1.7244736842105264,6.730460526315789,4.868421052631579,1.245674740484429,High
22680,FRENCH BLUE METAL DOOR SIGN 5,842,1157.79,153,61,1.6518709677419356,7.567254901960784,5.503267973856209,1.4071510957324107,High
22681,FRENCH BLUE METAL DOOR SIGN 6,710,973.15,126,45,1.680703125,7.723412698412698,5.634920634920635,1.0380622837370241,High
22682,FRENCH BLUE METAL DOOR SIGN 7,677,896.75,113,52,1.5951754385964911,7.935840707964601,5.991150442477876,1.1995386389850058,High
22683,FRENCH BLUE METAL DOOR SIGN 8,644,871.49,119,54,1.6489166666666668,7.323445378151261,5.411764705882353,1.245674740484429,High
22684,FRENCH BLUE METAL DOOR SIGN 9,531,726.07,98,41,1.704,7.408877551020408,5.418367346938775,0.9457900807381776,High
22685,FRENCH BLUE METAL DOOR SIGN 0,594,780.8,99,49,1.5481818181818183,7.886868686868686,6.0,1.130334486735871,High
22686,FRENCH BLUE METAL DOOR SIGN No,993,1308.38,158,39,1.8928481012658227,8.280886075949368,6.284810126582278,0.8996539792387545,High
22687,DOORMAT CHRISTMAS VILLAGE,590,3354.22,52,30,11.319807692307693,64.50423076923076,11.346153846153847,0.6920415224913495,Very High
22688,DOORMAT PEACE ON EARTH BLUE,705,3519.6600000000003,32,26,9.140625,109.98937500000001,22.03125,0.5997693194925029,Very High
22689,DOORMAT MERRY CHRISTMAS RED ,673,5176.25,146,94,10.198027210884353,35.45376712328767,4.609589041095891,2.1683967704728953,Very High
22690,DOORMAT HOME SWEET HOME BLUE ,1619,9943.7,285,198,8.34332167832168,34.89017543859649,5.680701754385965,4.567474048442906,Very High
22691,DOORMAT WELCOME SUNRISE,371,2678.77,120,65,9.365499999999999,22.323083333333333,3.091666666666667,1.4994232987312572,Very High
22692,DOORMAT WELCOME TO OUR HOME,1522,11539.06,443,231,9.598148984198644,26.047539503386,3.435665914221219,5.328719723183391,Very High
22693,GROW A FLYTRAP OR SUNFLOWER IN TIN,16244,17927.45,305,167,1.4859344262295082,58.77852459016394,53.25901639344262,3.8523644752018456,Very High
22694,WICKER STAR ,1842,4251.72,405,228,2.5493430656934306,10.498074074074074,4.548148148148148,5.259515570934256,Very High
22695,WICKER WREATH SMALL,741,1001.4899999999999,123,82,1.74696,8.142195121951218,6.024390243902439,1.8915801614763552,High
22696,WICKER WREATH LARGE,729,1452.55,151,108,2.3487179487179484,9.61953642384106,4.827814569536423,2.491349480968858,High
22697,GREEN REGENCY TEACUP AND SAUCER,7278,22755.5,1013,387,3.835362035225049,22.463474827245804,7.184600197433366,8.927335640138407,Very High
22698,PINK REGENCY TEACUP AND SAUCER,5788,17445.56,765,319,3.708229166666667,22.804653594771242,7.566013071895425,7.3587081891580155,Very High
22699,ROSES REGENCY TEACUP AND SAUCER ,9864,29056.920000000002,1065,423,3.661425908667288,27.283492957746482,9.261971830985916,9.757785467128027,Very High
22700,BLACK AND WHITE DOG BOWL,1196,2602.18,52,41,2.634807692307693,50.04192307692308,23.0,0.9457900807381776,Very High
22701,PINK DOG BOWL,549,922.89,115,39,2.5988793103448278,8.025130434782609,4.773913043478261,0.8996539792387545,High
22702,BLACK AND WHITE CAT BOWL,1363,2684.6499999999996,49,35,2.037755102040816,54.788775510204076,27.816326530612244,0.8073817762399077,Very High
22703,PINK CAT BOWL,360,583.3299999999999,123,30,1.754390243902439,4.742520325203252,2.926829268292683,0.6920415224913495,Medium
22704,WRAP RED APPLES ,5253,2158.26,174,129,0.41908045977011493,12.403793103448278,30.189655172413794,2.975778546712803,High
22705,WRAP GREEN PEARS ,1883,790.86,77,61,0.41999999999999993,10.270909090909091,24.454545454545453,1.4071510957324107,High
22706,WRAP COWBOYS  ,2057,847.94,71,64,0.4188732394366197,11.94281690140845,28.971830985915492,1.4763552479815456,High
22707,WRAP MONSTER FUN ,1257,527.94,49,41,0.42,10.774285714285716,25.653061224489797,0.9457900807381776,Medium
22708,WRAP DOLLY GIRL,2800,1160.0,100,79,0.4192,11.6,28.0,1.8223760092272203,High
22709,WRAP WEDDING DAY,1325,528.5,39,38,0.41641025641025636,13.551282051282051,33.97435897435897,0.8765859284890426,Medium
22710,WRAP I LOVE LONDON ,4501,1774.42,104,79,0.4163461538461538,17.06173076923077,43.27884615384615,1.8223760092272203,High
22711,WRAP CIRCUS PARADE,2902,1202.84,103,89,0.4192233009708738,11.678058252427183,28.174757281553397,2.053056516724337,High
22712,CARD DOLLY GIRL ,4435,1822.2,312,141,0.5486261980830671,5.8403846153846155,14.21474358974359,3.2525951557093427,High
22713,CARD I LOVE LONDON ,3441,1437.36,217,109,0.5413761467889908,6.623778801843318,15.857142857142858,2.51441753171857,High
22714,CARD BIRTHDAY COWBOY,3487,1415.73,225,125,0.5433333333333333,6.292133333333333,15.497777777777777,2.883506343713956,High
22715,CARD WEDDING DAY,1543,645.64,130,78,0.5171538461538462,4.966461538461538,11.86923076923077,1.799307958477509,Medium
22716,CARD CIRCUS PARADE,3201,1360.91,288,167,0.5248611111111111,4.725381944444445,11.114583333333334,3.8523644752018456,High
22717,CARD DOG AND BALL ,1229,535.78,131,69,0.5551908396946565,4.0899236641221375,9.381679389312977,1.591695501730104,Medium
22718,CARD CAT AND TREE ,1633,717.23,168,70,0.5764285714285714,4.269226190476191,9.720238095238095,1.6147635524798154,High
22719,GUMBALL MONOCHROME COAT RACK,620,895.72,109,25,2.0745454545454542,8.217614678899082,5.6880733944954125,0.5767012687427913,High
22720,SET OF 3 CAKE TINS PANTRY DESIGN ,7483,38108.89,1385,640,5.83371408045977,27.5154440433213,5.4028880866426,14.763552479815456,Very High
22721,SET OF 3 CAKE TINS SKETCHBOOK,1020,4671.81,297,183,5.396275167785235,15.730000000000002,3.4343434343434343,4.221453287197232,Very High
22722,SET OF 6 SPICE TINS PANTRY DESIGN,5966,24436.260000000002,834,393,4.676517119244393,29.300071942446046,7.15347721822542,9.065743944636678,Very High
22723,SET OF 6 HERB TINS SKETCHBOOK,1164,4262.820000000001,295,170,4.301208053691275,14.450237288135595,3.9457627118644067,3.9215686274509802,Very High
22725,ALARM CLOCK BAKELIKE CHOCOLATE,1980,8153.6,428,171,4.783640552995392,19.050467289719627,4.626168224299065,3.944636678200692,Very High
22726,ALARM CLOCK BAKELIKE GREEN,6419,27155.28,980,322,4.54201213346815,27.7094693877551,6.55,7.4279123414071515,Very High
22727,ALARM CLOCK BAKELIKE RED ,7800,30644.87,1051,388,4.396880301602262,29.157821122740245,7.421503330161751,8.95040369088812,Very High
22728,ALARM CLOCK BAKELIKE PINK,5356,20672.15,783,291,4.579835651074589,26.401213282247767,6.840357598978288,6.71280276816609,Very High
22729,ALARM CLOCK BAKELIKE ORANGE,2323,9068.95,445,179,4.514446902654867,20.379662921348316,5.2202247191011235,4.129181084198385,Very High
22730,ALARM CLOCK BAKELIKE IVORY,2885,11453.4,570,241,4.418076923076923,20.093684210526316,5.06140350877193,5.559400230680508,Very High
22731,3D CHRISTMAS STAMPS STICKERS ,1172,1536.24,143,85,1.5102083333333334,10.742937062937063,8.195804195804195,1.9607843137254901,High
22732,3D VINTAGE CHRISTMAS STICKERS ,1645,2162.75,188,102,1.5677894736842104,11.503989361702128,8.75,2.3529411764705883,High
22733,3D TRADITIONAL CHRISTMAS STICKERS,1583,2095.08,197,119,1.5160696517412937,10.63492385786802,8.035532994923859,2.7450980392156863,High
22734,SET OF 6 RIBBONS VINTAGE CHRISTMAS,3261,10610.04,422,278,3.5106250000000006,25.142274881516588,7.7274881516587675,6.412918108419839,Very High
22735,RIBBON REEL SOCKS AND MITTENS,741,1379.21,136,73,2.5397857142857143,10.14125,5.448529411764706,1.6839677047289503,High
22736,RIBBON REEL MAKING SNOWMEN ,1222,2297.1,223,130,2.3843612334801763,10.300896860986546,5.479820627802691,2.9988465974625145,Very High
22737,RIBBON REEL CHRISTMAS PRESENT ,1388,2694.15,259,148,2.3409022556390977,10.402123552123552,5.359073359073359,3.4140715109573243,Very High
22738,RIBBON REEL SNOWY VILLAGE,2173,3829.67,275,147,2.3363176895306856,13.926072727272727,7.901818181818181,3.3910034602076125,Very High
22739,RIBBON REEL CHRISTMAS SOCK BAUBLE,1818,3556.97,318,168,2.3681619937694705,11.185440251572327,5.716981132075472,3.875432525951557,Very High
22740,POLKADOT PEN,6842,5793.62,170,89,1.1349411764705881,34.08011764705882,40.247058823529414,2.053056516724337,Very High
22741,FUNKY DIVA PEN,8547,7363.86,233,107,1.107905982905983,31.604549356223174,36.682403433476395,2.4682814302191463,Very High
22742,MAKE YOUR OWN PLAYTIME CARD KIT,639,1323.5700000000002,101,77,3.0383168316831686,13.104653465346535,6.326732673267327,1.776239907727797,High
22743,MAKE YOUR OWN FLOWERPOWER CARD KIT,930,2408.5400000000004,206,115,3.649323671497585,11.691941747572818,4.514563106796117,2.6528258362168398,Very High
22744,MAKE YOUR OWN MONSOON CARD KIT,867,2084.8500000000004,172,123,3.1233333333333335,12.12122093023256,5.040697674418604,2.837370242214533,High
22745,POPPY'S PLAYHOUSE BEDROOM ,2021,4661.79,423,216,2.546305882352941,11.020780141843971,4.777777777777778,4.982698961937716,Very High
22746,POPPY'S PLAYHOUSE LIVINGROOM ,1447,3236.54,328,179,2.5151975683890577,9.8675,4.411585365853658,4.129181084198385,Very High
22747,POPPY'S PLAYHOUSE BATHROOM,954,2080.85,227,123,2.4989956331877727,9.166740088105726,4.202643171806168,2.837370242214533,High
22748,POPPY'S PLAYHOUSE KITCHEN,2117,4880.83,436,233,2.4816628701594534,11.194564220183485,4.855504587155964,5.374855824682815,Very High
22749,FELTCRAFT PRINCESS CHARLOTTE DOLL,2362,9216.16,449,275,4.118048245614035,20.525968819599107,5.260579064587973,6.343713956170703,Very High
22750,FELTCRAFT PRINCESS LOLA DOLL,2001,7491.83,413,247,4.061346153846154,18.140024213075062,4.845036319612591,5.697808535178778,Very High
22751,FELTCRAFT PRINCESS OLIVIA DOLL,1563,5801.47,290,184,4.235924657534247,20.005068965517243,5.389655172413793,4.244521337946944,Very High
22752,SET 7 BABUSHKA NESTING BOXES,1787,14427.97,380,188,9.79502617801047,37.968342105263154,4.7026315789473685,4.3367935409457905,Very High
22753,SMALL YELLOW BABUSHKA NOTEBOOK ,1010,758.13,217,98,0.9668036529680365,3.4936866359447003,4.654377880184332,2.260668973471742,High
22754,SMALL RED BABUSHKA NOTEBOOK ,1951,1350.47,266,120,1.0024253731343282,5.076954887218045,7.334586466165414,2.768166089965398,High
22755,SMALL PURPLE BABUSHKA NOTEBOOK ,1687,1187.96,251,110,0.9793280632411067,4.732908366533865,6.721115537848606,2.5374855824682814,High
22756,LARGE YELLOW BABUSHKA NOTEBOOK ,599,656.52,123,68,1.4316260162601626,5.3375609756097555,4.869918699186992,1.5686274509803921,Medium
22757,LARGE RED BABUSHKA NOTEBOOK ,1096,1167.74,163,81,1.5376073619631903,7.1640490797546015,6.723926380368098,1.8685121107266434,High
22758,LARGE PURPLE BABUSHKA NOTEBOOK  ,1195,1110.25,178,85,1.4949720670391062,6.237359550561798,6.713483146067416,1.9607843137254901,High
22759,SET OF 3 NOTEBOOKS IN PARCEL,5435,9027.44,422,253,2.050720930232558,21.392037914691944,12.87914691943128,5.836216839677047,Very High
22760,"TRAY, BREAKFAST IN BED",275,3491.8599999999997,80,50,14.710749999999999,43.64825,3.4375,1.1534025374855825,Very High
22761,CHEST 7 DRAWER MA CAMPAGNE,36,895.38,26,21,25.533846153846152,34.43769230769231,1.3846153846153846,0.4844290657439446,High
22762,CUPBOARD 3 DRAWER MA CAMPAGNE,171,2786.0299999999997,112,74,17.674464285714286,24.875267857142855,1.5267857142857142,1.7070357554786622,Very High
22763,KEY CABINET MA CAMPAGNE,206,2176.3199999999997,108,76,11.311666666666666,20.15111111111111,1.9074074074074074,1.7531718569780852,High
22764,"RUSTIC WOODEN CABINET, GLASS DOORS",5,174.76999999999998,3,2,33.28666666666667,58.25666666666666,1.6666666666666667,0.0461361014994233,Medium
22765,NEWSPAPER STAND,27,316.95000000000005,5,3,19.874000000000002,63.39000000000001,5.4,0.06920415224913494,Medium
22766,PHOTO FRAME CORNICE,3267,9755.09,504,278,3.213877952755906,19.3553373015873,6.482142857142857,6.412918108419839,Very High
22767,TRIPLE PHOTO FRAME CORNICE ,774,7173.55,218,152,10.27288990825688,32.90619266055046,3.55045871559633,3.5063437139561704,Very High
22768,FAMILY PHOTO FRAME CORNICE,867,8258.59,260,184,10.96038314176245,31.763807692307694,3.3346153846153848,4.244521337946944,Very High
22769,CHALKBOARD KITCHEN ORGANISER,11,366.73,8,3,37.61,45.84125,1.375,0.06920415224913494,Medium
22770,MIRROR CORNICE,94,1515.68,62,44,16.29064516129032,24.44645161290323,1.5161290322580645,1.0149942329873125,High
22771,CLEAR DRAWER KNOB ACRYLIC EDWARDIAN,6539,8930.44,441,168,1.5675615212527965,20.25043083900227,14.82766439909297,3.875432525951557,Very High
22772,PINK DRAWER KNOB ACRYLIC EDWARDIAN,3793,5116.7,254,84,1.66984375,20.14448818897638,14.933070866141732,1.9377162629757785,Very High
22773,GREEN DRAWER KNOB ACRYLIC EDWARDIAN,2075,2739.4,191,82,1.5244102564102564,14.342408376963352,10.863874345549739,1.8915801614763552,Very High
22774,RED DRAWER KNOB ACRYLIC EDWARDIAN,2254,2871.75,140,56,1.5968794326241134,20.5125,16.1,1.2918108419838525,Very High
22775,PURPLE DRAWERKNOB ACRYLIC EDWARDIAN,3105,4469.37,237,79,1.743677685950413,18.858101265822786,13.10126582278481,1.8223760092272203,Very High
22776,SWEETHEART CAKESTAND 3 TIER,1244,13078.78,536,327,11.44487895716946,24.40070895522388,2.3208955223880596,7.5432525951557095,Very High
22777,GLASS BELL JAR LARGE,352,2951.53,58,37,10.673793103448277,50.888448275862075,6.068965517241379,0.8535178777393311,Very High
22778,GLASS CLOCHE SMALL,808,3146.82,143,80,4.897432432432433,22.005734265734265,5.65034965034965,1.845444059976932,Very High
22779,WOODEN OWLS LIGHT GARLAND ,1537,5789.85,149,88,4.183509933774834,38.85805369127517,10.315436241610739,2.029988465974625,Very High
22780,LIGHT GARLAND BUTTERFILES PINK,1346,5044.34,132,82,4.1853731343283584,38.21469696969697,10.196969696969697,1.8915801614763552,Very High
22781,GUMBALL MAGAZINE RACK,621,5191.01,232,118,9.835818965517243,22.375043103448277,2.6767241379310347,2.7220299884659744,Very High
22782,SET 3 WICKER STORAGE BASKETS ,241,3399.95,74,65,19.355405405405406,45.94527027027027,3.2567567567567566,1.4994232987312572,Very High
22783,SET 3 WICKER OVAL BASKETS W LIDS,463,5961.25,33,29,14.623939393939393,180.6439393939394,14.030303030303031,0.6689734717416378,Very High
22784,LANTERN CREAM GAZEBO ,1272,6360.99,299,192,5.675478547854786,21.274214046822742,4.254180602006689,4.429065743944636,Very High
22785,SQUARECUSHION COVER PINK UNION FLAG,245,1087.57,74,48,7.300540540540541,14.696891891891891,3.310810810810811,1.107266435986159,High
22786,CUSHION COVER PINK UNION JACK,123,764.63,47,31,7.620212765957446,16.26872340425532,2.617021276595745,0.7151095732410611,High
22788,BROCANTE COAT RACK,220,2025.96,60,33,12.059666666666665,33.766,3.6666666666666665,0.7612456747404844,High
22789,T-LIGHT HOLDER SWEETHEART HANGING,844,1657.02,138,101,2.159928057553957,12.007391304347825,6.115942028985507,2.3298731257208765,High
22791,T-LIGHT GLASS FLUTED ANTIQUE,7955,9873.880000000001,345,184,1.5130057803468209,28.61994202898551,23.057971014492754,4.244521337946944,Very High
22792,FLUTED ANTIQUE CANDLE HOLDER,2785,2622.93,206,100,1.1530582524271844,12.73266990291262,13.519417475728156,2.306805074971165,Very High
22794,SWEETHEART WIRE MAGAZINE RACK,326,2784.9,182,114,9.025934065934067,15.301648351648351,1.7912087912087913,2.629757785467128,Very High
22795,SWEETHEART RECIPE BOOK STAND,1211,8571.25,368,170,8.111132075471698,23.291440217391305,3.2907608695652173,3.9215686274509802,Very High
22796,PHOTO FRAME 3 CLASSIC HANGING,582,5787.45,232,146,10.461965811965811,24.94590517241379,2.5086206896551726,3.3679354094579006,Very High
22797,CHEST OF DRAWERS GINGHAM HEART ,163,2851.36,91,63,18.919890109890108,31.333626373626377,1.7912087912087913,1.453287197231834,Very High
22798,ANTIQUE GLASS DRESSING TABLE POT,1798,5561.3,267,126,3.781310861423221,20.82883895131086,6.734082397003745,2.906574394463668,Very High
22799,SWEETHEART WIRE FRUIT BOWL,207,1623.08,89,70,8.717191011235956,18.236853932584268,2.3258426966292136,1.6147635524798154,High
22800,ANTIQUE TALL SWIRLGLASS TRINKET POT,870,3560.74,203,109,4.955615763546798,17.540591133004924,4.285714285714286,2.51441753171857,Very High
22801,ANTIQUE GLASS PEDESTAL BOWL,1027,4203.89,220,123,4.729107142857143,19.10859090909091,4.668181818181818,2.837370242214533,Very High
22802,FAUX FUR CHOCOLATE THROW,87,1474.74,49,30,18.740408163265304,30.09673469387755,1.7755102040816326,0.6920415224913495,High
22803,IVORY EMBROIDERED QUILT ,54,2038.0900000000001,31,18,38.972903225806455,65.74483870967742,1.7419354838709677,0.4152249134948097,High
22804,CANDLEHOLDER PINK HANGING HEART,3131,8102.950000000001,474,252,3.1792708333333337,17.094831223628695,6.605485232067511,5.813148788927336,Very High
22805,BLUE DRAWER KNOB ACRYLIC EDWARDIAN,1890,2576.03,195,77,1.675846153846154,13.210410256410258,9.692307692307692,1.776239907727797,Very High
22806,SET OF 6 T-LIGHTS WEDDING CAKE ,260,677.0400000000001,38,28,3.388421052631579,17.81684210526316,6.842105263157895,0.6459054209919263,Medium
22807,SET OF 6 T-LIGHTS TOADSTOOLS,818,2417.73,195,74,3.7699492385786804,12.398615384615384,4.194871794871795,1.7070357554786622,Very High
22808,SET OF 6 T-LIGHTS EASTER CHICKS,345,1038.8700000000001,75,51,3.601466666666667,13.851600000000001,4.6,1.1764705882352942,High
22809,SET OF 6 T-LIGHTS SANTA,1240,3781.2000000000003,204,141,3.5039805825242722,18.53529411764706,6.078431372549019,3.2525951557093427,Very High
22810,SET OF 6 T-LIGHTS SNOWMEN,944,3022.0800000000004,165,106,3.5977108433734943,18.315636363636365,5.721212121212122,2.445213379469435,Very High
22811,SET OF 6 T-LIGHTS CACTI ,881,2419.29,108,37,3.8372477064220183,22.400833333333335,8.157407407407407,0.8535178777393311,Very High
22812,PACK 3 BOXES CHRISTMAS PANNETONE,1725,3608.2999999999997,185,98,2.820315789473684,19.504324324324323,9.324324324324325,2.260668973471742,Very High
22813,PACK 3 BOXES BIRD PANNETONE ,2372,4640.78,218,116,2.645229357798165,21.287981651376146,10.880733944954128,2.675893886966551,Very High
22814,CARD PARTY GAMES ,2129,888.47,235,75,0.4929361702127659,3.780723404255319,9.059574468085106,1.7301038062283738,High
22815,CARD PSYCHEDELIC APPLES,2628,1118.84,268,79,0.4901492537313432,4.174776119402985,9.805970149253731,1.8223760092272203,High
22816,CARD MOTORBIKE SANTA,3987,1691.76,266,158,0.4599253731343283,6.36,14.988721804511279,3.6447520184544406,High
22817,CARD SUKI BIRTHDAY,2639,1114.81,290,79,0.48220689655172416,3.8441724137931033,9.1,1.8223760092272203,High
22818,CARD CHRISTMAS VILLAGE,3633,1550.4,244,151,0.46090163934426226,6.354098360655738,14.889344262295081,3.4832756632064585,High
22819,"BIRTHDAY CARD, RETRO SPOT",2608,1104.81,270,94,0.4670740740740741,4.091888888888889,9.65925925925926,2.1683967704728953,High
22820,GIFT BAG BIRTHDAY,940,575.42,77,42,0.6137179487179487,7.472987012987012,12.207792207792208,0.9688581314878892,Medium
22821,GIFT BAG PSYCHEDELIC APPLES,1171,722.6700000000001,139,52,0.7051079136690648,5.199064748201439,8.424460431654676,1.1995386389850058,High
22822,CREAM WALL PLANTER HEART SHAPED,433,2582.75,158,121,6.442974683544304,16.34651898734177,2.740506329113924,2.7912341407151096,Very High
22823,CHEST NATURAL WOOD 20 DRAWERS,24,2745.0,13,13,118.07692307692308,211.15384615384616,1.8461538461538463,0.29988465974625145,Very High
22824,3 TIER SWEETHEART GARDEN SHELF,55,1938.2500000000002,43,42,35.67093023255814,45.07558139534884,1.2790697674418605,0.9688581314878892,High
22825,DECORATIVE PLANT POT WITH FRIEZE,73,584.37,28,23,8.479285714285714,20.87035714285714,2.607142857142857,0.530565167243368,Medium
22826,LOVE SEAT ANTIQUE WHITE METAL,58,6210.0,41,33,114.02439024390245,151.46341463414635,1.4146341463414633,0.7612456747404844,Very High
22827,RUSTIC  SEVENTEEN DRAWER SIDEBOARD,35,5415.0,26,21,158.07692307692307,208.26923076923077,1.3461538461538463,0.4844290657439446,Very High
22828,REGENCY MIRROR WITH SHUTTERS,10,1530.0,7,7,156.42857142857142,218.57142857142858,1.4285714285714286,0.16147635524798157,High
22829,SWEETHEART WIRE WALL TIDY,227,2295.43,109,80,10.87275229357798,21.05899082568807,2.0825688073394497,1.845444059976932,Very High
22830,UTILTY CABINET WITH HOOKS,131,2610.29,6,5,21.771666666666665,435.04833333333335,21.833333333333332,0.11534025374855825,Very High
22831,WHITE BROCANTE SOAP DISH,706,2070.9,121,91,3.319105691056911,17.11487603305785,5.8347107438016526,2.09919261822376,High
22832,BROCANTE SHELF WITH HOOKS,162,1781.82,76,64,11.533157894736842,23.445,2.1315789473684212,1.4763552479815456,High
22833,HALL CABINET WITH 3 DRAWERS,76,2603.5299999999997,5,4,56.508,520.7059999999999,15.2,0.0922722029988466,Very High
22834,HAND WARMER BABUSHKA DESIGN,4941,7105.33,368,199,2.229490616621984,19.30796195652174,13.42663043478261,4.590542099192618,Very High
22835,HOT WATER BOTTLE I AM SO POORLY,3441,17892.96,657,316,5.887280966767372,27.234337899543377,5.237442922374429,7.289504036908881,Very High
22837,HOT WATER BOTTLE BABUSHKA ,1173,5657.93,178,108,5.565,31.786123595505618,6.589887640449438,2.491349480968858,Very High
22838,3 TIER CAKE TIN RED AND CREAM,689,9765.11,168,115,17.272142857142857,58.12565476190476,4.101190476190476,2.6528258362168398,Very High
22839,3 TIER CAKE TIN GREEN AND CREAM,445,6981.67,201,107,18.59910891089109,34.73467661691542,2.2139303482587063,2.4682814302191463,Very High
22840,ROUND CAKE TIN VINTAGE RED,913,6903.79,271,193,8.366014760147602,25.475239852398524,3.3690036900369003,4.4521337946943484,Very High
22841,ROUND CAKE TIN VINTAGE GREEN,529,4101.77,213,156,8.441549295774648,19.257136150234743,2.483568075117371,3.598615916955018,Very High
22842,BISCUIT TIN VINTAGE RED,589,3823.21,162,120,7.2198765432098755,23.600061728395062,3.6358024691358026,2.768166089965398,Very High
22843,BISCUIT TIN VINTAGE GREEN,450,2904.52,126,92,7.27,23.05174603174603,3.5714285714285716,2.122260668973472,Very High
22844,VINTAGE CREAM DOG FOOD CONTAINER,1003,9661.32,416,176,10.829090909090908,23.224326923076923,2.4110576923076925,4.05997693194925,Very High
22845,VINTAGE CREAM CAT FOOD CONTAINER,802,5396.93,316,155,7.846624605678234,17.078892405063293,2.537974683544304,3.575547866205306,Very High
22846,BREAD BIN DINER STYLE RED ,665,10676.619999999999,278,158,17.699460431654675,38.40510791366906,2.3920863309352516,3.6447520184544406,Very High
22847,BREAD BIN DINER STYLE IVORY,905,14389.34,376,214,17.408590425531916,38.269521276595746,2.4069148936170213,4.9365628604382925,Very High
22848,BREAD BIN DINER STYLE PINK,323,5208.45,128,68,18.21203125,40.691015625,2.5234375,1.5686274509803921,Very High
22849,BREAD BIN DINER STYLE MINT,323,5027.73,129,79,16.917441860465114,38.97465116279069,2.503875968992248,1.8223760092272203,Very High
22851,SET 20 NAPKINS FAIRY CAKES DESIGN ,2741,2368.64,350,198,1.000593220338983,6.767542857142857,7.831428571428572,4.567474048442906,Very High
22852,DOG BOWL VINTAGE CREAM,390,1757.8799999999999,125,83,4.6368,14.063039999999999,3.12,1.914648212226067,High
22853,CAT BOWL VINTAGE CREAM,472,1655.96,116,76,3.6286206896551727,14.27551724137931,4.068965517241379,1.7531718569780852,High
22854,CREAM SWEETHEART EGG HOLDER,767,3708.52,161,123,5.392760736196319,23.034285714285716,4.763975155279503,2.837370242214533,Very High
22855,FINE WICKER HEART ,2642,3301.73,237,152,1.5268487394957984,13.931350210970464,11.147679324894515,3.5063437139561704,Very High
22856,ASSORTED EASTER DECORATIONS  BELLS,569,729.57,27,21,3.9481481481481477,27.021111111111114,21.074074074074073,0.4844290657439446,High
22857,ASSORTED EASTER GIFT TAGS,1145,965.86,61,56,1.338360655737705,15.833770491803278,18.770491803278688,1.2918108419838525,High
22858,EASTER TIN KEEPSAKE,1126,1860.78,136,103,1.9434306569343065,13.68220588235294,8.279411764705882,2.3760092272203,High
22859,EASTER TIN BUNNY BOUQUET,1203,2003.07,158,111,1.9235,12.6776582278481,7.613924050632911,2.5605536332179932,High
22860,EASTER TIN CHICKS PINK DAISY,589,1017.77,107,82,1.9718691588785044,9.511869158878504,5.5046728971962615,1.8915801614763552,High
22861,EASTER TIN CHICKS IN GARDEN,305,522.93,50,36,2.0107999999999997,10.458599999999999,6.1,0.8304498269896194,Medium
22862,LOVE HEART NAPKIN BOX ,171,826.95,66,42,5.413235294117648,12.529545454545456,2.590909090909091,0.9688581314878892,High
22863,SOAP DISH BROCANTE,719,2070.73,110,77,3.2954545454545454,18.82481818181818,6.536363636363636,1.776239907727797,High
22865,HAND WARMER OWL DESIGN,8439,17786.13,654,375,2.359009009009009,27.19591743119266,12.903669724770642,8.650519031141869,Very High
22866,HAND WARMER SCOTTY DOG DESIGN,6611,14366.52,548,329,2.3365124555160146,26.216277372262773,12.063868613138686,7.589388696655133,Very High
22867,HAND WARMER BIRD DESIGN,6433,14061.890000000001,554,333,2.401336898395722,25.382472924187727,11.611913357400722,7.681660899653979,Very High
22868,NUMBER TILE COTTAGE GARDEN 0 ,63,144.65,20,10,3.04,7.2325,3.15,0.2306805074971165,Medium
22869,NUMBER TILE COTTAGE GARDEN 1,96,246.14,44,18,3.1904545454545454,5.594090909090909,2.1818181818181817,0.4152249134948097,Medium
22870,NUMBER TILE COTTAGE GARDEN 2,93,240.29,39,14,3.2600000000000002,6.161282051282051,2.3846153846153846,0.32295271049596314,Medium
22871,NUMBER TILE COTTAGE GARDEN 3 ,67,163.35,25,10,3.258,6.534,2.68,0.2306805074971165,Medium
22872,NUMBER TILE COTTAGE GARDEN 4,72,177.46,30,13,3.1853333333333333,5.915333333333334,2.4,0.29988465974625145,Medium
22873,NUMBER TILE COTTAGE GARDEN 5,60,145.5,26,12,3.0461538461538464,5.596153846153846,2.3076923076923075,0.27681660899653976,Medium
22874,NUMBER TILE COTTAGE GARDEN 6,65,150.81,21,10,2.944545454545455,7.1814285714285715,3.0952380952380953,0.2306805074971165,Medium
22875,NUMBER TILE COTTAGE GARDEN 7,63,149.09,25,14,2.9124,5.9636000000000005,2.52,0.32295271049596314,Medium
22876,NUMBER TILE COTTAGE GARDEN 8,61,138.81,20,11,2.943,6.9405,3.05,0.2537485582468281,Medium
22877,NUMBER TILE COTTAGE GARDEN 9,63,138.10999999999999,19,12,2.638421052631579,7.268947368421052,3.3157894736842106,0.27681660899653976,Medium
22878,NUMBER TILE COTTAGE GARDEN No,75,204.19,33,10,3.453333333333333,6.1875757575757575,2.272727272727273,0.2306805074971165,Medium
22879,NUMBER TILE VINTAGE FONT 0,70,102.46,16,6,2.8674999999999997,6.40375,4.375,0.13840830449826988,Low
22880,NUMBER TILE VINTAGE FONT 1,97,196.69,32,8,3.299375,6.1465625,3.03125,0.1845444059976932,Medium
22881,NUMBER TILE VINTAGE FONT 2,102,197.56,34,9,3.2152941176470584,5.810588235294118,3.0,0.20761245674740486,Medium
22882,NUMBER TILE VINTAGE FONT 3,108,213.7,42,13,3.0280952380952377,5.088095238095238,2.5714285714285716,0.29988465974625145,Medium
22883,NUMBER TILE VINTAGE FONT 4,100,191.48,32,9,3.294375,5.98375,3.125,0.20761245674740486,Medium
22884,NUMBER TILE VINTAGE FONT 5,99,194.04999999999998,36,12,3.086666666666667,5.3902777777777775,2.75,0.27681660899653976,Medium
22885,NUMBER TILE VINTAGE FONT 6 ,96,172.78,28,10,3.097142857142857,6.170714285714285,3.4285714285714284,0.2306805074971165,Medium
22886,NUMBER TILE VINTAGE FONT 7,87,146.43,25,8,2.8827999999999996,5.857200000000001,3.48,0.1845444059976932,Medium
22887,NUMBER TILE VINTAGE FONT 8,78,126.78,23,8,2.967391304347826,5.512173913043478,3.391304347826087,0.1845444059976932,Low
22888,NUMBER TILE VINTAGE FONT 9 ,76,124.97999999999999,21,7,3.1642857142857146,5.951428571428571,3.619047619047619,0.16147635524798157,Low
22889,NUMBER TILE VINTAGE FONT No ,169,263.8,33,6,3.626969696969697,7.993939393939394,5.121212121212121,0.13840830449826988,Medium
22890,NOVELTY BISCUITS CAKE STAND 3 TIER,385,3939.87,165,94,11.292349397590362,23.878,2.3333333333333335,2.1683967704728953,Very High
22891,TEA FOR ONE POLKADOT,420,2108.18,168,69,5.823214285714285,12.548690476190476,2.5,1.591695501730104,High
22892,SET OF SALT AND PEPPER TOADSTOOLS,2472,3021.6,199,117,1.2452261306532664,15.183919597989949,12.422110552763819,2.698961937716263,Very High
22893,MINI CAKE STAND T-LIGHT HOLDER,1872,931.02,142,45,0.6406293706293706,6.556478873239437,13.183098591549296,1.0380622837370241,High
22894,TABLECLOTH RED APPLES DESIGN ,305,3027.38,122,82,10.172682926829268,24.814590163934426,2.5,1.8915801614763552,Very High
22895,SET OF 2 TEA TOWELS APPLE AND PEARS,2058,6334.3,284,163,3.6027972027972033,22.30387323943662,7.246478873239437,3.7600922722029986,Very High
22896,PEG BAG APPLES DESIGN,1584,4043.36,288,144,3.2036206896551724,14.039444444444445,5.5,3.3217993079584778,Very High
22897,OVEN MITT APPLES DESIGN,1350,2013.1,211,135,1.8147641509433963,9.540758293838863,6.398104265402844,3.1141868512110724,High
22898,CHILDRENS APRON APPLES DESIGN,2414,5150.92,365,201,2.5617983651226157,14.112109589041095,6.6136986301369864,4.6366782006920415,Very High
22899,CHILDREN'S APRON DOLLY GIRL ,2069,4326.43,313,190,2.442825396825397,13.822460063897765,6.610223642172524,4.382929642445213,Very High
22900, SET 2 TEA TOWELS I LOVE LONDON ,4907,14938.43,533,194,3.734585635359116,28.027073170731708,9.206378986866792,4.47520184544406,Very High
22902,TOTE BAG I LOVE LONDON,1288,2633.28,136,71,2.6674264705882353,19.36235294117647,9.470588235294118,1.637831603229527,Very High
22903,CALENDAR FAMILY FAVOURITES,193,550.6,59,21,3.033728813559322,9.332203389830509,3.2711864406779663,0.4844290657439446,Medium
22904,CALENDAR PAPER CUT DESIGN,1834,5467.26,271,162,3.353065693430657,20.17439114391144,6.767527675276753,3.7370242214532867,Very High
22905,CALENDAR IN SEASON DESIGN,581,1502.2900000000002,110,50,2.78990990990991,13.65718181818182,5.281818181818182,1.1534025374855825,High
22906,12 MESSAGE CARDS WITH ENVELOPES,1733,2947.87,251,150,2.0496899224806198,11.744501992031871,6.904382470119522,3.4602076124567476,Very High
22907,PACK OF 20 NAPKINS PANTRY DESIGN,6573,5670.0,670,357,0.9899710982658959,8.462686567164178,9.81044776119403,8.235294117647058,Very High
22908,PACK OF 20 NAPKINS RED APPLES,4380,3569.58,375,212,0.9678851174934725,9.51888,11.68,4.89042675893887,Very High
22909,SET OF 20 VINTAGE CHRISTMAS NAPKINS,8976,8041.179999999999,610,368,0.9908974358974358,13.182262295081966,14.714754098360656,8.489042675893888,Very High
22910,PAPER CHAIN KIT VINTAGE CHRISTMAS,10594,32843.840000000004,820,470,3.3676774969915764,40.05346341463415,12.919512195121952,10.841983852364475,Very High
22911,PAPER CHAIN KIT LONDON,463,1358.0900000000001,94,68,3.2443157894736845,14.44776595744681,4.925531914893617,1.5686274509803921,High
22912,YELLOW COAT RACK PARIS FASHION,287,1342.39,100,74,5.285841584158416,13.423900000000001,2.87,1.7070357554786622,High
22913,RED COAT RACK PARIS FASHION,352,1673.15,112,78,5.552053571428572,14.938839285714286,3.142857142857143,1.799307958477509,High
22914,BLUE COAT RACK PARIS FASHION,467,2261.21,154,106,5.506387096774193,14.683181818181819,3.0324675324675323,2.445213379469435,Very High
22915,ASSORTED BOTTLE TOP  MAGNETS ,3152,1406.42,184,110,1.1675135135135135,7.643586956521739,17.130434782608695,2.5374855824682814,High
22916,HERB MARKER THYME,1905,1314.21,237,130,0.8502066115702479,5.545189873417722,8.037974683544304,2.9988465974625145,High
22917,HERB MARKER ROSEMARY,1937,1340.22,240,132,0.8511618257261411,5.58425,8.070833333333333,3.0449826989619377,High
22918,HERB MARKER PARSLEY,1869,1275.3500000000001,238,130,0.8506224066390041,5.358613445378152,7.852941176470588,2.9988465974625145,High
22919,HERB MARKER MINT,1753,1221.8600000000001,240,132,0.8413168724279835,5.091083333333334,7.304166666666666,3.0449826989619377,High
22920,HERB MARKER BASIL,3423,2153.34,242,133,0.8603278688524589,8.89809917355372,14.144628099173554,3.068050749711649,High
22921,HERB MARKER CHIVES ,1716,1180.8700000000001,209,116,0.8432380952380953,5.650095693779905,8.210526315789474,2.675893886966551,High
22922,FRIDGE MAGNETS US DINER ASSORTED,1587,1422.8999999999999,102,73,1.7672549019607842,13.95,15.558823529411764,1.6839677047289503,High
22923,FRIDGE MAGNETS LES ENFANTS ASSORTED,1360,1130.77,80,64,0.9959999999999999,14.134625,17.0,1.4763552479815456,High
22924,FRIDGE MAGNETS LA VIE EN ROSE,1295,1154.6,87,63,1.3801149425287356,13.27126436781609,14.885057471264368,1.453287197231834,High
22925,BLUE GIANT GARDEN THERMOMETER,449,2757.4700000000003,182,125,6.510491803278689,15.150934065934067,2.467032967032967,2.883506343713956,Very High
22926,IVORY GIANT GARDEN THERMOMETER,594,3656.8500000000004,195,140,6.2895408163265305,18.753076923076925,3.046153846153846,3.229527104959631,Very High
22927,GREEN GIANT GARDEN THERMOMETER,430,2704.71,148,94,6.6860135135135135,18.275067567567568,2.9054054054054053,2.1683967704728953,Very High
22928,YELLOW GIANT GARDEN THERMOMETER,288,1993.75,115,62,7.784695652173913,17.33695652173913,2.5043478260869567,1.4302191464821221,High
22929,SCHOOL DESK AND CHAIR ,19,1199.75,13,13,63.91538461538461,92.28846153846153,1.4615384615384615,0.29988465974625145,High
22930,BAKING MOULD HEART MILK CHOCOLATE,1108,2846.8,189,120,3.073350785340314,15.062433862433863,5.862433862433862,2.768166089965398,Very High
22931,BAKING MOULD HEART WHITE CHOCOLATE,813,1963.3,129,95,2.8299999999999996,15.21937984496124,6.3023255813953485,2.1914648212226067,High
22932,BAKING MOULD TOFFEE CUP CHOCOLATE,884,2000.88,72,51,2.708472222222222,27.790000000000003,12.277777777777779,1.1764705882352942,High
22933,BAKING MOULD EASTER EGG MILK CHOC,940,2585.92,122,82,3.48869918699187,21.196065573770493,7.704918032786885,1.8915801614763552,Very High
22934,BAKING MOULD EASTER EGG WHITE CHOC,589,1707.47,78,65,3.2253846153846157,21.890641025641028,7.551282051282051,1.4994232987312572,High
22935,BAKING MOULD ROSE MILK CHOCOLATE,690,2066.82,65,46,3.8047692307692307,31.797230769230772,10.615384615384615,1.061130334486736,High
22936,BAKING MOULD ROSE WHITE CHOCOLATE,279,895.97,50,30,4.326153846153846,17.9194,5.58,0.6920415224913495,High
22937,BAKING MOULD CHOCOLATE CUPCAKES,972,2563.2400000000002,160,122,2.9215853658536584,16.02025,6.075,2.8143021914648214,Very High
22938,CUPCAKE LACE PAPER SET 6,2367,4488.63,186,160,2.093191489361702,24.13241935483871,12.725806451612904,3.690888119953864,Very High
22939,APRON APPLE DELIGHT,469,2392.67,125,77,6.02104,19.14136,3.752,1.776239907727797,Very High
22940,FELTCRAFT CHRISTMAS FAIRY,1915,7890.25,321,240,4.549082568807339,24.580218068535824,5.965732087227415,5.536332179930796,Very High
22941,CHRISTMAS LIGHTS 10 REINDEER,1670,13795.92,311,205,9.962893890675241,44.359871382636655,5.369774919614148,4.728950403690888,Very High
22942,CHRISTMAS LIGHTS 10 SANTAS ,608,4460.54,152,111,8.33764705882353,29.345657894736842,4.0,2.5605536332179932,Very High
22943,CHRISTMAS LIGHTS 10 VINTAGE BAUBLES,1355,6755.47,209,128,6.264258373205742,32.322822966507175,6.483253588516747,2.952710495963091,Very High
22944,CHRISTMAS METAL POSTCARD WITH BELLS,3375,1843.6399999999999,111,50,1.318859649122807,16.609369369369368,30.405405405405407,1.1534025374855825,High
22945,CHRISTMAS METAL TAGS ASSORTED ,2991,3008.92,172,118,2.2110857142857143,17.49372093023256,17.38953488372093,2.7220299884659744,Very High
22946,WOODEN ADVENT CALENDAR CREAM,453,7030.22,137,64,18.158260869565215,51.315474452554746,3.3065693430656933,1.4763552479815456,Very High
22947,WOODEN ADVENT CALENDAR RED,746,8714.24,137,81,13.112481751824818,63.60759124087591,5.445255474452555,1.8685121107266434,Very High
22948,METAL DECORATION NAUGHTY CHILDREN ,1599,1603.29,136,69,1.6767605633802816,11.78889705882353,11.757352941176471,1.591695501730104,High
22949,36 DOILIES DOLLY GIRL,956,1417.55,105,81,1.7194285714285713,13.50047619047619,9.104761904761904,1.8685121107266434,High
22950,36 DOILIES VINTAGE CHRISTMAS,5209,7131.55,185,156,1.5890810810810811,38.54891891891892,28.156756756756756,3.598615916955018,Very High
22951,60 CAKE CASES DOLLY GIRL DESIGN,7481,3990.2,437,237,0.6748868778280543,9.130892448512585,17.11899313501144,5.46712802768166,Very High
22952,60 CAKE CASES VINTAGE CHRISTMAS,16056,9512.07,619,343,0.7646761453396524,15.366833602584814,25.93861066235864,7.912341407151096,Very High
22953,BIRTHDAY PARTY CORDON BARRIER TAPE,502,647.11,98,61,1.3605050505050504,6.603163265306122,5.122448979591836,1.4071510957324107,Medium
22954,HEN PARTY CORDON BARRIER TAPE,197,241.38,40,20,1.3907500000000002,6.0344999999999995,4.925,0.461361014994233,Medium
22955,36 FOIL STAR CAKE CASES ,1040,2053.35,134,91,2.3133823529411766,15.323507462686566,7.7611940298507465,2.09919261822376,High
22956,36 FOIL HEART CAKE CASES,2050,3983.3900000000003,198,144,2.225273631840796,20.118131313131315,10.353535353535353,3.3217993079584778,Very High
22957,SET 3 PAPER VINTAGE CHICK PAPER EGG,1775,5014.650000000001,214,179,3.115555555555556,23.432943925233648,8.294392523364486,4.129181084198385,Very High
22959,WRAP CHRISTMAS VILLAGE,4901,2014.42,142,133,0.4184507042253521,14.18605633802817,34.514084507042256,3.068050749711649,High
22960,JAM MAKING SET WITH JARS,8695,37082.13,1132,573,5.077669902912621,32.758065371024735,7.681095406360424,13.217993079584774,Very High
22961,JAM MAKING SET PRINTED,16396,25637.78,1162,537,1.9049140893470793,22.063493975903615,14.110154905335628,12.387543252595155,Very High
22962,JAM JAR WITH PINK LID,3896,3288.11,342,180,1.058187134502924,9.6143567251462,11.391812865497077,4.1522491349480966,Very High
22963,JAM JAR WITH GREEN LID,3290,2777.99,307,165,1.0828478964401294,9.048827361563518,10.716612377850163,3.8062283737024223,Very High
22964,3 PIECE SPACEBOY COOKIE CUTTER SET,2624,5472.6900000000005,378,216,2.5305774278215223,14.478015873015874,6.941798941798941,4.982698961937716,Very High
22965,3 TRADITIONAL COOKIE CUTTERS  SET,1371,2910.61,236,171,2.349367088607595,12.333093220338984,5.809322033898305,3.944636678200692,Very High
22966,GINGERBREAD MAN COOKIE CUTTER,7440,9202.15,670,388,1.4521260997067449,13.73455223880597,11.104477611940299,8.95040369088812,Very High
22967,SET 3 SONG BIRD PAPER EGGS ASSORTED,1171,3271.4100000000003,138,122,3.0120289855072464,23.705869565217395,8.485507246376812,2.8143021914648214,Very High
22968,ROSE COTTAGE KEEPSAKE BOX ,794,7851.98,189,118,11.976137566137565,41.54486772486772,4.201058201058201,2.7220299884659744,Very High
22969,HOMEMADE JAM SCENTED CANDLES,12520,18771.149999999998,646,429,1.7925077399380807,29.057507739938078,19.38080495356037,9.896193771626297,Very High
22970,LONDON BUS COFFEE MUG,4334,10140.6,317,180,2.730219435736677,31.989274447949526,13.67192429022082,4.1522491349480966,Very High
22971,QUEENS GUARD COFFEE MUG,2431,5849.29,272,164,2.7821167883211677,21.504742647058823,8.9375,3.7831603229527104,Very High
22972,CHILDREN'S SPACEBOY MUG,1795,3067.64,229,139,1.9869999999999999,13.395807860262009,7.8384279475982535,3.2064590542099194,Very High
22973,CHILDREN'S CIRCUS PARADE MUG,1255,2136.01,144,81,2.033379310344827,14.83340277777778,8.715277777777779,1.8685121107266434,High
22974,CHILDRENS DOLLY GIRL MUG,1598,2729.69,204,126,2.044390243902439,13.380833333333333,7.833333333333333,2.906574394463668,Very High
22975,SPACEBOY CHILDRENS EGG CUP,1204,1624.63,186,110,1.544627659574468,8.734569892473118,6.473118279569892,2.5374855824682814,High
22976,CIRCUS PARADE CHILDRENS EGG CUP ,1066,1389.01,143,77,1.5139583333333333,9.713356643356644,7.454545454545454,1.776239907727797,High
22977,DOLLY GIRL CHILDRENS EGG CUP,950,1252.61,135,98,1.4786029411764705,9.278592592592592,7.037037037037037,2.260668973471742,High
22978,PANTRY ROLLING PIN,2464,9564.98,238,153,4.3442436974789915,40.18899159663865,10.352941176470589,3.5294117647058822,Very High
22979,PANTRY WASHING UP BRUSH,4090,6391.82,381,225,1.8184334203655352,16.776430446194226,10.73490813648294,5.190311418685121,Very High
22980,PANTRY SCRUBBING BRUSH,2363,3910.01,291,198,1.9236734693877549,13.436460481099656,8.120274914089347,4.567474048442906,Very High
22981,PANTRY APPLE CORER,471,704.13,105,58,1.8700925925925926,6.7059999999999995,4.485714285714286,1.3379469434832756,High
22982,PANTRY PASTRY BRUSH,1154,1543.77,212,120,1.6372169811320754,7.281933962264151,5.443396226415095,2.768166089965398,High
22983,CARD BILLBOARD FONT,5290,2256.56,443,223,0.5251015801354402,5.093814898419865,11.941309255079007,5.144175317185698,Very High
22984,CARD GINGHAM ROSE ,2693,1096.09,163,91,0.47944785276073615,6.724478527607362,16.521472392638035,2.09919261822376,High
22985,"WRAP, BILLBOARD FONTS DESIGN",3782,1500.44,99,77,0.4183838383838384,15.155959595959596,38.2020202020202,1.776239907727797,High
22986,GINGHAM ROSE WRAP,4105,1712.1,155,124,0.4196129032258064,11.045806451612902,26.483870967741936,2.8604382929642442,High
22987,WRAP SUMMER ROSE DESIGN,102,42.84,5,4,0.42000000000000004,8.568000000000001,20.4,0.0922722029988466,Low
22988,SOLDIERS EGG CUP ,9073,10858.31,418,197,1.4978199052132701,25.97681818181818,21.705741626794257,4.544405997693195,Very High
22989,SET 2 PANTRY DESIGN TEA TOWELS,2811,8999.27,372,241,3.6862698412698416,24.191586021505376,7.556451612903226,5.559400230680508,Very High
22990,COTTON APRON PANTRY DESIGN,633,2917.43,164,117,5.315301204819277,17.78920731707317,3.8597560975609757,2.698961937716263,Very High
22991,GIRAFFE WOODEN RULER,3887,7604.889999999999,274,185,2.273655913978495,27.75507299270073,14.186131386861314,4.2675893886966545,Very High
22992,REVOLVER WOODEN RULER ,5233,10373.99,348,217,2.2714044943820224,29.81031609195402,15.03735632183908,5.005767012687428,Very High
22993,SET OF 4 PANTRY JELLY MOULDS,12649,16478.48,1073,431,1.497788990825688,15.357390493942217,11.788443616029824,9.942329873125722,Very High
22994,TRAVEL CARD WALLET RETROSPOT,2194,956.94,218,89,0.5283105022831049,4.389633027522936,10.064220183486238,2.053056516724337,High
22995,TRAVEL CARD WALLET SUKI,2381,1058.64,266,90,0.5419402985074626,3.979849624060151,8.951127819548873,2.0761245674740483,High
22996,TRAVEL CARD WALLET VINTAGE TICKET,4801,2094.93,408,155,0.5296385542168675,5.134632352941176,11.767156862745098,3.575547866205306,High
22997,TRAVEL CARD WALLET UNION JACK,2545,1094.93,222,101,0.49327354260089684,4.932117117117118,11.463963963963964,2.3298731257208765,High
22998,TRAVEL CARD WALLET KEEP CALM,12366,5262.82,534,217,0.49730483271375464,9.855468164794006,23.15730337078652,5.005767012687428,Very High
22999,TRAVEL CARD WALLET RETRO PETALS,2894,1252.59,222,108,0.48244444444444445,5.642297297297297,13.036036036036036,2.491349480968858,High
23000,TRAVEL CARD WALLET TRANSPORT,3169,1368.28,278,125,0.5197132616487455,4.921870503597122,11.399280575539569,2.883506343713956,High
23002,TRAVEL CARD WALLET SKULLS,2119,914.37,192,85,0.5232474226804124,4.76234375,11.036458333333334,1.9607843137254901,High
23003,TRAVEL CARD WALLET VINTAGE ROSE ,542,226.2,53,38,0.41888888888888887,4.2679245283018865,10.226415094339623,0.8765859284890426,Medium
23004,TRAVEL CARD WALLET PANTRY,2002,903.16,221,73,0.6030357142857142,4.086696832579185,9.058823529411764,1.6839677047289503,High
23005,TRAVEL CARD WALLET I LOVE LONDON,4733,2126.55,241,105,0.5217213114754098,8.823858921161827,19.639004149377595,2.422145328719723,High
23006,TRAVEL CARD WALLET FLOWER MEADOW,1758,762.75,173,88,0.5191907514450866,4.408959537572255,10.16184971098266,2.029988465974625,High
23007, SPACEBOY BABY GIFT SET,498,7741.749999999999,184,110,15.913423913043477,42.07472826086956,2.7065217391304346,2.5374855824682814,Very High
23008,DOLLY GIRL BABY GIFT SET,433,6719.61,133,99,16.12609022556391,50.52338345864661,3.255639097744361,2.283737024221453,Very High
23009,I LOVE LONDON BABY GIFT SET,263,4082.52,103,48,15.988252427184465,39.63611650485437,2.5533980582524274,1.107266435986159,Very High
23010,CIRCUS PARADE BABY GIFT SET,315,4879.599999999999,111,73,16.296576576576577,43.960360360360355,2.8378378378378377,1.6839677047289503,Very High
23012,GLASS APOTHECARY BOTTLE PERFUME,1071,4197.110000000001,246,151,4.62991935483871,17.061422764227643,4.353658536585366,3.4832756632064585,Very High
23013,GLASS APOTHECARY BOTTLE TONIC,924,3674.1600000000003,223,135,4.672946428571429,16.476053811659195,4.143497757847534,3.1141868512110724,Very High
23014,GLASS APOTHECARY BOTTLE ELIXIR,856,3419.5800000000004,209,122,4.863838862559241,16.361626794258374,4.095693779904306,2.8143021914648214,Very High
23015,CORDIAL GLASS JUG,40,338.38,18,15,8.691052631578946,18.79888888888889,2.2222222222222223,0.34602076124567477,Medium
23016,GLASS TWIST BON BON JAR,74,575.25,24,19,8.714583333333332,23.96875,3.0833333333333335,0.4382929642445213,Medium
23017,APOTHECARY MEASURING JAR,67,826.28,22,20,12.759545454545453,37.558181818181815,3.0454545454545454,0.461361014994233,High
23018,LARGE APOTHECARY MEASURING JAR ,51,612.1600000000001,21,19,12.900476190476192,29.150476190476194,2.4285714285714284,0.4382929642445213,Medium
23019,SMALL APOTHECARY MEASURING JAR ,81,629.05,28,26,8.078571428571427,22.46607142857143,2.892857142857143,0.5997693194925029,Medium
23020,GLASS  SONGBIRD STORAGE JAR,180,2191.84,76,67,12.99592105263158,28.840000000000003,2.3684210526315788,1.5455594002306805,High
23021,GLASS BONNE JAM JAR,120,500.82000000000005,27,24,4.441851851851852,18.54888888888889,4.444444444444445,0.5536332179930795,Medium
23022,SMALL BONNE JAM JAR  T-LIGHT HOLDER,422,808.16,22,19,2.0316666666666667,36.734545454545454,19.181818181818183,0.4382929642445213,High
23023,RIDGED BONNE JAM JAR T-LIGHT HOLDER,274,437.82,25,23,1.7651999999999999,17.5128,10.96,0.530565167243368,Medium
23024,LARGE BONNE JAM JAR  T-LIGHT HOLDER,255,667.8500000000001,11,8,3.0081818181818183,60.713636363636375,23.181818181818183,0.1845444059976932,Medium
23025,DRAWER KNOB VINTAGE GLASS BALL,350,760.8000000000001,54,40,2.269814814814815,14.08888888888889,6.481481481481482,0.922722029988466,High
23026,DRAWER KNOB VINTAGE GLASS STAR,556,1198.96,62,43,2.3271875,19.338064516129034,8.96774193548387,0.991926182237601,High
23027,DRAWER KNOB VINTAGE GLASS HEXAGON,295,627.95,30,26,2.216666666666667,20.93166666666667,9.833333333333334,0.5997693194925029,Medium
23028,DRAWER KNOB CRACKLE GLAZE BLUE,1369,2377.13,137,88,1.9253623188405797,17.35131386861314,9.992700729927007,2.029988465974625,Very High
23029,DRAWER KNOB CRACKLE GLAZE GREEN,1352,2303.92,156,97,1.8366666666666664,14.76871794871795,8.666666666666666,2.23760092272203,Very High
23031,DRAWER KNOB CRACKLE GLAZE PINK,1278,2152.3,155,93,1.827290322580645,13.885806451612904,8.245161290322581,2.1453287197231834,High
23032,DRAWER KNOB CRACKLE GLAZE IVORY,2328,3853.68,199,117,1.7743349753694582,19.365226130653266,11.698492462311558,2.698961937716263,Very High
23033,DRAWER KNOB CERAMIC RED,714,1058.8999999999999,74,42,1.814864864864865,14.309459459459458,9.64864864864865,0.9688581314878892,High
23034,DRAWER KNOB CERAMIC BLACK,979,1448.6699999999998,88,57,1.6273333333333335,16.46215909090909,11.125,1.314878892733564,High
23035,DRAWER KNOB CERAMIC IVORY,2191,3199.99,191,110,1.6449999999999998,16.753874345549736,11.471204188481675,2.5374855824682814,Very High
23036,T-LIGHT HOLDER SILVER PETIT FOUR ,184,232.42000000000002,16,14,1.325625,14.526250000000001,11.5,0.32295271049596314,Medium
23037,CANDLE HOLDER SILVER MADELINE,196,325.16,20,17,1.886,16.258000000000003,9.8,0.39215686274509803,Medium
23038,T-LIGHT HOLDER SILVER SAUCER,44,42.92,8,4,1.3299999999999998,5.365,5.5,0.0922722029988466,Low
23039,T-LIGHT HOLDER SILVER HEART HANDLE,199,399.71,28,22,2.3906896551724137,14.275357142857143,7.107142857142857,0.5074971164936563,Medium
23040,PAPER LANTERN 9 POINT SNOW STAR ,253,1394.03,41,33,6.278372093023257,34.00073170731707,6.170731707317073,0.7612456747404844,High
23041,PAPER LANTERN 9 POINT SNOW STAR,272,1178.48,54,46,4.61,21.823703703703703,5.037037037037037,1.061130334486736,High
23042,PAPER LANTERN 7 POINT SNOW STAR,103,711.51,28,25,7.361428571428571,25.41107142857143,3.6785714285714284,0.5767012687427913,High
23043,PAPER LANTERN 9 POINT HOLLY STAR 40,81,543.51,23,18,7.33,23.63086956521739,3.5217391304347827,0.4152249134948097,Medium
23044,PAPER LANTERN 9 POINT HOLLY STAR S,101,423.29,25,24,4.309230769230769,16.9316,4.04,0.5536332179930795,Medium
23045,PAPER LANTERN 5 POINT STAR MOON 30,118,497.98,25,22,4.4812,19.9192,4.72,0.5074971164936563,Medium
23046,PAPER LANTERN 9 POINT DELUXE STAR,349,2111.4900000000002,36,31,6.809444444444445,58.6525,9.694444444444445,0.7151095732410611,High
23047,PAPER LANTERN 5 POINT SEQUIN STAR,58,333.5,25,25,5.75,13.34,2.32,0.5767012687427913,Medium
23048,SET OF 10 LANTERNS FAIRY LIGHT STAR,577,2368.37,99,81,4.6737254901960785,23.922929292929293,5.828282828282828,1.8685121107266434,Very High
23049,RECYCLED ACAPULCO MAT RED,456,3896.84,186,103,8.921505376344086,20.950752688172045,2.4516129032258065,2.3760092272203,Very High
23050,RECYCLED ACAPULCO MAT GREEN,497,4286.55,205,116,9.223268292682926,20.91,2.424390243902439,2.675893886966551,Very High
23051,RECYCLED ACAPULCO MAT BLUE,365,3223.49,162,95,9.636790123456791,19.898086419753085,2.253086419753086,2.1914648212226067,Very High
23052,RECYCLED ACAPULCO MAT TURQUOISE,654,5949.34,278,147,9.784460431654676,21.400503597122302,2.352517985611511,3.3910034602076125,Very High
23053,RECYCLED ACAPULCO MAT PINK,364,3254.32,164,105,9.819390243902438,19.84341463414634,2.2195121951219514,2.422145328719723,Very High
23054,RECYCLED ACAPULCO MAT LAVENDER,295,2604.93,130,81,9.533076923076923,20.037923076923075,2.269230769230769,1.8685121107266434,Very High
23055,IVORY CHANDELIER T-LIGHT HOLDER,657,1395.18,38,33,5.62125,36.71526315789474,17.289473684210527,0.7612456747404844,High
23056,FLOWERS CHANDELIER T-LIGHT HOLDER,963,2898.12,39,33,6.1842500000000005,74.31076923076922,24.692307692307693,0.7612456747404844,Very High
23057,GEMSTONE CHANDELIER T-LIGHT HOLDER,773,1768.67,45,38,4.781555555555556,39.30377777777778,17.177777777777777,0.8765859284890426,High
23058,CHRISTMAS HANGING SNOWFLAKE,490,430.86,48,39,1.2252083333333335,8.97625,10.208333333333334,0.8996539792387545,Medium
23060,HEART BEADED TRELLIS DECORATION,249,528.1700000000001,42,34,2.2197727272727272,12.575476190476191,5.928571428571429,0.7843137254901961,Medium
23061,VINTAGE EMBOSSED HEART,1015,1332.68,117,76,1.5377777777777777,11.39042735042735,8.675213675213675,1.7531718569780852,High
23064,CINDERELLA CHANDELIER ,221,3717.56,23,20,45.48739130434783,161.63304347826087,9.608695652173912,0.461361014994233,Very High
23065,LARGE DECO JEWELLERY STAND,273,3427.44,99,81,12.976161616161617,34.620606060606065,2.757575757575758,1.8685121107266434,Very High
23066,SMALL DECO JEWELLERY STAND,259,2137.81,85,69,8.921294117647058,25.15070588235294,3.0470588235294116,1.591695501730104,High
23067,HANGING ENGRAVED METAL HEART,294,1236.66,78,63,4.351951219512196,15.854615384615386,3.769230769230769,1.453287197231834,High
23068,ALUMINIUM STAMPED HEART,809,1966.93,136,106,2.5855072463768116,14.462720588235294,5.948529411764706,2.445213379469435,High
23069,EDWARDIAN PHOTO FRAME,88,556.21,32,27,6.4440625,17.3815625,2.75,0.6228373702422145,Medium
23070,EDWARDIAN HEART PHOTO FRAME,160,709.5400000000001,44,29,5.090909090909091,16.125909090909094,3.6363636363636362,0.6689734717416378,High
23071,MARIE ANTOIENETT TRINKET BOX GOLD,315,1205.1,19,16,10.5325,63.426315789473676,16.57894736842105,0.3690888119953864,High
23072,MARIE ANTOINETTE TRINKET BOX SILVER,334,1273.76,30,21,13.725333333333333,42.458666666666666,11.133333333333333,0.4844290657439446,High
23073,GEORGIAN TRINKET BOX,143,1706.5,61,49,12.411475409836067,27.975409836065573,2.3442622950819674,1.130334486735871,High
23074,EMBOSSED HEART TRINKET BOX,246,547.27,48,32,2.623125,11.401458333333332,5.125,0.7381776239907728,Medium
23075,DOUBLE CERAMIC PARLOUR HOOK,472,1960.3,80,61,4.248500000000001,24.50375,5.9,1.4071510957324107,High
23076,ICE CREAM SUNDAE LIP GLOSS,8076,9935.76,277,202,1.35028880866426,35.869169675090255,29.15523465703971,4.659746251441753,Very High
23077,DOUGHNUT LIP GLOSS ,10395,13695.77,344,217,1.345436046511628,39.81328488372093,30.218023255813954,5.005767012687428,Very High
23078,ICE CREAM PEN LIP GLOSS ,6831,8553.34,257,159,1.4267315175097277,33.28147859922179,26.579766536964982,3.667820069204152,Very High
23079,TOADSTOOL BEDSIDE LIGHT ,251,2225.45,106,83,8.936915887850466,20.994811320754714,2.3679245283018866,1.914648212226067,Very High
23080,RED METAL BOX TOP SECRET,1074,9117.62,257,148,9.339272030651342,35.477120622568094,4.178988326848249,3.4140715109573243,Very High
23081,GREEN METAL BOX ARMY SUPPLIES,483,4038.25,139,80,9.407194244604316,29.052158273381295,3.4748201438848922,1.845444059976932,Very High
23082,SET 6 PAPER TABLE LANTERN HEARTS ,2328,8558.76,297,205,4.093564356435643,28.81737373737374,7.838383838383838,4.728950403690888,Very High
23083,SET 6 PAPER TABLE LANTERN STARS ,1932,7250.900000000001,246,161,4.236586345381526,29.47520325203252,7.853658536585366,3.7139561707035758,Very High
23084,RABBIT NIGHT LIGHT,30739,66870.03,994,450,2.386401179941003,67.27367203219316,30.924547283702214,10.380622837370241,Very High
23085,ANTIQUE SILVER BAUBLE LAMP  ,376,3583.23,78,64,10.834999999999999,45.93884615384616,4.82051282051282,1.4763552479815456,Very High
23086,ZINC  STAR T-LIGHT HOLDER ,1225,1451.43,47,31,1.5197872340425533,30.88148936170213,26.06382978723404,0.7151095732410611,High
23087,ZINC  HEART T-LIGHT HOLDER,868,1090.66,69,43,1.5915942028985506,15.806666666666668,12.579710144927537,0.991926182237601,High
23088,ZINC HEART FLOWER T-LIGHT HOLDER,795,1033.28,79,52,1.627594936708861,13.079493670886075,10.063291139240507,1.1995386389850058,High
23089,GLASS BON BON JAR,2354,4215.78,225,101,2.380175438596491,18.7368,10.462222222222222,2.3298731257208765,Very High
23090,VINTAGE GLASS T-LIGHT HOLDER,2237,1870.0300000000002,149,96,0.9790131578947369,12.55053691275168,15.013422818791947,2.214532871972318,High
23091,ZINC HERB GARDEN CONTAINER,580,3656.32,209,160,6.728142857142857,17.494354066985647,2.77511961722488,3.690888119953864,Very High
23092,LARGE ANTIQUE WHITE PHOTO FRAME,523,3757.78,135,96,8.100962962962964,27.83540740740741,3.8740740740740742,2.214532871972318,Very High
23093,SMALL PARISIENNE HEART PHOTO FRAME ,939,2239.2400000000002,142,105,2.7882394366197185,15.769295774647889,6.612676056338028,2.422145328719723,Very High
23094,LE GRAND TRAY CHIC SET,152,1924.92,79,65,12.815443037974683,24.36607594936709,1.9240506329113924,1.4994232987312572,High
23096,PETIT TRAY CHIC,1033,1736.69,146,89,2.027808219178082,11.89513698630137,7.075342465753424,2.053056516724337,High
23099,FRENCH CARRIAGE LANTERN,137,925.35,58,46,7.039152542372881,15.954310344827586,2.3620689655172415,1.061130334486736,High
23100,SILVER BELLS TABLE DECORATION,2166,2739.38,257,180,1.426235741444867,10.659066147859923,8.428015564202335,4.1522491349480966,Very High
23101,SILVER STARS TABLE DECORATION,2031,1739.63,213,175,0.9744859813084111,8.167276995305166,9.535211267605634,4.036908881199539,High
23102,SILVER HEARTS TABLE DECORATION,1274,1075.03,157,128,0.970754716981132,6.8473248407643315,8.114649681528663,2.952710495963091,High
23103,BELL HEART DECORATION,4072,6846.16,365,231,1.8441489361702128,18.756602739726027,11.156164383561643,5.328719723183391,Very High
23104,IVORY PANTRY HANGING LAMP ,118,1405.42,46,38,12.859130434782609,30.552608695652175,2.5652173913043477,0.8765859284890426,High
23106,ZINC HEARTS PLANT POT HOLDER,291,815.59,53,49,2.9428301886792454,15.388490566037737,5.490566037735849,1.130334486735871,High
23107,WHITE WIRE PLANT POT HOLDER,359,1009.51,73,60,3.2009589041095894,13.828904109589041,4.917808219178082,1.384083044982699,High
23108,SET OF 10 LED DOLLY LIGHTS,2219,13290.52,372,271,6.469919571045577,35.72720430107527,5.96505376344086,6.251441753171857,Very High
23109,LED TEA LIGHTS,2386,6835.0199999999995,268,178,3.264963235294118,25.50380597014925,8.902985074626866,4.106113033448674,Very High
23110,PARISIENNE KEY CABINET ,700,4147.18,255,157,6.66234375,16.263450980392157,2.7450980392156863,3.621683967704729,Very High
23111,PARISIENNE SEWING BOX,312,3839.2400000000002,138,80,13.468920863309354,27.82057971014493,2.260869565217391,1.845444059976932,Very High
23112,PARISIENNE CURIO CABINET,546,4507.08,241,134,9.16721991701245,18.701576763485477,2.2655601659751037,3.091118800461361,Very High
23113,PANTRY CHOPPING BOARD,1154,5868.5,57,39,6.361754385964912,102.95614035087719,20.24561403508772,0.8996539792387545,Very High
23114,VINTAGE LEAF CHOPPING BOARD  ,149,737.95,45,40,5.451333333333333,16.39888888888889,3.311111111111111,0.922722029988466,High
23115,RED APPLES CHOPPING BOARD   ,152,770.32,45,38,5.8406666666666665,17.118222222222222,3.3777777777777778,0.8765859284890426,High
23116,VEGETABLE GARDEN CHOPPING BOARD,76,382.44,22,17,6.240909090909091,17.383636363636363,3.4545454545454546,0.39215686274509803,Medium
23117,POPPY FIELDS CHOPPING BOARD,93,501.23,45,39,5.598888888888888,11.138444444444445,2.066666666666667,0.8996539792387545,Medium
23118,PARISIENNE JEWELLERY DRAWER ,813,6102.18,258,154,8.39046511627907,23.65186046511628,3.1511627906976742,3.552479815455594,Very High
23119,PACK OF 6 LARGE FRUIT STRAWS ,2282,1401.7,151,97,0.7791390728476821,9.282781456953643,15.112582781456954,2.23760092272203,High
23120,PACK OF 6 SMALL FRUIT STRAWS,1685,682.39,100,69,0.46819047619047616,6.8239,16.85,1.591695501730104,High
23121,PACK OF 6 COCKTAIL PARASOL STRAWS,2501,1000.44,111,81,0.5528448275862069,9.012972972972973,22.53153153153153,1.8685121107266434,High
23122,PARTY CHARMS 50 PIECES,2251,1726.09,133,89,1.0386029411764706,12.978120300751879,16.924812030075188,2.053056516724337,High
23123,COCKTAIL SWORDS 50 PIECES,935,759.57,95,64,1.014421052631579,7.995473684210527,9.842105263157896,1.4763552479815456,High
23124,18PC WOODEN CUTLERY SET DISPOSABLE,567,751.38,43,23,1.751627906976744,17.473953488372093,13.186046511627907,0.530565167243368,High
23125,6PC WOOD PLATE SET DISPOSABLE,459,574.88,38,15,1.9131578947368422,15.128421052631579,12.078947368421053,0.34602076124567477,Medium
23126,DOLLCRAFT GIRL AMELIE KIT,1109,5532.04,291,198,5.375153583617748,19.01044673539519,3.810996563573883,4.567474048442906,Very High
23127,DOLLCRAFT GIRL NICOLE,736,3759.0,194,146,5.259591836734694,19.376288659793815,3.7938144329896906,3.3679354094579006,Very High
23128,FELTCRAFT BOY JEAN-PAUL KIT,448,2258.66,139,112,5.266906474820144,16.24935251798561,3.223021582733813,2.583621683967705,Very High
23129,HEART SHAPED HOLLY WREATH,950,3999.5,172,138,4.576279069767442,23.252906976744185,5.523255813953488,3.183391003460208,Very High
23130,MISTLETOE HEART WREATH GREEN,962,3988.98,184,139,4.519456521739131,21.679239130434784,5.228260869565218,3.2064590542099194,Very High
23131,MISTLETOE HEART WREATH CREAM,942,3835.98,115,91,4.2041379310344835,33.35634782608696,8.191304347826087,2.09919261822376,Very High
23132,SMALL IVORY HEART WALL ORGANISER,1020,5138.6,152,115,6.2221710526315785,33.80657894736842,6.7105263157894735,2.6528258362168398,Very High
23133,LARGE IVORY HEART WALL ORGANISER,782,5525.4,155,94,9.162451612903226,35.64774193548387,5.04516129032258,2.1683967704728953,Very High
23134,LARGE ZINC HEART WALL ORGANISER,1065,6431.110000000001,38,29,7.9068421052631574,169.2397368421053,28.026315789473685,0.6689734717416378,Very High
23135,SMALL ZINC HEART WALL ORGANISER,1541,5416.18,45,31,5.675777777777777,120.35955555555556,34.24444444444445,0.7151095732410611,Very High
23136,IVORY WIRE SWEETHEART LETTER TRAY,135,511.89,49,39,4.034081632653061,10.44673469387755,2.7551020408163267,0.8996539792387545,Medium
23137,ZINC WIRE SWEETHEART LETTER TRAY,83,275.62,23,18,3.9765217391304346,11.983478260869566,3.608695652173913,0.4152249134948097,Medium
23138,SINGLE WIRE HOOK IVORY HEART,879,1231.51,82,60,1.5985714285714285,15.01841463414634,10.71951219512195,1.384083044982699,High
23139,SINGLE WIRE HOOK PINK HEART,414,528.6999999999999,27,20,1.6128571428571428,19.58148148148148,15.333333333333334,0.461361014994233,Medium
23140,TRIPLE WIRE HOOK IVORY HEART,182,766.1,52,29,4.535769230769231,14.732692307692307,3.5,0.6689734717416378,High
23141,TRIPLE WIRE HOOK PINK HEART,79,272.91,25,18,4.2404,10.916400000000001,3.16,0.4152249134948097,Medium
23142,IVORY WIRE KITCHEN ORGANISER,121,1220.8200000000002,40,34,11.11675,30.520500000000006,3.025,0.7843137254901961,High
23143,ZINC WIRE KITCHEN ORGANISER,30,239.97,16,12,9.929375,14.998125,1.875,0.27681660899653976,Medium
23144,ZINC T-LIGHT HOLDER STARS SMALL,5089,4197.83,274,180,0.9436727272727272,15.320547445255475,18.572992700729927,4.1522491349480966,Very High
23145,ZINC T-LIGHT HOLDER STAR LARGE,2084,1979.48,169,128,1.0791764705882354,11.712899408284024,12.331360946745562,2.952710495963091,High
23146,TRIPLE HOOK ANTIQUE IVORY ROSE,798,2645.2599999999998,227,151,3.5144155844155844,11.653127753303965,3.515418502202643,3.4832756632064585,Very High
23147,SINGLE ANTIQUE ROSE HOOK IVORY,1868,2752.2,261,170,1.5256226415094338,10.544827586206896,7.157088122605364,3.9215686274509802,Very High
23148,MINIATURE ANTIQUE ROSE HOOK IVORY,2139,1816.3100000000002,247,143,0.9133858267716536,7.3534817813765185,8.65991902834008,3.298731257208766,High
23149,ANTIQUE IVORY WIRE BOWL SMALL,99,251.45,21,17,2.7252380952380952,11.973809523809523,4.714285714285714,0.39215686274509803,Medium
23150,IVORY SWEETHEART SOAP DISH,148,390.75,49,33,2.9436734693877553,7.974489795918367,3.020408163265306,0.7612456747404844,Medium
23151,ZINC SWEETHEART SOAP DISH,61,114.33000000000001,21,18,2.2395238095238095,5.444285714285715,2.9047619047619047,0.4152249134948097,Low
23152,IVORY SWEETHEART WIRE LETTER RACK ,554,2080.65,159,108,3.9519374999999997,13.085849056603774,3.4842767295597485,2.491349480968858,High
23153,ZINC SWEETHEART WIRE LETTER RACK,263,1020.69,90,67,4.236666666666666,11.341000000000001,2.922222222222222,1.5455594002306805,High
23154,SET OF 4 JAM JAR MAGNETS,2701,5842.88,235,141,2.2075000000000005,24.86331914893617,11.493617021276595,3.2525951557093427,Very High
23155,KNICKERBOCKERGLORY MAGNET ASSORTED ,2221,1904.7700000000002,135,84,1.472074074074074,14.109407407407408,16.451851851851853,1.9377162629757785,High
23156,SET OF 5 MINI GROCERY MAGNETS,1665,3423.29,205,117,2.261497584541063,16.698975609756097,8.121951219512194,2.698961937716263,Very High
23157,SET OF 6 NATIVITY MAGNETS ,2557,5143.06,163,111,2.361597633136095,31.552515337423316,15.687116564417177,2.5605536332179932,Very High
23158,SET OF 5 LUCKY CAT MAGNETS ,2633,5513.83,255,96,2.674823529411765,21.62286274509804,10.325490196078432,2.214532871972318,Very High
23159,SET OF 5 PANCAKE DAY MAGNETS,2293,4713.52,223,121,2.3199107142857143,21.136860986547088,10.282511210762332,2.7912341407151096,Very High
23160,REGENCY TEA SPOON,1450,1794.48,76,50,1.4881578947368421,23.61157894736842,19.07894736842105,1.1534025374855825,High
23161,REGENCY CAKE FORK,1715,2145.3,98,58,1.593061224489796,21.890816326530615,17.5,1.3379469434832756,High
23162,REGENCY TEA STRAINER,1412,5143.6900000000005,176,96,4.422272727272728,29.225511363636368,8.022727272727273,2.214532871972318,Very High
23163,REGENCY SUGAR TONGS,1832,4515.22,209,95,3.329234449760766,21.60392344497608,8.76555023923445,2.1914648212226067,Very High
23164,REGENCY CAKE SLICE,578,2718.65,92,70,5.579673913043479,29.55054347826087,6.282608695652174,1.6147635524798154,Very High
23165,LARGE CERAMIC TOP STORAGE JAR,3114,5141.0599999999995,280,167,1.9777738515901062,18.36092857142857,11.121428571428572,3.8523644752018456,Very High
23166,MEDIUM CERAMIC TOP STORAGE JAR,78033,81700.92000000001,247,138,1.46848,330.7729554655871,315.9230769230769,3.183391003460208,Very High
23167,SMALL CERAMIC TOP STORAGE JAR ,5847,4476.01,231,129,1.0025210084033613,19.37666666666667,25.31168831168831,2.975778546712803,Very High
23168,CLASSIC SUGAR DISPENSER,3291,4558.67,337,140,1.777485380116959,13.527210682492582,9.765578635014837,3.229527104959631,Very High
23169,CLASSIC GLASS SWEET JAR,1556,6662.84,314,203,4.724095238095239,21.21923566878981,4.955414012738854,4.682814302191464,Very High
23170,REGENCY TEA PLATE ROSES ,6857,11097.25,445,224,2.075707865168539,24.937640449438202,15.408988764044944,5.16724336793541,Very High
23171,REGENCY TEA PLATE GREEN ,6247,10051.99,381,195,2.128433420365535,26.383175853018372,16.396325459317584,4.498269896193772,Very High
23172,REGENCY TEA PLATE PINK,3861,6344.41,305,160,2.06783606557377,20.801344262295082,12.659016393442624,3.690888119953864,Very High
23173,REGENCY TEAPOT ROSES ,2766,24879.13,416,248,11.119714964370546,59.80560096153847,6.649038461538462,5.7208765859284885,Very High
23174,REGENCY SUGAR BOWL GREEN,3055,12342.43,322,190,4.795123456790124,38.33052795031056,9.487577639751553,4.382929642445213,Very High
23175,REGENCY MILK JUG PINK ,3160,9587.15,329,206,3.8787915407854987,29.140273556231,9.604863221884498,4.7520184544406,Very High
23176,ABC TREASURE BOOK BOX ,2165,4693.08,226,159,2.663215859030837,20.7658407079646,9.579646017699115,3.667820069204152,Very High
23177,TREASURE ISLAND BOOK BOX,2532,5521.29,267,174,2.702074074074074,20.678988764044945,9.48314606741573,4.013840830449826,Very High
23178,JAM CLOCK MAGNET,327,936.89,68,50,3.360294117647059,13.777794117647058,4.8088235294117645,1.1534025374855825,High
23179,CLOCK MAGNET MUM'S KITCHEN,324,930.48,53,36,3.5243396226415094,17.55622641509434,6.113207547169812,0.8304498269896194,High
23180,MUM'S KITCHEN CLOCK,122,621.09,49,29,5.939387755102041,12.67530612244898,2.489795918367347,0.6689734717416378,Medium
23181,BULL DOG BOTTLE TOP WALL CLOCK,201,1733.57,82,60,9.421463414634145,21.14109756097561,2.451219512195122,1.384083044982699,High
23182,TOILET SIGN OCCUPIED OR VACANT,3741,3688.21,433,140,1.5304347826086955,8.517806004618938,8.639722863741339,3.229527104959631,Very High
23183,MOTHER'S KITCHEN SPOON REST ,226,967.17,84,45,4.879411764705883,11.51392857142857,2.6904761904761907,1.0380622837370241,High
23184,BULL DOG BOTTLE OPENER,874,4764.5,264,129,6.4533082706766915,18.047348484848484,3.3106060606060606,2.975778546712803,Very High
23185,FRENCH STYLE STORAGE JAR JAM,317,114.85,30,27,0.3516129032258064,3.828333333333333,10.566666666666666,0.6228373702422145,Low
23186,FRENCH STYLE STORAGE JAR CAFE ,1982,819.4599999999999,70,57,0.3409859154929577,11.706571428571428,28.314285714285713,1.314878892733564,High
23187,FRENCH STYLE STORAGE JAR BONBONS,2338,695.06,74,66,0.3154666666666667,9.392702702702701,31.594594594594593,1.5224913494809689,High
23188,VINTAGE  2 METER FOLDING RULER,3471,6447.7699999999995,333,207,1.934985163204748,19.362672672672673,10.423423423423424,4.775086505190312,Very High
23189,SET OF 12 FORK CANDLES,1249,3507.5099999999998,141,89,3.3956338028169015,24.87595744680851,8.858156028368795,2.053056516724337,Very High
23190,BUNDLE OF 3 SCHOOL EXERCISE BOOKS  ,1702,2761.9,202,145,1.7966009852216749,13.672772277227724,8.425742574257425,3.3448673587081887,Very High
23191,BUNDLE OF 3 RETRO NOTE BOOKS,2201,3628.89,281,182,1.8722996515679444,12.914199288256228,7.832740213523132,4.19838523644752,Very High
23192,BUNDLE OF 3 ALPHABET EXERCISE BOOKS,3516,6114.24,345,224,1.7743304843304841,17.722434782608694,10.191304347826087,5.16724336793541,Very High
23193,BUFFALO BILL TREASURE BOOK BOX,1922,4079.28,175,109,2.730571428571429,23.31017142857143,10.982857142857142,2.51441753171857,Very High
23194,GYMKHANNA TREASURE BOOK BOX,1835,4077.37,214,142,2.71331797235023,19.053130841121494,8.574766355140186,3.275663206459054,Very High
23196,RETRO LEAVES MAGNETIC NOTEPAD,1872,2842.24,298,170,1.7964473684210527,9.53771812080537,6.281879194630872,3.9215686274509802,Very High
23197,SKETCHBOOK MAGNETIC SHOPPING LIST,1478,2303.5,249,116,1.95224,9.251004016064257,5.93574297188755,2.675893886966551,Very High
23198,PANTRY MAGNETIC  SHOPPING LIST,3342,5062.599999999999,475,259,1.7995876288659793,10.658105263157893,7.03578947368421,5.974625144175317,Very High
23199,JUMBO BAG APPLES,14908,30450.690000000002,978,344,2.5699290060851925,31.13567484662577,15.243353783231084,7.935409457900808,Very High
23200,JUMBO BAG PEARS,7067,14188.960000000001,595,262,2.4302508361204014,23.846991596638656,11.877310924369748,6.043829296424452,Very High
23201,JUMBO BAG ALPHABET,13366,27850.83,906,396,2.3900109769484086,30.74043046357616,14.752759381898455,9.134948096885813,Very High
23202,JUMBO BAG VINTAGE LEAF,10941,21810.43,879,377,2.2962302483069976,24.81277588168373,12.447098976109215,8.696655132641292,Very High
23203,JUMBO BAG DOILEY PATTERNS,20485,42030.340000000004,1231,505,2.275764895330113,34.14324939073924,16.640942323314377,11.649365628604382,Very High
23204,CHARLOTTE BAG APPLES DESIGN,7976,7741.94,583,199,1.1219453924914675,13.279485420240137,13.680960548885077,4.590542099192618,Very High
23205,CHARLOTTE BAG VINTAGE ALPHABET ,5857,5726.38,467,201,1.1491063829787236,12.262055674518201,12.541755888650963,4.6366782006920415,Very High
23206,LUNCH BAG APPLE DESIGN,12147,20852.58,1036,401,2.0589553656220323,20.127972972972973,11.724903474903474,9.25028835063437,Very High
23207,LUNCH BAG ALPHABET DESIGN,7830,13325.55,740,377,1.9909656084656082,18.0075,10.58108108108108,8.696655132641292,Very High
23208,LUNCH BAG VINTAGE LEAF DESIGN,6308,10441.91,668,305,1.9362038404726736,15.631601796407185,9.44311377245509,7.035755478662054,Very High
23209,LUNCH BAG DOILEY PATTERN ,13170,21418.82,1098,469,1.8247576301615798,19.507122040072858,11.994535519125684,10.818915801614763,Very High
23210,WHITE ROCKING HORSE HAND PAINTED,2849,3551.53,192,115,1.4668316831683168,18.497552083333336,14.838541666666666,2.6528258362168398,Very High
23211,RED ROCKING HORSE HAND PAINTED,2329,2930.57,160,82,1.5651851851851852,18.3160625,14.55625,1.8915801614763552,Very High
23212,HEART WREATH DECORATION WITH BELL,2296,2860.89,186,104,1.4950261780104712,15.381129032258064,12.344086021505376,2.3990772779700116,Very High
23213,STAR WREATH DECORATION WITH BELL,1682,2138.42,152,95,1.4865806451612902,14.068552631578948,11.06578947368421,2.1914648212226067,High
23214,JINGLE BELL HEART ANTIQUE GOLD,789,1695.04,103,79,2.3925961538461538,16.456699029126213,7.660194174757281,1.8223760092272203,High
23215,JINGLE BELL HEART ANTIQUE SILVER,3564,7038.400000000001,210,162,2.2615962441314554,33.51619047619048,16.97142857142857,3.7370242214532867,Very High
23216,LAUREL HEART ANTIQUE GOLD,525,630.73,44,32,1.446888888888889,14.334772727272728,11.931818181818182,0.7381776239907728,Medium
23217,LAUREL HEART ANTIQUE SILVER,1309,1613.82,97,64,1.5415151515151517,16.637319587628866,13.494845360824742,1.4763552479815456,High
23218,LAUREL STAR ANTIQUE GOLD,379,483.03,40,27,1.57225,12.07575,9.475,0.6228373702422145,Medium
23219,LAUREL STAR ANTIQUE SILVER ,430,568.6,61,41,1.52765625,9.321311475409836,7.049180327868853,0.9457900807381776,Medium
23220,REINDEER HEART DECORATION GOLD,993,869.1500000000001,103,55,1.0827884615384615,8.438349514563107,9.640776699029127,1.2687427912341407,High
23221,REINDEER HEART DECORATION SILVER,1536,1363.04,145,85,1.0762416107382549,9.400275862068966,10.593103448275862,1.9607843137254901,High
23222,CHRISTMAS TREE HANGING GOLD,799,718.53,75,49,1.0467532467532468,9.5804,10.653333333333334,1.130334486735871,High
23223,CHRISTMAS TREE HANGING SILVER ,801,750.19,88,51,1.089438202247191,8.524886363636364,9.102272727272727,1.1764705882352942,High
23224,CHERUB HEART DECORATION GOLD,738,649.02,71,44,1.0394366197183098,9.14112676056338,10.394366197183098,1.0149942329873125,Medium
23225,CHERUB HEART DECORATION SILVER ,1355,1176.17,88,46,1.0939772727272727,13.365568181818183,15.397727272727273,1.061130334486736,High
23226,FILIGREE HEART DAISY WHITE,1247,1596.67,98,56,1.5736363636363635,16.292551020408165,12.724489795918368,1.2918108419838525,High
23227,FILIGREE HEART BUTTERFLY WHITE ,1642,2070.06,117,61,1.5737606837606837,17.69282051282051,14.034188034188034,1.4071510957324107,High
23228,FILIGREE HEART BIRD WHITE ,1492,1960.0,125,58,1.7907142857142857,15.68,11.936,1.3379469434832756,High
23229,VINTAGE DONKEY TAIL GAME ,1869,6739.71,256,186,4.2430078125,26.3269921875,7.30078125,4.290657439446367,Very High
23230,WRAP ALPHABET DESIGN,7976,3217.92,235,178,0.41736170212765955,13.693276595744681,33.94042553191489,4.106113033448674,Very High
23231,WRAP DOILEY DESIGN,7277,3008.34,260,190,0.41907692307692307,11.570538461538462,27.98846153846154,4.382929642445213,Very High
23232,WRAP VINTAGE PETALS  DESIGN,8526,3436.92,238,188,0.417489539748954,14.440840336134453,35.8235294117647,4.3367935409457905,Very High
23233,WRAP POPPIES  DESIGN,5175,2105.5,158,130,0.41861635220125787,13.325949367088608,32.75316455696203,2.9988465974625145,High
23234,BISCUIT TIN VINTAGE CHRISTMAS,1722,5079.78,277,201,3.3792086330935254,18.3385559566787,6.216606498194946,4.6366782006920415,Very High
23235,STORAGE TIN VINTAGE LEAF,736,1950.66,105,88,2.9825714285714287,18.577714285714286,7.0095238095238095,2.029988465974625,High
23236,DOILEY STORAGE TIN,2493,7059.97,327,203,3.2796969696969698,21.590122324159022,7.623853211009174,4.682814302191464,Very High
23237,SET OF 4 KNICK KNACK TINS LEAVES ,1053,4274.39,177,131,4.251129943502825,24.14909604519774,5.9491525423728815,3.021914648212226,Very High
23238,SET OF 4 KNICK KNACK TINS LONDON ,1849,7771.61,274,150,4.752158273381295,28.3635401459854,6.748175182481752,3.4602076124567476,Very High
23239,SET OF 4 KNICK KNACK TINS POPPIES,842,3353.84,178,125,4.393646408839779,18.84179775280899,4.730337078651686,2.883506343713956,Very High
23240,SET OF 4 KNICK KNACK TINS DOILEY ,4177,17000.17,536,323,4.445494505494506,31.71673507462686,7.792910447761194,7.450980392156863,Very High
23241,TREASURE TIN GYMKHANA DESIGN,2165,4669.55,363,183,2.4851092896174864,12.863774104683197,5.964187327823692,4.221453287197232,Very High
23242,TREASURE TIN BUFFALO BILL ,1470,3024.63,214,132,2.2825345622119815,14.133785046728972,6.869158878504673,3.0449826989619377,Very High
23243,SET OF TEA COFFEE SUGAR TINS PANTRY,4800,23489.42,470,275,5.866072186836518,49.977489361702126,10.212765957446809,6.343713956170703,Very High
23244,ROUND STORAGE TIN VINTAGE LEAF,936,1733.9799999999998,112,87,2.089642857142857,15.481964285714284,8.357142857142858,2.006920415224913,High
23245,SET OF 3 REGENCY CAKE TINS,6345,31118.550000000003,873,472,5.883424657534246,35.64553264604811,7.268041237113402,10.888119953863898,Very High
23247,BISCUIT TIN 50'S CHRISTMAS,2194,6681.25,309,231,3.2880906148867313,21.622168284789645,7.100323624595469,5.328719723183391,Very High
23249,VINTAGE RED ENAMEL TRIM PLATE,842,1426.1000000000001,81,57,1.8880246913580248,17.606172839506176,10.395061728395062,1.314878892733564,High
23250,VINTAGE RED TRIM ENAMEL BOWL ,1179,1531.03,110,64,1.4680909090909091,13.918454545454546,10.718181818181819,1.4763552479815456,High
23251,VINTAGE RED ENAMEL TRIM MUG ,1712,2105.75,120,80,1.4126666666666667,17.547916666666666,14.266666666666667,1.845444059976932,High
23252,VINTAGE RED ENAMEL TRIM JUG ,603,2261.61,138,104,4.0390579710144925,16.388478260869565,4.369565217391305,2.3990772779700116,Very High
23253,16 PIECE CUTLERY SET PANTRY DESIGN,258,3848.86,70,44,17.148857142857143,54.983714285714285,3.6857142857142855,1.0149942329873125,Very High
23254,CHILDRENS CUTLERY DOLLY GIRL ,1703,6903.110000000001,299,204,4.267142857142858,23.08732441471572,5.695652173913044,4.705882352941177,Very High
23255,CHILDRENS CUTLERY CIRCUS PARADE,1014,4097.22,158,116,4.346962025316456,25.931772151898734,6.417721518987341,2.675893886966551,Very High
23256,CHILDRENS CUTLERY SPACEBOY ,2113,8667.07,368,232,4.463064516129032,23.551820652173912,5.741847826086956,5.351787773933102,Very High
23263,SET OF 3 WOODEN HEART DECORATIONS,3863,5147.19,445,269,1.4479957805907173,11.566719101123594,8.680898876404495,6.205305651672434,Very High
23264,SET OF 3 WOODEN SLEIGH DECORATIONS,1963,2690.81,299,177,1.496592356687898,8.999364548494983,6.565217391304348,4.083044982698962,Very High
23265,SET OF 3 WOODEN TREE DECORATIONS,1769,2404.79,293,180,1.4839016393442621,8.207474402730375,6.037542662116041,4.1522491349480966,Very High
23266,SET OF 3 WOODEN STOCKING DECORATION,2053,2743.82,319,201,1.454005934718101,8.601316614420064,6.435736677115988,4.6366782006920415,Very High
23267,SET OF 4 SANTA PLACE SETTINGS,1202,1531.95,108,79,1.4116216216216215,14.184722222222222,11.12962962962963,1.8223760092272203,High
23268,SET OF 2 CERAMIC CHRISTMAS REINDEER,1447,2018.1399999999999,89,68,1.6910112359550562,22.67573033707865,16.258426966292134,1.5686274509803921,High
23269,SET OF 2 CERAMIC CHRISTMAS TREES,779,1152.98,94,63,1.7109473684210526,12.265744680851064,8.287234042553191,1.453287197231834,High
23270,SET OF 2 CERAMIC PAINTED HEARTS ,1174,1646.32,125,96,1.501171875,13.17056,9.392,2.214532871972318,High
23271,CHRISTMAS TABLE CANDLE SILVER SPIKE,1731,1496.8899999999999,104,69,1.0537735849056602,14.393173076923075,16.64423076923077,1.591695501730104,High
23272,TREE T-LIGHT HOLDER WILLIE WINKIE,364,562.22,44,34,1.916818181818182,12.777727272727274,8.272727272727273,0.7843137254901961,Medium
23273,HEART T-LIGHT HOLDER WILLIE WINKIE,969,1649.05,112,88,1.8786725663716815,14.723660714285714,8.651785714285714,2.029988465974625,High
23274,STAR T-LIGHT HOLDER WILLIE WINKIE,1180,2005.0,119,85,2.0156666666666667,16.84873949579832,9.915966386554622,1.9607843137254901,High
23275,SET OF 3 HANGING OWLS OLLIE BEAK,3720,4521.72,325,171,1.4738323353293412,13.912984615384616,11.446153846153846,3.944636678200692,Very High
23280,FOLDING BUTTERFLY MIRROR HOT PINK ,2023,1614.16,157,87,1.0603164556962026,10.28127388535032,12.885350318471337,2.006920415224913,High
23281,FOLDING BUTTERFLY MIRROR RED  ,1280,1000.82,101,56,0.9803846153846153,9.90910891089109,12.673267326732674,1.2918108419838525,High
23282,FOLDING BUTTERFLY MIRROR IVORY ,812,757.86,135,67,1.255912408759124,5.613777777777778,6.014814814814815,1.5455594002306805,High
23283,DOORMAT VINTAGE LEAVES DESIGN ,994,7003.38,233,146,8.65824034334764,30.057424892703864,4.266094420600858,3.3679354094579006,Very High
23284,DOORMAT KEEP CALM AND COME IN,5487,38133.64,728,378,8.776284153005465,52.38137362637362,7.537087912087912,8.719723183391004,Very High
23285,PINK VINTAGE SPOT BEAKER,4807,4572.41,191,108,1.06703125,23.93931937172775,25.167539267015705,2.491349480968858,Very High
23286,BLUE VINTAGE SPOT BEAKER,5048,4747.62,222,125,1.03009009009009,21.385675675675675,22.73873873873874,2.883506343713956,Very High
23287,RED VINTAGE SPOT BEAKER,1879,1603.3899999999999,198,114,1.03395,8.097929292929292,9.48989898989899,2.629757785467128,High
23288,GREEN VINTAGE SPOT BEAKER,4625,4444.2300000000005,185,107,1.0418817204301074,24.022864864864868,25.0,2.4682814302191463,Very High
23289,DOLLY GIRL CHILDRENS BOWL,1622,2013.7,191,111,1.5367708333333334,10.542931937172774,8.492146596858639,2.5605536332179932,High
23290,SPACEBOY CHILDRENS BOWL,2430,2890.3500000000004,214,125,1.4357009345794394,13.506308411214954,11.355140186915888,2.883506343713956,Very High
23291,DOLLY GIRL CHILDRENS CUP,1634,2059.03,195,104,1.5237244897959183,10.559128205128205,8.37948717948718,2.3990772779700116,High
23292,SPACE BOY CHILDRENS CUP,2181,2703.33,222,113,1.5313004484304933,12.177162162162162,9.824324324324325,2.6066897347174165,Very High
23293,SET OF 12 FAIRY CAKE BAKING CASES,8471,6989.54,552,323,1.0651805054151624,12.662210144927537,15.346014492753623,7.450980392156863,Very High
23294,SET OF 6 SNACK LOAF BAKING CASES,4392,3607.81,354,214,1.089776536312849,10.191553672316385,12.40677966101695,4.9365628604382925,Very High
23295,SET OF 12 MINI LOAF BAKING CASES,6134,5073.45,444,250,1.1117555555555554,11.426689189189188,13.815315315315315,5.767012687427912,Very High
23296,SET OF 6 TEA TIME BAKING CASES,4979,5985.55,378,243,1.524240837696335,15.83478835978836,13.171957671957673,5.6055363321799305,Very High
23297,SET 40 HEART SHAPE PETIT FOUR CASES,4303,6792.23,161,123,1.8389570552147239,42.18776397515528,26.726708074534162,2.837370242214533,Very High
23298,SPOTTY BUNTING,8466,43148.18,1146,573,5.519121447028423,37.65111692844677,7.387434554973822,13.217993079584774,Very High
23299,FOOD COVER WITH BEADS SET 2 ,1012,3772.88,146,110,4.370479452054795,25.841643835616438,6.931506849315069,2.5374855824682814,Very High
23300,GARDENERS KNEELING PAD CUP OF TEA ,6809,11785.99,758,351,1.9087597911227152,15.548799472295514,8.982849604221636,8.09688581314879,Very High
23301,GARDENERS KNEELING PAD KEEP CALM ,8807,16327.35,913,405,1.9439673913043478,17.88318729463308,9.646221248630887,9.342560553633218,Very High
23302,KNEELING MAT HOUSEWORK  DESIGN,1536,2181.42,230,140,1.8876394849785407,9.484434782608696,6.678260869565217,3.229527104959631,High
23303,SET 4 PICNIC CUTLERY FONDANT,65,126.75,6,6,1.95,21.125,10.833333333333334,0.13840830449826988,Low
23304,SET 4 PICNIC CUTLERY CHERRY ,71,138.45,9,9,1.9500000000000002,15.383333333333333,7.888888888888889,0.20761245674740486,Medium
23305,SET 4 PICNIC CUTLERY BLUEBERRY,82,159.9,9,9,1.9500000000000002,17.766666666666666,9.11111111111111,0.20761245674740486,Medium
23306,SET OF 36 DOILIES PANTRY DESIGN,2808,4123.38,277,182,1.8061290322580643,14.885848375451264,10.137184115523466,4.19838523644752,Very High
23307,SET OF 60 PANTRY DESIGN CAKE CASES ,12049,6371.889999999999,629,366,0.6839469578783152,10.130190779014308,19.155802861685213,8.442906574394463,Very High
23308,SET OF 60 VINTAGE LEAF CAKE CASES ,6139,3272.6099999999997,382,209,0.6942159383033419,8.567041884816753,16.07068062827225,4.821222606689735,Very High
23309,SET OF 60 I LOVE LONDON CAKE CASES ,8275,4495.849999999999,407,178,0.7424170616113744,11.046314496314494,20.331695331695332,4.106113033448674,Very High
23310,BUBBLEGUM RING ASSORTED,12050,4997.28,245,146,0.47804878048780486,20.397061224489796,49.183673469387756,3.3679354094579006,Very High
23311,VINTAGE CHRISTMAS STOCKING ,2390,6488.2,344,246,2.9656772334293944,18.861046511627908,6.9476744186046515,5.674740484429066,Very High
23312,VINTAGE CHRISTMAS GIFT SACK,1423,5964.150000000001,214,168,4.452293577981651,27.869859813084116,6.649532710280374,3.875432525951557,Very High
23313,VINTAGE CHRISTMAS BUNTING,2990,15798.66,401,254,5.548627450980392,39.39815461346633,7.456359102244389,5.859284890426759,Very High
23314,VINTAGE CHRISTMAS TABLECLOTH,407,5012.96,117,87,13.607881355932204,42.84581196581197,3.4786324786324787,2.006920415224913,Very High
23315,IVORY REFECTORY CLOCK,213,2094.24,86,63,10.776511627906977,24.35162790697674,2.4767441860465116,1.453287197231834,High
23316,RED REFECTORY CLOCK ,250,2501.64,110,75,11.109454545454545,22.742181818181816,2.272727272727273,1.7301038062283738,Very High
23317,BLUE REFECTORY CLOCK ,173,1777.46,82,56,11.226951219512195,21.676341463414634,2.1097560975609757,1.2918108419838525,High
23318,BOX OF 6 MINI VINTAGE CRACKERS,3809,9162.41,376,270,2.7416492146596863,24.36811170212766,10.13031914893617,6.228373702422145,Very High
23319,BOX OF 6 MINI 50'S CRACKERS,3720,9219.53,403,300,2.651167883211679,22.87724565756824,9.23076923076923,6.920415224913495,Very High
23320,GIANT 50'S CHRISTMAS CRACKER,2661,7053.57,333,260,2.805680473372781,21.18189189189189,7.990990990990991,5.997693194925029,Very High
23321,SMALL WHITE HEART OF WICKER,4716,8438.54,629,378,1.7480124223602485,13.415802861685217,7.497615262321145,8.719723183391004,Very High
23322,LARGE WHITE HEART OF WICKER,3069,8878.210000000001,562,350,3.1351398601398603,15.79752669039146,5.460854092526691,8.073817762399077,Very High
23323,WHITE WICKER STAR ,1469,3146.78,294,210,2.251291390728477,10.703333333333333,4.996598639455782,4.844290657439446,Very High
23324,RUSTIC STRAWBERRY JAMPOT LARGE ,399,816.0400000000001,44,38,2.209318181818182,18.546363636363637,9.068181818181818,0.8765859284890426,High
23325,RUSTIC STRAWBERRY JAMPOT SMALL,462,740.9399999999999,35,27,1.8145714285714285,21.169714285714285,13.2,0.6228373702422145,High
23326,HANGING MINI COLOURED BOTTLES,3442,2237.08,76,52,2.638026315789473,29.435263157894735,45.28947368421053,1.1995386389850058,Very High
23327,HANGING CLEAR MINI BOTTLE,1734,1051.1399999999999,41,33,0.7871428571428571,25.637560975609752,42.292682926829265,0.7612456747404844,High
23328,SET 6 SCHOOL MILK BOTTLES IN CRATE,2841,13269.49,405,195,4.845672371638142,32.76417283950617,7.014814814814815,4.498269896193772,Very High
23329,DECORATIVE WICKER HEART LARGE,1767,3038.19,233,168,1.7691199999999998,13.039442060085838,7.583690987124464,3.875432525951557,Very High
23330,DECORATIVE WICKER HEART MEDIUM,1794,2286.97,216,158,1.3630044843049327,10.587824074074073,8.305555555555555,3.6447520184544406,Very High
23331,DECORATIVE WICKER HEART SMALL,1596,1062.28,109,67,0.781578947368421,9.745688073394495,14.642201834862385,1.5455594002306805,High
23332,IVORY WICKER HEART LARGE,2059,3542.71,287,207,1.7616891891891888,12.343937282229966,7.174216027874564,4.775086505190312,Very High
23333,IVORY WICKER HEART MEDIUM,2089,2695.45,233,179,1.3329218106995884,11.568454935622317,8.965665236051501,4.129181084198385,Very High
23334,IVORY WICKER HEART SMALL,2271,1491.75,130,83,0.7883823529411764,11.475,17.46923076923077,1.914648212226067,High
23335,EGG FRYING PAN IVORY ,377,790.7800000000001,96,62,2.3288659793814435,8.237291666666668,3.9270833333333335,1.4302191464821221,High
23336,EGG FRYING PAN PINK ,225,519.25,85,46,2.604418604651163,6.108823529411764,2.6470588235294117,1.061130334486736,Medium
23337,EGG FRYING PAN MINT ,180,388.75,69,49,2.287971014492754,5.634057971014493,2.608695652173913,1.130334486735871,Medium
23338,EGG FRYING PAN RED ,431,915.4000000000001,109,62,2.3390825688073393,8.39816513761468,3.9541284403669725,1.4302191464821221,High
23339,EGG FRYING PAN BLUE ,173,400.84000000000003,76,43,2.511578947368421,5.27421052631579,2.276315789473684,0.991926182237601,Medium
23340,VINTAGE CHRISTMAS CAKE FRILL,2500,4034.08,151,112,1.9589473684210525,26.71576158940397,16.556291390728475,2.583621683967705,Very High
23341,PINK DINER WALL CLOCK,307,2741.35,121,75,9.943057851239669,22.65578512396694,2.5371900826446283,1.7301038062283738,Very High
23342,MINT DINER WALL CLOCK,373,3176.41,163,105,8.833496932515336,19.48717791411043,2.2883435582822087,2.422145328719723,Very High
23343,JUMBO BAG VINTAGE CHRISTMAS ,6078,13972.710000000001,476,286,2.417366255144033,29.354432773109245,12.768907563025211,6.597462514417532,Very High
23344,JUMBO BAG 50'S CHRISTMAS ,10285,23772.07,716,391,2.4177423822714683,33.201215083798886,14.364525139664805,9.019607843137255,Very High
23345, DOLLY GIRL BEAKER,2451,2886.25,174,100,1.5064204545454545,16.58764367816092,14.086206896551724,2.306805074971165,Very High
23346,SPACEBOY BEAKER,2628,3112.34,184,106,1.5186559139784948,16.914891304347826,14.282608695652174,2.445213379469435,Very High
23347,I LOVE LONDON BEAKER,860,1077.3,97,51,1.5569387755102042,11.106185567010309,8.8659793814433,1.1764705882352942,High
23348,CHILDRENS TOY COOKING UTENSIL SET,746,1633.81,168,95,2.5796470588235296,9.725059523809524,4.440476190476191,2.1914648212226067,High
23349,ROLL WRAP VINTAGE CHRISTMAS,3221,4342.6,337,214,1.5426530612244898,12.886053412462909,9.557863501483679,4.9365628604382925,Very High
23350,ROLL WRAP VINTAGE SPOT ,2712,3445.08,305,205,1.4612861736334404,11.295344262295082,8.891803278688524,4.728950403690888,Very High
23351,ROLL WRAP 50'S CHRISTMAS,3535,4875.65,354,242,1.5103072625698326,13.773022598870055,9.985875706214689,5.582468281430219,Very High
23352,ROLL WRAP 50'S RED CHRISTMAS ,1800,2459.2,212,151,1.511643192488263,11.6,8.49056603773585,3.4832756632064585,Very High
23353,6 GIFT TAGS VINTAGE CHRISTMAS ,4007,3510.05,327,227,0.9988519637462235,10.734097859327218,12.253822629969418,5.236447520184544,Very High
23354,6 GIFT TAGS 50'S CHRISTMAS ,3740,3429.4,322,235,0.9722121212121212,10.650310559006211,11.614906832298137,5.4209919261822375,Very High
23355,HOT WATER BOTTLE KEEP CALM,5816,28718.8,782,474,5.271557788944723,36.72480818414322,7.437340153452685,10.93425605536332,Very High
23356,LOVE HOT WATER BOTTLE,2359,13334.32,476,316,6.205617283950618,28.01327731092437,4.955882352941177,7.289504036908881,Very High
23357,HOT WATER BOTTLE SEX BOMB,450,1982.05,102,79,5.005242718446602,19.431862745098037,4.411764705882353,1.8223760092272203,High
23358,HOT STUFF HOT WATER BOTTLE,594,2008.38,89,61,4.198539325842697,22.566067415730338,6.674157303370786,1.4071510957324107,High
23359,SET OF 12 T-LIGHTS VINTAGE DOILEY,990,1866.4599999999998,79,73,1.9862025316455696,23.626075949367085,12.531645569620252,1.6839677047289503,High
23360,SET 8 CANDLES VINTAGE DOILEY,1182,2286.4,114,94,2.0620689655172413,20.056140350877193,10.368421052631579,2.1683967704728953,Very High
23365,SET 12 COLOUR PENCILS LOVE LONDON,1857,1463.08,169,107,0.7943930635838151,8.657278106508876,10.988165680473372,2.4682814302191463,High
23366,SET 12 COLOURING PENCILS DOILY,2249,1667.95,195,115,0.8156565656565656,8.553589743589743,11.533333333333333,2.6528258362168398,High
23367,SET 12 COLOUR PENCILS SPACEBOY ,3278,2491.2,282,184,0.7566666666666667,8.83404255319149,11.624113475177305,4.244521337946944,Very High
23368,SET 12 COLOUR PENCILS DOLLY GIRL ,2379,1679.55,232,134,0.784322033898305,7.239439655172413,10.254310344827585,3.091118800461361,High
23369,SET 36 COLOUR PENCILS LOVE LONDON,1105,1581.06,126,80,1.4970542635658914,12.548095238095238,8.76984126984127,1.845444059976932,High
23370,SET 36 COLOUR PENCILS DOILEY,1550,2151.6,151,86,1.538627450980392,14.249006622516555,10.264900662251655,1.983852364475202,High
23371,SET 36 COLOUR PENCILS SPACEBOY ,1705,2304.78,185,98,1.5179032258064515,12.45827027027027,9.216216216216216,2.260668973471742,Very High
23372,SET 36 COLOUR PENCILS DOLLY GIRL,1389,1750.29,147,76,1.6135761589403974,11.906734693877551,9.448979591836734,1.7531718569780852,High
23373,VINTAGE CHRISTMAS PAPER GIFT BAG,1608,1313.3899999999999,100,86,0.9070999999999999,13.133899999999999,16.08,1.983852364475202,High
23374,RED SPOT PAPER GIFT BAG,2456,1962.83,131,108,0.867175572519084,14.983435114503816,18.748091603053435,2.491349480968858,High
23375,50'S CHRISTMAS PAPER GIFT BAG,1342,1100.6899999999998,103,85,0.9369902912621358,10.68631067961165,13.029126213592233,1.9607843137254901,High
23376,PACK OF 12 VINTAGE CHRISTMAS TISSUE,3039,1384.9099999999999,155,104,0.5079245283018868,8.934903225806451,19.606451612903225,2.3990772779700116,High
23377,PACK OF 12 DOLLY GIRL TISSUES,1351,592.4499999999999,133,69,0.5607462686567164,4.454511278195488,10.157894736842104,1.591695501730104,Medium
23378,PACK OF 12 50'S CHRISTMAS TISSUES,3997,1840.08,176,127,0.46322404371584697,10.455,22.710227272727273,2.9296424452133794,High
23379,PACK OF 12 RED APPLE TISSUES,1220,465.36,76,49,0.5376623376623376,6.123157894736842,16.05263157894737,1.130334486735871,Medium
23380,PACK OF 12 VINTAGE DOILY TISSUES,2344,983.5,121,86,0.48520325203252035,8.12809917355372,19.371900826446282,1.983852364475202,High
23381,PACK OF 12 VINTAGE LEAF TISSUES ,1496,562.88,80,59,0.4760493827160494,7.036,18.7,1.3610149942329872,Medium
23382,BOX OF 6 CHRISTMAS CAKE DECORATIONS,1875,7356.18,220,136,4.660950226244344,33.43718181818182,8.522727272727273,3.1372549019607843,Very High
23388,WOODLAND MINI BACKPACK,821,3432.09,154,115,4.634285714285714,22.2862987012987,5.3311688311688314,2.6528258362168398,Very High
23389,SPACEBOY MINI BACKPACK,1115,4751.49,237,159,4.531338912133891,20.048481012658225,4.70464135021097,3.667820069204152,Very High
23390,DOLLY GIRL MINI BACKPACK,747,3025.59,163,117,4.389759036144579,18.561901840490798,4.58282208588957,2.698961937716263,Very High
23391, I LOVE LONDON MINI BACKPACK,389,1628.17,87,58,4.611363636363636,18.714597701149426,4.471264367816092,1.3379469434832756,High
23392,SPACEBOY ROCKET LOLLY MAKERS,662,1475.03,113,70,2.7042982456140354,13.053362831858406,5.8584070796460175,1.6147635524798154,High
23393,HOME SWEET HOME CUSHION COVER ,801,3207.91,229,165,4.481428571428571,14.008340611353711,3.497816593886463,3.8062283737024223,Very High
23394,POSTE FRANCE CUSHION COVER,435,1877.65,150,90,4.954210526315789,12.517666666666667,2.9,2.0761245674740483,High
23395,BELLE JARDINIERE CUSHION COVER,748,3257.08,210,141,4.915592417061611,15.509904761904762,3.5619047619047617,3.2525951557093427,Very High
23396,BUTTERFLY CUSHION COVER,654,2750.5299999999997,196,134,4.802587064676617,14.033316326530612,3.336734693877551,3.091118800461361,Very High
23397,FOOT STOOL HOME SWEET HOME ,489,5097.65,217,139,11.573870967741934,23.49147465437788,2.2534562211981566,3.2064590542099194,Very High
23398,HANGING HEART BONHEUR,606,535.35,69,53,1.0450666666666666,7.758695652173913,8.782608695652174,1.2226066897347174,Medium
23399,HOME SWEET HOME HANGING HEART,1914,1745.55,225,146,1.1070085470085471,7.758,8.506666666666666,3.3679354094579006,High
23400,SHELF WITH 4 HOOKS HOME SWEET HOME,461,2409.34,107,76,6.854074074074074,22.517196261682244,4.308411214953271,1.7531718569780852,Very High
23401,RUSTIC MIRROR WITH LACE HEART,459,2354.87,83,59,7.090361445783133,28.371927710843373,5.530120481927711,1.3610149942329872,Very High
23402,HOME SWEEET HOME 3 PEG HANGER ,296,1147.28,68,47,4.4525,16.871764705882352,4.352941176470588,1.0841983852364476,High
23403,LETTER HOLDER HOME SWEET HOME,625,2204.11,134,80,4.374,16.44858208955224,4.664179104477612,1.845444059976932,High
23404,HOME SWEET HOME BLACKBOARD,1011,4561.76,169,104,6.0208875739644965,26.992662721893492,5.982248520710059,2.3990772779700116,Very High
23405,HOME SWEET HOME 2 DRAWER CABINET,252,1311.48,70,54,5.985492957746479,18.73542857142857,3.6,1.245674740484429,High
23406,HOME SWEET HOME KEY HOLDER,456,2422.6600000000003,111,65,7.10990990990991,21.82576576576577,4.108108108108108,1.4994232987312572,Very High
23407,SET OF 2 TRAYS HOME SWEET HOME,265,2709.43,133,103,10.68142857142857,20.371654135338346,1.9924812030075187,2.3760092272203,Very High
23408,PHOTO FRAME LINEN AND LACE SMALL,310,644.8000000000001,59,53,2.08,10.928813559322036,5.254237288135593,1.2226066897347174,Medium
23409,PHOTO FRAME LINEN AND LACE LARGE,215,801.68,43,39,3.8148837209302324,18.643720930232558,5.0,0.8996539792387545,High
23410,CURIO CABINET LINEN AND LACE ,36,290.1,18,16,8.027777777777779,16.116666666666667,2.0,0.3690888119953864,Medium
23411, TRELLIS COAT RACK,227,1118.6100000000001,56,42,5.844035087719298,19.975178571428575,4.053571428571429,0.9688581314878892,High
23412,HEART MIRROR ANTIQUE WHITE,358,2354.8,76,64,7.724415584415584,30.984210526315792,4.7105263157894735,1.4763552479815456,Very High
23413,VINTAGE COFFEE GRINDER BOX,173,909.31,58,34,6.318275862068965,15.677758620689655,2.9827586206896552,0.7843137254901961,High
23414,ZINC BOX SIGN HOME,141,1378.75,64,58,10.073749999999999,21.54296875,2.203125,1.3379469434832756,High
23415,HOME SWEET HOME HOOK,328,412.18,47,42,1.4517021276595745,8.769787234042553,6.9787234042553195,0.9688581314878892,Medium
23416,CHAMBRE HOOK,132,184.68,25,18,1.7564,7.3872,5.28,0.4152249134948097,Medium
23417,BATHROOM HOOK,146,157.5,27,21,1.5964285714285713,5.833333333333333,5.407407407407407,0.4844290657439446,Medium
23418,LAVENDER TOILETTE BOTTLE,557,1166.0,79,55,2.562025316455696,14.759493670886076,7.050632911392405,1.2687427912341407,High
23419,HOME SWEET HOME BOTTLE ,473,1043.72,86,56,2.6725581395348836,12.136279069767442,5.5,1.2918108419838525,High
23420,PANTRY HOOK TEA STRAINER ,164,351.37,32,26,2.33625,10.9803125,5.125,0.5997693194925029,Medium
23421,PANTRY HOOK SPATULA,160,349.2,33,24,2.5148484848484847,10.581818181818182,4.848484848484849,0.5536332179930795,Medium
23422,PANTRY HOOK BALLOON WHISK ,213,477.89,47,29,2.777872340425532,10.167872340425532,4.531914893617022,0.6689734717416378,Medium
23423,PANTRY 3 HOOK ROLLING PIN HANGER,219,876.9,66,47,4.536969696969697,13.286363636363635,3.3181818181818183,1.0841983852364476,High
23424,GINGHAM RECIPE BOOK BOX,462,2509.62,135,87,6.186740740740741,18.589777777777776,3.422222222222222,2.006920415224913,Very High
23425,STORAGE TIN HOME SWEET HOME,275,621.44,56,35,3.0989285714285715,11.097142857142858,4.910714285714286,0.8073817762399077,Medium
23426,METAL SIGN DROP YOUR PANTS,1275,3444.43,206,126,3.3344711538461542,16.720533980582523,6.189320388349515,2.906574394463668,Very High
23427,STOOL HOME SWEET HOME ,237,2860.58,114,87,12.967478260869566,25.09280701754386,2.0789473684210527,2.006920415224913,Very High
23428,IVORY RETRO KITCHEN WALL CLOCK,77,675.91,33,25,9.915454545454546,20.48212121212121,2.3333333333333335,0.5767012687427913,Medium
23429,RED RETRO KITCHEN WALL CLOCK,47,400.01,23,19,8.887391304347826,17.391739130434782,2.0434782608695654,0.4382929642445213,Medium
23430,BLUE RETRO KITCHEN WALL CLOCK,36,301.88,18,16,8.621111111111112,16.77111111111111,2.0,0.3690888119953864,Medium
23431,NATURAL HANGING QUILTED HEARTS ,1449,1171.23,72,63,1.363918918918919,16.267083333333332,20.125,1.453287197231834,High
23432,PRETTY HANGING QUILTED HEARTS,1276,1088.3600000000001,74,65,1.3654054054054052,14.707567567567569,17.243243243243242,1.4994232987312572,High
23433,HANGING QUILTED PATCHWORK APPLES,1258,1108.5800000000002,89,76,1.5002247191011233,12.455955056179777,14.134831460674157,1.7531718569780852,High
23434,3 RAFFIA RIBBONS 50'S CHRISTMAS ,2095,1884.17,199,129,0.8802,9.46819095477387,10.527638190954773,2.975778546712803,High
23435,3 RAFFIA RIBBONS VINTAGE CHRISTMAS,824,732.4200000000001,99,40,0.8976767676767677,7.398181818181819,8.323232323232324,0.922722029988466,High
23436,GIFT BAG LARGE VINTAGE CHRISTMAS,1979,2367.39,114,91,1.4442982456140352,20.76657894736842,17.359649122807017,2.09919261822376,Very High
23437, 50'S CHRISTMAS GIFT BAG LARGE,1939,2373.63,131,108,1.4238931297709925,18.119312977099238,14.801526717557252,2.491349480968858,Very High
23438, RED SPOT GIFT BAG LARGE,1809,2209.92,109,88,1.370183486238532,20.274495412844036,16.59633027522936,2.029988465974625,High
23439,HAND WARMER RED LOVE HEART,3986,8855.51,397,268,2.2266262135922332,22.306070528967254,10.040302267002518,6.182237600922722,Very High
23440,PAINT YOUR OWN EGGS IN CRATE,164,299.36,5,5,2.022,59.872,32.8,0.11534025374855825,Medium
23441,HAND PAINTED HANGING EASTER EGG,22,9.24,3,3,0.42,3.08,7.333333333333333,0.06920415224913494,Low
23442,12 HANGING EGGS HAND PAINTED,40,83.2,7,7,2.08,11.885714285714286,5.714285714285714,0.16147635524798157,Low
23444,Next Day Carriage,79,1200.0,79,63,15.189873417721518,15.189873417721518,1.0,1.453287197231834,High
23445,ICE CREAM BUBBLES,2668,2161.24,101,81,0.8659803921568627,21.398415841584157,26.415841584158414,1.8685121107266434,High
23446,BLUE BUNNY EASTER EGG BASKET,157,230.25,3,3,1.5833333333333333,76.75,52.333333333333336,0.06920415224913494,Medium
23447,PINK BUNNY EASTER EGG BASKET,158,231.9,4,4,1.5999999999999999,57.975,39.5,0.0922722029988466,Medium
23448,CREAM BUNNY EASTER EGG BASKET,25,41.25,3,3,1.6499999999999997,13.75,8.333333333333334,0.06920415224913494,Low
23449,SET OF 6 EASTER RAINBOW CHICKS,12,15.0,1,1,1.25,15.0,12.0,0.02306805074971165,Low
23451,SQUARE MINI PORTRAIT FRAME,277,556.17,52,38,2.273396226415094,10.695576923076922,5.326923076923077,0.8765859284890426,Medium
23452,HEART MINI PORTRAIT FRAME,518,1021.76,87,69,2.07183908045977,11.744367816091954,5.954022988505747,1.591695501730104,High
23453,OVAL  MINI PORTRAIT FRAME,316,615.98,47,40,1.9883673469387753,13.10595744680851,6.723404255319149,0.922722029988466,Medium
23454,SET OF 3 MINI HANGING PORTRAITS,174,733.2,52,41,4.5190909090909095,14.100000000000001,3.3461538461538463,0.9457900807381776,High
23455,SMALL PARLOUR PICTURE FRAME,207,569.4300000000001,35,32,2.867777777777778,16.269428571428573,5.914285714285715,0.7381776239907728,Medium
23456,MEDIUM PARLOUR PICTURE FRAME ,158,634.1,36,33,4.116666666666667,17.61388888888889,4.388888888888889,0.7612456747404844,Medium
23457,LARGE PARLOUR PICTURE FRAME,112,549.88,31,27,5.109354838709678,17.738064516129032,3.6129032258064515,0.6228373702422145,Medium
23458,DOLLY CABINET 3 DRAWERS ,51,762.4499999999999,30,30,14.95,25.415,1.7,0.6920415224913495,High
23459,DOLLY CABINET 2 DRAWERS ,33,412.5,19,19,12.5,21.710526315789473,1.736842105263158,0.4382929642445213,Medium
23460,SWEETHEART WALL TIDY ,108,1007.0799999999999,43,41,9.900930232558139,23.42046511627907,2.511627906976744,0.9457900807381776,High
23461,SWEETHEART BIRD HOUSE,847,3041.21,94,75,4.551500000000001,32.35329787234043,9.01063829787234,1.7301038062283738,Very High
23462,ROCOCO WALL MIRROR WHITE,80,1607.04,46,43,20.69695652173913,34.93565217391304,1.7391304347826086,0.991926182237601,High
23463,VINTAGE ZINC WATERING CAN,13,139.39999999999998,8,7,11.206249999999999,17.424999999999997,1.625,0.16147635524798157,Medium
23464,VINTAGE ZINC WATERING CAN SMALL,18,99.2,8,6,6.2125,12.4,2.25,0.13840830449826988,Low
23465,TUSCAN VILLA FEEDING STATION,29,247.63,16,15,8.77375,15.476875,1.8125,0.34602076124567477,Medium
23466,TUSCAN VILLA DOVECOTE,55,498.03,27,20,10.084444444444443,18.445555555555554,2.037037037037037,0.461361014994233,Medium
23467,VINTAGE ZINC PLANTER  ,32,120.08,11,5,4.366363636363636,10.916363636363636,2.909090909090909,0.11534025374855825,Low
23468,TUSCAN VILLA BIRD TABLE ,19,156.75,11,11,8.25,14.25,1.7272727272727273,0.2537485582468281,Medium
23469,CARD HOLDER LOVE BIRD SMALL,332,1355.24,72,61,4.643611111111111,18.822777777777777,4.611111111111111,1.4071510957324107,High
23470,CARD HOLDER LOVE BIRD LARGE ,232,1460.5,84,70,6.810714285714286,17.386904761904763,2.761904761904762,1.6147635524798154,High
23471,SIX DRAWER OFFICE TIDY,65,616.79,27,26,10.162592592592592,22.844074074074072,2.4074074074074074,0.5997693194925029,Medium
23472, NINE DRAWER OFFICE TIDY,58,894.42,33,29,16.09060606060606,27.10363636363636,1.7575757575757576,0.6689734717416378,High
23473,WOODLAND SMALL RED FELT HEART,678,552.02,51,41,0.9533333333333333,10.823921568627451,13.294117647058824,0.9457900807381776,Medium
23474,WOODLAND SMALL BLUE FELT HEART,312,270.96000000000004,37,26,1.0405263157894737,7.323243243243244,8.432432432432432,0.5997693194925029,Medium
23475,WOODLAND SMALL PINK FELT HEART,286,242.18,31,25,0.959032258064516,7.812258064516129,9.225806451612904,0.5767012687427913,Medium
23476,WOODLAND LARGE RED FELT HEART,205,264.72,22,18,1.4700000000000002,12.032727272727273,9.318181818181818,0.4152249134948097,Medium
23477,WOODLAND LARGE BLUE FELT HEART,92,123.47,13,8,1.7153846153846155,9.497692307692308,7.076923076923077,0.1845444059976932,Low
23478,WOODLAND LARGE PINK FELT HEART,285,324.40000000000003,13,9,1.5130769230769232,24.953846153846158,21.923076923076923,0.20761245674740486,Medium
23479,WIRE EGG BASKET ,113,872.38,44,35,8.26659090909091,19.826818181818183,2.5681818181818183,0.8073817762399077,High
23480,MINI LIGHTS WOODLAND MUSHROOMS,1798,6719.14,215,143,4.428761467889909,31.251813953488373,8.362790697674418,3.298731257208766,Very High
23481,PEARLISED IVORY HEART SMALL ,228,281.17,29,23,1.28125,9.69551724137931,7.862068965517241,0.530565167243368,Medium
23482,PEARLISED IVORY HEART LARGE ,418,661.02,39,32,1.765897435897436,16.94923076923077,10.717948717948717,0.7381776239907728,Medium
23483,HANGING  BUTTERFLY T-LIGHT HOLDER,1328,1636.36,73,57,2.409054054054054,22.4158904109589,18.19178082191781,1.314878892733564,High
23484,HEART TRELLISTRIPLE T-LIGHT HOLDER,185,547.35,35,25,3.673333333333334,15.63857142857143,5.285714285714286,0.5767012687427913,Medium
23485,BOTANICAL GARDENS WALL CLOCK ,262,5843.92,83,70,24.791807228915662,70.40867469879518,3.1566265060240966,1.6147635524798154,Very High
23486,ANTIQUE HEART SHELF UNIT,275,4145.47,74,64,17.8127027027027,56.01986486486487,3.7162162162162162,1.4763552479815456,Very High
23487,SWEET HEART CAKE CARRIER,80,795.5799999999999,44,41,10.365454545454545,18.081363636363633,1.8181818181818181,0.9457900807381776,High
23489,"GARLAND, VINTAGE BELLS",913,2709.23,159,125,3.221454545454545,17.039182389937107,5.7421383647798745,2.883506343713956,Very High
23490,T-LIGHT HOLDER HANGING LOVE BIRD,542,2032.77,101,83,3.961287128712871,20.126435643564356,5.366336633663367,1.914648212226067,High
23491,VINTAGE JINGLE BELLS HEART,228,1897.76,78,64,8.462151898734177,24.33025641025641,2.923076923076923,1.4763552479815456,High
23492,VINTAGE JINGLE BELLS WREATH,76,635.38,28,24,8.549285714285714,22.69214285714286,2.7142857142857144,0.5536332179930795,Medium
23493,VINTAGE DOILY TRAVEL SEWING KIT,3964,8497.98,415,282,2.156320754716981,20.477060240963855,9.551807228915663,6.505190311418685,Very High
23494,VINTAGE DOILY DELUXE SEWING KIT ,809,5354.01,205,145,6.812864077669903,26.117121951219513,3.946341463414634,3.3448673587081887,Very High
23495,SET OF 3 PANTRY WOODEN SPOONS,225,306.66,41,21,1.7221951219512195,7.479512195121952,5.487804878048781,0.4844290657439446,Medium
23496,PANTRY KITCHEN THERMOMETER ,112,154.52,31,21,1.562258064516129,4.984516129032259,3.6129032258064515,0.4844290657439446,Medium
23497,CLASSIC CHROME BICYCLE BELL ,2558,3656.02,195,150,1.62365,18.74882051282051,13.117948717948718,3.4602076124567476,Very High
23498,CLASSIC BICYCLE CLIPS ,1640,2372.68,99,77,1.657941176470588,23.966464646464644,16.565656565656564,1.776239907727797,Very High
23499,SET 12 VINTAGE DOILY CHALK ,1312,586.23,110,86,0.4831858407079646,5.329363636363636,11.927272727272728,1.983852364475202,Medium
23500,KEY RING BASEBALL BOOT ASSORTED ,1626,2038.33,98,76,1.3861764705882351,20.799285714285713,16.591836734693878,1.7531718569780852,High
23501,KEY RING BASEBALL BOOT UNION JACK,1821,2217.87,112,77,1.4955263157894738,19.802410714285713,16.258928571428573,1.776239907727797,Very High
23502,PLAYING CARDS VINTAGE DOILEY ,714,896.41,94,80,1.3016842105263158,9.536276595744681,7.595744680851064,1.845444059976932,High
23503,PLAYING CARDS KEEP CALM & CARRY ON,3643,4860.55,335,284,1.279298245614035,14.50910447761194,10.874626865671642,6.551326412918108,Very High
23504,PLAYING CARDS JUBILEE UNION JACK,1927,2848.8900000000003,208,164,1.3483410138248846,13.69658653846154,9.264423076923077,3.7831603229527104,Very High
23505,PLAYING CARDS I LOVE LONDON ,1200,1651.29,115,93,1.3546153846153848,14.359043478260869,10.434782608695652,2.1453287197231834,High
23506,MINI PLAYING CARDS SPACEBOY ,2723,1129.1200000000001,146,114,0.46264900662251657,7.733698630136987,18.65068493150685,2.629757785467128,High
23507,MINI PLAYING CARDS BUFFALO BILL ,2882,1155.67,119,91,0.4734645669291338,9.711512605042017,24.218487394957982,2.09919261822376,High
23508,MINI PLAYING CARDS DOLLY GIRL ,2627,1163.45,120,95,0.4665625,9.695416666666667,21.891666666666666,2.1914648212226067,High
23509,MINI PLAYING CARDS FUN FAIR ,1062,451.46000000000004,65,51,0.4865151515151515,6.945538461538462,16.338461538461537,1.1764705882352942,Medium
23510,MINI PLAYING CARDS GYMKHANA,2521,1118.8,120,90,0.4972,9.323333333333332,21.008333333333333,2.0761245674740483,High
23511,EMBROIDERED RIBBON REEL EMILY ,571,1252.01,98,83,2.3309090909090906,12.775612244897959,5.826530612244898,1.914648212226067,High
23512,EMBROIDERED RIBBON REEL ROSIE,500,975.24,57,46,2.3164912280701753,17.109473684210528,8.771929824561404,1.061130334486736,High
23513,EMBROIDERED RIBBON REEL SUSIE ,566,1114.26,70,59,2.306,15.918,8.085714285714285,1.3610149942329872,High
23514,EMBROIDERED RIBBON REEL SALLY ,478,977.39,74,57,2.349189189189189,13.207972972972973,6.45945945945946,1.314878892733564,High
23515,EMBROIDERED RIBBON REEL DAISY ,579,1164.98,71,58,2.3925,16.408169014084507,8.154929577464788,1.3379469434832756,High
23516,EMBROIDERED RIBBON REEL SOPHIE  ,296,1058.6,42,39,3.848181818181818,25.204761904761902,7.0476190476190474,0.8996539792387545,High
23517,EMBROIDERED RIBBON REEL REBECCA ,334,996.38,63,50,3.4480952380952385,15.815555555555555,5.301587301587301,1.1534025374855825,High
23518,EMBROIDERED RIBBON REEL RACHEL ,361,980.41,44,40,3.0959090909090907,22.282045454545454,8.204545454545455,0.922722029988466,High
23519,EMBROIDERED RIBBON REEL CLAIRE,224,792.31,24,18,4.484583333333333,33.01291666666666,9.333333333333334,0.4152249134948097,High
23520,EMBROIDERED RIBBON REEL RUBY ,167,600.55,32,30,3.9675,18.7671875,5.21875,0.6920415224913495,Medium
23521,CAT AND BIRD WALL ART,413,793.37,44,21,4.204090909090909,18.031136363636364,9.386363636363637,0.4844290657439446,High
23522,DOG AND BALL WALL ART,354,727.4399999999999,32,20,3.680625,22.732499999999998,11.0625,0.461361014994233,High
23523,TREASURE AHOY WALL ART,360,1173.81,41,35,3.9346341463414634,28.62951219512195,8.78048780487805,0.8073817762399077,High
23524,HORSE & PONY WALL ART,481,1557.63,63,42,4.323968253968254,24.724285714285717,7.634920634920635,0.9688581314878892,High
23525,BUFFALO BILL WALL ART ,582,1863.8200000000002,53,38,4.1639622641509435,35.16641509433963,10.981132075471699,0.8765859284890426,High
23526,DOG LICENCE WALL ART,1012,6021.400000000001,143,79,8.24888888888889,42.10769230769231,7.076923076923077,1.8223760092272203,Very High
23527,ANIMALS AND NATURE WALL ART,420,1428.56,48,40,3.998125,29.761666666666667,8.75,0.922722029988466,High
23528,SPACEBOY WALL ART,479,1504.49,50,30,4.7792,30.0898,9.58,0.6920415224913495,High
23529,DOLLY GIRL WALL ART,637,2011.9900000000002,37,26,4.338648648648649,54.378108108108115,17.216216216216218,0.5997693194925029,High
23530,WALL ART ONLY ONE PERSON ,1056,4436.27,87,60,5.577586206896552,50.991609195402305,12.137931034482758,1.384083044982699,Very High
23531,WALL ART BIG LOVE ,976,5538.26,112,77,7.661681415929204,49.448750000000004,8.714285714285714,1.776239907727797,Very High
23532,WALL ART WORK REST AND PLAY  ,210,901.58,31,23,5.301612903225807,29.083225806451615,6.774193548387097,0.530565167243368,High
23533,WALL ART GARDEN HAVEN ,215,998.64,36,27,6.166944444444445,27.74,5.972222222222222,0.6228373702422145,High
23534,STOP FOR TEA WALL ART,1387,8608.9,260,159,7.53896551724138,33.11115384615385,5.334615384615384,3.667820069204152,Very High
23535,BICYCLE SAFTEY WALL ART,1324,8440.24,215,135,7.446898148148148,39.25693023255814,6.158139534883721,3.1141868512110724,Very High
23536,VILLAGE SHOW WALL ART,626,3442.13,85,68,6.794705882352942,40.49564705882353,7.364705882352941,1.5686274509803921,Very High
23537,I LOVE LONDON WALL ART,111,581.13,34,20,6.9405882352941175,17.092058823529413,3.264705882352941,0.461361014994233,Medium
23538,WALL ART VINTAGE HEART,331,1329.54,32,25,5.7790625,41.548125,10.34375,0.5767012687427913,High
23539,WALL ART LOVES' SECRET ,247,1227.95,41,32,6.594047619047619,29.950000000000003,6.024390243902439,0.7381776239907728,High
23540,WALL ART THE MAGIC FOREST ,150,947.0600000000001,14,9,8.424285714285714,67.64714285714287,10.714285714285714,0.20761245674740486,High
23541,WALL ART CLASSIC PUDDINGS ,872,6823.91,152,97,9.71203947368421,44.8941447368421,5.7368421052631575,2.23760092272203,Very High
23542,70'S ALPHABET WALL ART,506,3800.16,89,55,9.784157303370787,42.69842696629213,5.685393258426966,1.2687427912341407,Very High
23543,KEEP CALM WALL ART ,1236,7010.76,103,81,8.530952380952382,68.06563106796116,12.0,1.8685121107266434,Very High
23544,WALL ART MID CENTURY MODERN ,164,1015.78,20,17,7.523000000000001,50.789,8.2,0.39215686274509803,High
23545,WRAP RED DOILEY,2480,1025.6,84,76,0.41905882352941176,12.209523809523809,29.523809523809526,1.7531718569780852,High
23546,WRAP PAISLEY PARK ,3250,1365.0,120,106,0.42,11.375,27.083333333333332,2.445213379469435,High
23547,WRAP FLOWER SHOP  ,1575,661.5,62,57,0.42,10.669354838709678,25.403225806451612,1.314878892733564,Medium
23548,WRAP MAGIC FOREST ,1075,451.5,43,42,0.42,10.5,25.0,0.9688581314878892,Medium
23549,WRAP BIRD GARDEN ,1305,548.1,52,46,0.42,10.540384615384616,25.096153846153847,1.061130334486736,Medium
23550,WRAP ALPHABET POSTER  ,1855,763.1,64,60,0.41875,11.9234375,28.984375,1.384083044982699,High
23551,PACK OF 12 PAISLEY PARK TISSUES ,1840,839.8399999999999,136,88,0.5168115942028985,6.175294117647058,13.529411764705882,2.029988465974625,High
23552,BICYCLE PUNCTURE REPAIR KIT ,1863,3881.91,116,93,2.2640650406504066,33.46474137931035,16.060344827586206,2.1453287197231834,Very High
23553,LANDMARK FRAME CAMDEN TOWN ,568,6444.65,68,50,13.30220588235294,94.77426470588235,8.352941176470589,1.1534025374855825,Very High
23554,LANDMARK FRAME OXFORD STREET,422,4805.53,57,49,13.047017543859647,84.30754385964912,7.4035087719298245,1.130334486735871,Very High
23555,LANDMARK FRAME NOTTING HILL ,421,4780.57,50,45,12.897450980392156,95.61139999999999,8.42,1.0380622837370241,Very High
23556,LANDMARK FRAME COVENT GARDEN ,436,4937.01,53,46,12.61811320754717,93.15113207547171,8.226415094339623,1.061130334486736,Very High
23557,LANDMARK FRAME BAKER STREET ,350,3930.27,32,25,13.181875,122.8209375,10.9375,0.5767012687427913,Very High
23558,LANDMARK FRAME LONDON BRIDGE ,415,4703.87,52,43,13.125384615384615,90.45903846153846,7.980769230769231,0.991926182237601,Very High
23559,WOODLAND BUNNIES LOLLY MAKERS,649,1482.41,124,69,2.8688709677419357,11.95491935483871,5.233870967741935,1.591695501730104,High
23560,SET OF 6 RIBBONS COUNTRY STYLE,172,499.18,26,20,3.543846153846154,19.19923076923077,6.615384615384615,0.461361014994233,Medium
23561,SET OF 6 RIBBONS PARTY,170,476.0,16,13,3.40875,29.75,10.625,0.29988465974625145,Medium
23562,SET OF 6 RIBBONS PERFECTLY PRETTY  ,251,724.59,43,37,3.2853488372093027,16.85093023255814,5.837209302325581,0.8535178777393311,High
23564,EGG CUP MILKMAID INGRID,644,841.31,76,39,1.7567105263157894,11.06986842105263,8.473684210526315,0.8996539792387545,High
23565,EGG CUP MILKMAID HELGA ,410,586.31,63,28,1.8453968253968254,9.306507936507936,6.507936507936508,0.6459054209919263,Medium
23566,EGG CUP MILKMAID HEIDI,881,1156.93,83,44,1.769759036144578,13.938915662650603,10.614457831325302,1.0149942329873125,High
23567,EGG CUP HENRIETTA HEN PINK,211,291.58,37,15,1.823157894736842,7.88054054054054,5.702702702702703,0.34602076124567477,Medium
23568,EGG CUP HENRIETTA HEN CREAM ,630,787.52,48,24,1.7454166666666666,16.406666666666666,13.125,0.5536332179930795,High
23569,TRADTIONAL ALPHABET STAMP SET,954,4717.66,192,152,5.3034693877551025,24.571145833333333,4.96875,3.5063437139561704,Very High
23570,TRADITIONAL PICK UP STICKS GAME ,2772,4931.87,276,203,1.431118881118881,17.86909420289855,10.043478260869565,4.682814302191464,Very High
23571,TRADITIONAL NAUGHTS & CROSSES,2841,6406.91,257,195,1.8921374045801527,24.929610894941632,11.054474708171206,4.498269896193772,Very High
23574,PACKING CHARGE,14,105.0,14,9,7.5,7.5,1.0,0.20761245674740486,Low
23575,SNACK TRAY PAISLEY PARK,179,367.34999999999997,32,22,2.5823529411764703,11.479687499999999,5.59375,0.5074971164936563,Medium
23576,SNACK TRAY RED VINTAGE DOILY,198,400.03999999999996,37,28,2.4010526315789473,10.811891891891891,5.351351351351352,0.6459054209919263,Medium
23578,SNACK TRAY RED GINGHAM,60,125.72,14,11,2.417142857142857,8.98,4.285714285714286,0.2537485582468281,Low
23579,SNACK TRAY I LOVE LONDON,169,358.75,35,22,2.6265714285714283,10.25,4.828571428571428,0.5074971164936563,Medium
23580,SNACK TRAY HAPPY FOREST  ,116,234.92,25,20,2.2116,9.396799999999999,4.64,0.461361014994233,Medium
23581,JUMBO BAG PAISLEY PARK,5020,11581.83,338,230,2.256289855072464,34.26576923076923,14.85207100591716,5.3056516724336795,Very High
23582,VINTAGE DOILY JUMBO BAG RED ,4802,10206.41,259,186,2.2147709923664123,39.40698841698842,18.54054054054054,4.290657439446367,Very High
23583,LUNCH BAG PAISLEY PARK  ,3385,5497.33,325,233,1.8020481927710843,16.914861538461537,10.415384615384616,5.374855824682815,Very High
23597,PAPER BUNTING PAISLEY PARK,249,679.07,31,28,3.186129032258065,21.905483870967743,8.03225806451613,0.6459054209919263,Medium
23598,PAPER BUNTING VINTAGE PARTY,427,1215.53,47,40,3.2351063829787234,25.862340425531915,9.085106382978724,0.922722029988466,High
23601,SET 10 CARDS SNOWY SNOWDROPS  17100,8,19.92,4,0,2.49,4.98,2.0,0.0,Low
23602,SET 10 CARDS 3 WISE MEN 17107,1,2.91,1,0,2.91,2.91,1.0,0.0,Low
23603,SET 10 CARD KRAFT REINDEER 17084,20,49.800000000000004,14,0,2.4899999999999998,3.5571428571428574,1.4285714285714286,0.0,Low
23604,SET 10 MINI SANTA & SNOWMAN  17087,4,6.640000000000001,2,0,1.66,3.3200000000000003,2.0,0.0,Low
23605,SET 10 CARDS 12 DAYS OF XMAS 17059,4,11.64,1,0,2.91,11.64,4.0,0.0,Low
23607,SET 10 CARDS HATS & STOCKINGS 17081,8,13.28,7,0,1.66,1.897142857142857,1.1428571428571428,0.0,Low
23608,SET 10 CARDS RUDOLPHS NOSE 17097,4,11.64,3,0,2.91,3.8800000000000003,1.3333333333333333,0.0,Low
23609,SET 10 CARDS SNOWY ROBIN 17099,1,2.91,1,0,2.91,2.91,1.0,0.0,Low
23610,SET 10 CARDS CHRISTMAS ROBIN 17095,3,6.24,3,0,2.08,2.08,1.0,0.0,Low
23611,SET 10 CARDS RED RIDING HOOD 17214,40,99.60000000000001,16,0,2.49,6.2250000000000005,2.5,0.0,Low
23612,SET 10 MINICARDS CUTE SNOWMAN 17071,5,8.299999999999999,2,0,1.66,4.1499999999999995,2.5,0.0,Low
23613,SET 10 XMAS CARDS & BADGES 17070,11,27.39,6,0,2.49,4.565,1.8333333333333333,0.0,Low
23614,SET 10 CARDS 12 DAYS WRAP  17058,26,86.58,11,0,3.33,7.870909090909091,2.3636363636363638,0.0,Low
23615,SET 10 CARDS PRINTED GRAPHIC 17219,4,9.96,4,0,2.49,2.49,1.0,0.0,Low
23616,SET 10 CARDS JINGLE BELLS 17217,8,19.92,7,0,2.4899999999999998,2.845714285714286,1.1428571428571428,0.0,Low
23617,SET 10 CARDS SWIRLY XMAS TREE 17104,2,5.82,1,0,2.91,5.82,2.0,0.0,Low
23619,SET 10 CARDS POINSETTIA 17093,4,9.96,2,0,2.49,4.98,2.0,0.0,Low
23620,SET 10 CARDS PERFECT POST 17090,10,24.900000000000002,7,0,2.4899999999999998,3.5571428571428574,1.4285714285714286,0.0,Low
23621,SET 10 CARDS DAVID'S MADONNA 17074,6,14.940000000000001,4,0,2.49,3.7350000000000003,1.5,0.0,Low
23623,SET 10 CARD CHRISTMAS WELCOME 17112,8,23.28,6,0,2.91,3.8800000000000003,1.3333333333333333,0.0,Low
23624,SET 10 CARD PERFECT NATIVITY 17089,4,9.96,4,0,2.49,2.49,1.0,0.0,Low
23625,SET 6 CARDS SPARKLY REINDEER 17262,9,44.910000000000004,4,0,4.99,11.227500000000001,2.25,0.0,Low
23626,SET 10 CARDS DINKY TREE 17076,43,107.07000000000001,16,0,2.49,6.6918750000000005,2.6875,0.0,Low
23627,SET 10 CARDS XMAS GRAPHIC  17218,7,17.43,2,0,2.49,8.715,3.5,0.0,Low
23628,SET 10 CARDS TRIANGLE ICONS  17220,1,2.91,1,0,2.91,2.91,1.0,0.0,Low
23629,SET 10 CARDS DRESSING UP 17077,24,59.760000000000005,10,0,2.49,5.976000000000001,2.4,0.0,Low
23630,SET 10 CARDS HANGING BAUBLES 17080,2,5.48,2,1,2.74,2.74,1.0,0.02306805074971165,Low
23632,SET 10 CARDS CHEERFUL ROBIN 17065,15,31.200000000000003,10,0,2.08,3.12,1.5,0.0,Low
23633,SET 10 CARDS WORLD CHILDREN 17067,3,7.470000000000001,3,0,2.49,2.49,1.0,0.0,Low
23634,SET 10 CARDS XMAS CHOIR 17068,5,14.55,5,0,2.91,2.91,1.0,0.0,Low
23635,SET 10 CARDS CHRISTMAS HOLLY  17259,3,12.48,3,0,4.16,4.16,1.0,0.0,Low
23636,SET 10 CARDS WISHING TREE 17116,9,26.19,7,0,2.91,3.7414285714285715,1.2857142857142858,0.0,Low
23637,SET 10 CARDS OUT OF ORDER 17216,11,27.39,9,0,2.49,3.0433333333333334,1.2222222222222223,0.0,Low
23638,SET 10 CARDS ROBIN WATERPUMP  17096,2,5.82,2,0,2.91,2.91,1.0,0.0,Low
23639,SET 10 CARDS MAGICAL TREE 17086,4,13.32,4,0,3.33,3.33,1.0,0.0,Low
23640,SET 10 CARDS SCOTTIE DOG 17211,9,22.410000000000004,8,0,2.49,2.8012500000000005,1.125,0.0,Low
23643,SET 10 CARDS CHRISTMAS BAUBLE 16954,1,3.33,1,0,3.33,3.33,1.0,0.0,Low
23644,SET 10 CARDS CHRISTMAS TREE 16955,5,16.65,5,0,3.3299999999999996,3.3299999999999996,1.0,0.0,Low
23645,SET 10 CHRISTMAS CARDS HOHOHO 16956,9,22.410000000000004,4,0,2.49,5.602500000000001,2.25,0.0,Low
23646,SET 10 CARDS JINGLE BELLS 16957,8,19.92,5,0,2.49,3.9840000000000004,1.6,0.0,Low
23649,SET 10 CARDS DECK THE HALLS 16960,2,4.98,2,0,2.49,2.49,1.0,0.0,Low
23650,SET 10 CARDS FILIGREE BAUBLE 16961,4,9.96,4,0,2.49,2.49,1.0,0.0,Low
23652,SET 10 CARD CHRISTMAS STAMPS 16963,2,5.82,1,0,2.91,5.82,2.0,0.0,Low
23654,SET 10 CARD SNOWMAN 16965,5,12.450000000000001,4,0,2.49,3.1125000000000003,1.25,0.0,Low
23660,HENRIETTA HEN MUG ,306,534.66,42,30,2.2404761904761905,12.729999999999999,7.285714285714286,0.6920415224913495,Medium
23661,MILK MAIDS MUG ,219,393.59000000000003,33,23,2.2335294117647058,11.926969696969698,6.636363636363637,0.530565167243368,Medium
23664,FLOWER SHOP DESIGN MUG,1,1.65,1,1,1.65,1.65,1.0,0.02306805074971165,Low
23681,LUNCH BAG RED VINTAGE DOILY,1576,2525.04,132,105,1.8662406015037591,19.12909090909091,11.93939393939394,2.422145328719723,Very High
23691,KEEP CALM BIRTHDAY WRAP,1175,481.5,38,36,0.4184210526315789,12.671052631578947,30.92105263157895,0.8304498269896194,Medium
23692,WRAP A PRETTY THANK YOU,50,21.0,2,2,0.42,10.5,25.0,0.0461361014994233,Low
23694,PAISLEY PARK CARD,376,165.08,41,23,0.5885365853658536,4.026341463414634,9.170731707317072,0.530565167243368,Medium
23695,DOILY THANK YOU CARD,741,313.24,57,41,0.5042105263157894,5.495438596491228,13.0,0.9457900807381776,Medium
23697,A PRETTY THANK YOU CARD,456,194.58,35,26,0.5208333333333334,5.559428571428572,13.028571428571428,0.5997693194925029,Medium
23702,High Resolution Image,4,27.0,3,3,8.5,9.0,1.3333333333333333,0.06920415224913494,Low
23843,"PAPER CRAFT , LITTLE BIRDIE",80995,168469.6,1,1,2.08,168469.6,80995.0,0.02306805074971165,Very High
35001G,HAND OPEN SHAPE GOLD,198,677.34,30,23,3.6971875,22.578,6.6,0.530565167243368,Medium
35001W,HAND OPEN SHAPE DECO.WHITE,92,270.02,5,5,3.0840000000000005,54.004,18.4,0.11534025374855825,Medium
35004B,SET OF 3 BLACK FLYING DUCKS,577,2934.81,111,30,6.268839285714286,26.43972972972973,5.198198198198198,0.6920415224913495,Very High
35004C,SET OF 3 COLOURED  FLYING DUCKS,394,1888.1,39,28,5.244871794871795,48.41282051282051,10.102564102564102,0.6459054209919263,High
35004G,SET OF 3 GOLD FLYING DUCKS,127,454.65,21,16,5.35,21.65,6.0476190476190474,0.3690888119953864,Medium
35004P,SET OF 3 PINK FLYING DUCKS,1,5.45,1,1,5.45,5.45,1.0,0.02306805074971165,Low
35095A,BLUE VICTORIAN FABRIC OVAL BOX,925,388.57,100,29,0.6903,3.8857,9.25,0.6689734717416378,Medium
35095B,RED VICTORIAN FABRIC OVAL BOX,862,352.25,98,36,0.6579591836734694,3.5943877551020407,8.795918367346939,0.8304498269896194,Medium
35241,ENAMEL BLUE RIM BISCUIT BIN,103,530.49,44,27,5.912272727272727,12.05659090909091,2.340909090909091,0.6228373702422145,Medium
35265,COLOURFUL FLOWER FRUIT BOWL,17,52.2,12,11,2.2875,4.3500000000000005,1.4166666666666667,0.2537485582468281,Low
35271S,GOLD PRINT PAPER BAG,19,3.6100000000000003,2,2,0.19,1.8050000000000002,9.5,0.0461361014994233,Low
35400,WOODEN BOX ADVENT CALENDAR ,10,89.5,5,5,8.95,17.9,2.0,0.11534025374855825,Low
35443,RASTA IN BATH W SPLIFF ASHTRAY,8,6.8,6,5,0.85,1.1333333333333333,1.3333333333333333,0.11534025374855825,Low
35471D,SET OF 3 BIRD LIGHT PINK FEATHER ,1848,979.11,223,114,0.9135497835497836,4.390627802690583,8.286995515695068,2.629757785467128,High
35591T,TURQUOISE CHRISTMAS TREE ,5,6.25,4,4,1.25,1.5625,1.25,0.0922722029988466,Low
35597A,DUSTY PINK CHRISTMAS TREE 30CM,1,1.25,1,1,1.25,1.25,1.0,0.02306805074971165,Low
35597B,BLACKCHRISTMAS TREE 30CM,1,1.25,1,1,1.25,1.25,1.0,0.02306805074971165,Low
35597D,PINK/WHITE CHRISTMAS TREE 30CM,46,17.479999999999997,2,2,0.38,8.739999999999998,23.0,0.0461361014994233,Low
35598A,DUSTY PINK CHRISTMAS TREE 60CM,9,26.550000000000004,2,2,2.95,13.275000000000002,4.5,0.0461361014994233,Low
35598B,BLACK CHRISTMAS TREE 60CM,558,460.64,25,20,1.9308,18.4256,22.32,0.461361014994233,Medium
35598C,WHITE CHRISTMAS TREE 60CM,2,5.9,2,2,2.95,2.95,1.0,0.0461361014994233,Low
35598D,PINK/WHITE CHRISTMAS TREE 60CM,684,493.01,42,23,1.4949999999999999,11.738333333333333,16.285714285714285,0.530565167243368,Medium
35599B,BLACK CHRISTMAS TREE 120CM,217,551.13,27,19,3.4596296296296294,20.412222222222223,8.037037037037036,0.4382929642445213,Medium
35599D,PINK AND WHITE CHRISTMAS TREE 120CM,201,553.07,34,17,4.017058823529412,16.266764705882355,5.911764705882353,0.39215686274509803,Medium
35607A,PINK FLUFFY CHRISTMAS DECORATION,26,7.82,2,1,0.9099999999999999,3.91,13.0,0.02306805074971165,Low
35607B,BLACK FEATHER CHRISTMAS DECORATION,96,18.240000000000002,7,7,0.19,2.605714285714286,13.714285714285714,0.16147635524798157,Low
35609A,PINK FEATHER CHRISTMAS DECORATION,1,2.51,1,0,2.51,2.51,1.0,0.0,Low
35610A,PINK CHRISTMAS FLOCK DROPLET ,10,15.02,3,1,2.09,5.006666666666667,3.3333333333333335,0.02306805074971165,Low
35610B,BLACK CHRISTMAS FLOCK DROPLET ,24,30.0,1,1,1.25,30.0,24.0,0.02306805074971165,Low
35610C,WHITE CHRISTMAS FLOCK DROPLET ,25,32.51,2,1,1.88,16.255,12.5,0.02306805074971165,Low
35637A,IVORY STRING CURTAIN WITH POLE ,170,440.62,28,23,4.99,15.736428571428572,6.071428571428571,0.530565167243368,Medium
35637C,PINK STRING CURTAIN WITH POLE,30,100.86,9,7,6.212222222222222,11.206666666666667,3.3333333333333335,0.16147635524798157,Low
35638A,PINK AND BLACK STRING CURTAIN,38,82.1,5,5,3.55,16.419999999999998,7.6,0.11534025374855825,Low
35638B,PINK/BLUE STRING CURTAIN ,57,128.32999999999998,5,4,5.386,25.665999999999997,11.4,0.0922722029988466,Low
35645,VINTAGE BEAD PINK JEWEL BOX,4,17.0,3,2,4.25,5.666666666666667,1.3333333333333333,0.0461361014994233,Low
35646,VINTAGE BEAD PINK EVENING BAG,619,937.25,94,32,2.0357291666666666,9.970744680851064,6.585106382978723,0.7381776239907728,High
35647,VINTAGE BEAD PINK SHADE ,13,16.25,2,2,1.25,8.125,6.5,0.0461361014994233,Low
35648,VINTAGE BEAD PINK PURSE ,979,1066.66,128,40,1.466946564885496,8.33328125,7.6484375,0.922722029988466,High
35649,VINTAGE BEAD COSMETIC BAG ,57,156.85,35,5,2.699444444444444,4.481428571428571,1.6285714285714286,0.11534025374855825,Medium
35650,VINTAGE BEAD PINK JEWEL STAND,1,4.95,1,1,4.95,4.95,1.0,0.02306805074971165,Low
35651,VINTAGE BEAD PINK SCARF ,451,985.84,58,29,2.9,16.997241379310346,7.775862068965517,0.6689734717416378,High
35653,VINTAGE BEAD NOTEBOOK,150,433.19,52,11,3.3453846153846154,8.330576923076922,2.8846153846153846,0.2537485582468281,Medium
35809A,ENAMEL PINK TEA CONTAINER,420,488.06,62,37,1.9277777777777778,7.871935483870968,6.774193548387097,0.8535178777393311,Medium
35809B,ENAMEL BLUE RIM TEA CONTAINER,8,9.18,3,3,1.6766666666666667,3.06,2.6666666666666665,0.06920415224913494,Low
35809a,ENAMEL PINK TEA CONTAINER,9,37.33,9,0,4.147777777777778,4.147777777777778,1.0,0.0,Low
35810A,ENAMEL PINK COFFEE CONTAINER,633,640.09,75,46,1.6557894736842105,8.534533333333334,8.44,1.061130334486736,Medium
35810B,ENAMEL BLUE RIM COFFEE CONTAINER,152,174.09,26,18,1.6965384615384616,6.695769230769231,5.846153846153846,0.4152249134948097,Medium
35815P,"ACRYLIC JEWEL SNOWFLAKE, PINK",162,63.28,5,5,0.724,12.656,32.4,0.11534025374855825,Low
35816P,"ACRYLIC JEWEL ANGEL,PINK",78,29.64,2,2,0.38,14.82,39.0,0.0461361014994233,Low
35817P,"ACRYLIC JEWEL SNOWFLAKE,PINK",18,19.86,2,2,1.4649999999999999,9.93,9.0,0.0461361014994233,Low
35818B,"ACRYLIC JEWEL ICICLE, BLUE",31,11.78,3,3,0.38000000000000006,3.9266666666666663,10.333333333333334,0.06920415224913494,Low
35818P,"ACRYLIC JEWEL ICICLE, PINK",263,105.83,19,15,0.69,5.57,13.842105263157896,0.34602076124567477,Low
35819B,"ACRYLIC HANGING JEWEL,BLUE",268,106.05,24,19,0.5359259259259259,4.41875,11.166666666666666,0.4382929642445213,Low
35819P,"ACRYLIC HANGING JEWEL,PINK",95,66.55,7,7,0.5042857142857143,9.507142857142856,13.571428571428571,0.16147635524798157,Low
35833G,4 GOLD FLOCK CHRISTMAS BALLS,2,6.72,1,0,3.36,6.72,2.0,0.0,Low
35833P,4 PINK FLOCK CHRISTMAS BALLS,49,88.47,22,8,2.2954545454545454,4.0213636363636365,2.227272727272727,0.1845444059976932,Low
35909A,RABBIT EASTER DECORATION,8,23.6,3,3,2.9500000000000006,7.866666666666667,2.6666666666666665,0.06920415224913494,Low
35909B,PINK FLOWERS RABBIT EASTER,8,23.6,2,2,2.95,11.8,4.0,0.0461361014994233,Low
35910A,MULTICOLOUR EASTER RABBIT ,20,39.0,4,4,1.95,9.75,5.0,0.0922722029988466,Low
35910B,PINK FLOWERS RABBIT EASTER,13,25.349999999999998,3,3,1.95,8.45,4.333333333333333,0.06920415224913494,Low
35911A,MULTICOLOUR RABBIT EGG WARMER,319,292.07,70,23,0.973,4.172428571428571,4.557142857142857,0.530565167243368,Medium
35911B,PINK/FLOWER RABBIT EGG WARMER ,119,100.76,15,4,1.142,6.717333333333333,7.933333333333334,0.0922722029988466,Low
35912B,WHITE/PINK CHICK DECORATION,252,301.26,20,15,1.685,15.062999999999999,12.6,0.34602076124567477,Medium
35913B,WHITE/PINK CHICK EASTER DECORATION,36,35.48,10,8,1.0939999999999999,3.5479999999999996,3.6,0.1845444059976932,Low
35914,PINK CHICK EGG WARMER + EGG CUP,195,218.81,40,16,1.111,5.47025,4.875,0.3690888119953864,Medium
35915B,BLUE KNITTED HEN ,220,257.22,50,14,1.0595999999999999,5.144400000000001,4.4,0.32295271049596314,Medium
35915C,PEACH KNITTED HEN ,315,316.46,60,8,1.0498333333333332,5.274333333333333,5.25,0.1845444059976932,Medium
35916A,YELLOW FELT HANGING HEART W FLOWER,87,67.39,29,3,0.7927586206896551,2.323793103448276,3.0,0.06920415224913494,Low
35916B,BLUE FELT HANGING HEART W FLOWER,91,76.67999999999999,32,1,0.7628125,2.3962499999999998,2.84375,0.02306805074971165,Low
35916C,PINK FELT HANGING HEART W FLOWER,106,107.72,20,5,0.8879999999999999,5.386,5.3,0.11534025374855825,Low
35920,FOUR RABBIT EASTER DECORATIONS,72,104.84,15,11,1.992,6.989333333333334,4.8,0.2537485582468281,Low
35921,EASTER BUNNY HANGING GARLAND,68,133.23,23,9,3.0243478260869567,5.792608695652174,2.9565217391304346,0.20761245674740486,Medium
35922,EASTER BUNNY WREATH,28,138.6,10,10,4.95,13.86,2.8,0.2306805074971165,Medium
35923,CANDY HEART HANGING DECORATION,1318,690.52,62,30,0.7807936507936507,11.137419354838709,21.258064516129032,0.6920415224913495,High
35924,HANGING FAIRY CAKE DECORATION,820,1484.3,72,25,2.546081081081081,20.615277777777777,11.38888888888889,0.5767012687427913,High
35933,PINK STOCKING CHRISTMAS DECORATION,226,92.21,19,15,0.6473684210526316,4.8531578947368414,11.894736842105264,0.34602076124567477,Low
35953,FOLKART STAR CHRISTMAS DECORATIONS,3581,1633.6699999999998,131,81,0.588358208955224,12.470763358778624,27.33587786259542,1.8685121107266434,High
35954,SMALL FOLKART STAR CHRISTMAS DEC,1245,350.47999999999996,54,30,0.860909090909091,6.4903703703703695,23.055555555555557,0.6920415224913495,Medium
35957,SMALLFOLKART BAUBLE CHRISTMAS DEC,688,361.81,41,7,1.430731707317073,8.824634146341463,16.78048780487805,0.16147635524798157,Medium
35958,FOLKART ZINC STAR CHRISTMAS DEC,12,10.2,3,3,0.85,3.4,4.0,0.06920415224913494,Low
35961,FOLKART ZINC HEART CHRISTMAS DEC,2986,2629.81,244,116,1.1341129032258064,10.777909836065573,12.237704918032787,2.675893886966551,Very High
35964,FOLKART CLIP ON STARS,783,404.08,100,34,0.8463366336633662,4.0408,7.83,0.7843137254901961,Medium
35965,FOLKART HEART NAPKIN RINGS,366,551.13,69,22,2.3904347826086956,7.987391304347826,5.304347826086956,0.5074971164936563,Medium
35966,FOLKART CHRISTMAS TREE T-LIGHT HOLD,27,10.260000000000002,2,2,0.38,5.130000000000001,13.5,0.0461361014994233,Low
35967,FOLK ART METAL STAR T-LIGHT HOLDER,485,252.33,67,24,0.7286567164179104,3.766119402985075,7.2388059701492535,0.5536332179930795,Medium
35968,FOLK ART METAL HEART T-LIGHT HOLDER,163,82.10000000000001,19,14,0.43631578947368416,4.321052631578948,8.578947368421053,0.32295271049596314,Low
35970,ZINC FOLKART SLEIGH BELLS,5050,9512.73,456,270,2.4164301075268813,20.86125,11.074561403508772,6.228373702422145,Very High
35971,ROSE FOLKART HEART DECORATIONS,462,600.93,88,39,1.8164835164835167,6.828749999999999,5.25,0.8996539792387545,Medium
35972,DAISY FOLKART HEART DECORATION,96,120.0,16,14,1.25,7.5,6.0,0.32295271049596314,Low
37327,ASSTD MULTICOLOUR CIRCLES MUG,1578,840.0799999999999,81,36,1.6527710843373495,10.371358024691357,19.48148148148148,0.8304498269896194,High
37330,BIG POLKADOT MUG,6,2.34,1,1,0.39,2.34,6.0,0.02306805074971165,Low
37333,"RETRO ""TEA FOR ONE"" ",21,120.99,17,9,5.608823529411764,7.117058823529412,1.2352941176470589,0.20761245674740486,Low
37340,MULTICOLOUR SPRING FLOWER MUG,2544,1695.86,135,59,2.6641176470588235,12.561925925925925,18.844444444444445,1.3610149942329872,High
37342,POLKADOT COFFEE CUP & SAUCER PINK,1570,1489.01,109,50,1.5553636363636365,13.660642201834863,14.403669724770642,1.1534025374855825,High
37343,POLKADOT MUG PINK ,72,123.3,13,8,2.210769230769231,9.484615384615385,5.538461538461538,0.1845444059976932,Low
37351,ORANGE FLOWER MUG ,10,9.06,2,1,0.8200000000000001,4.53,5.0,0.02306805074971165,Low
37370,RETRO COFFEE MUGS ASSORTED,2567,3839.0099999999998,159,72,5.427469135802469,24.144716981132074,16.144654088050313,1.6608996539792389,Very High
37379A,PINK CHERRY BLOSSOM CUP & SAUCER,6,7.5,1,1,1.25,7.5,6.0,0.02306805074971165,Low
37413,ICON MUG REVOLUTIONARY,703,284.49,81,52,0.4107228915662651,3.5122222222222224,8.679012345679013,1.1995386389850058,Medium
37423,WHITE WITH BLACK CATS PLATE,78,33.18,3,3,0.5433333333333333,11.06,26.0,0.06920415224913494,Low
37444A,YELLOW BREAKFAST CUP AND SAUCER,53,66.35000000000001,18,9,2.036666666666667,3.686111111111112,2.9444444444444446,0.20761245674740486,Low
37444B,BLUE BREAKFAST CUP AND SAUCER ,4,11.8,3,2,2.9500000000000006,3.9333333333333336,1.3333333333333333,0.0461361014994233,Low
37444C,PINK BREAKFAST CUP AND SAUCER ,21,42.27,9,5,2.47,4.696666666666667,2.3333333333333335,0.11534025374855825,Low
37446,MINI CAKE STAND WITH HANGING CAKES,1354,1976.09,183,93,1.7795212765957447,10.798306010928961,7.398907103825136,2.1453287197231834,High
37447,CERAMIC CAKE DESIGN SPOTTED PLATE,820,1313.28,115,51,2.1011304347826085,11.41982608695652,7.130434782608695,1.1764705882352942,High
37448,CERAMIC CAKE DESIGN SPOTTED MUG,1451,2206.63,187,78,1.7963157894736843,11.800160427807487,7.759358288770054,1.799307958477509,High
37449,CERAMIC CAKE STAND + HANGING CAKES,563,5117.29,154,106,9.906493506493506,33.22915584415584,3.655844155844156,2.445213379469435,Very High
37450,CERAMIC CAKE BOWL + HANGING CAKES,714,2117.54,134,47,3.6647058823529415,15.802537313432836,5.3283582089552235,1.0841983852364476,High
37461,FUNKY MONKEY MUG,1,1.25,1,1,1.25,1.25,1.0,0.02306805074971165,Low
37462E,"PET MUG, GOLDFISH",36,13.1,12,4,0.6383333333333333,1.0916666666666666,3.0,0.0922722029988466,Low
37464,ROBOT MUG IN DISPLAY BOX,3,3.75,2,2,1.25,1.875,1.5,0.0461361014994233,Low
37467,PIG MUG IN TWO COLOUR DESIGNS,159,130.26999999999998,17,11,1.4352941176470588,7.6629411764705875,9.352941176470589,0.2537485582468281,Medium
37468,HARDMAN MUG 3 ASSORTED,64,32.03,13,11,0.9338461538461539,2.463846153846154,4.923076923076923,0.2537485582468281,Low
37471,MULTICOLOUR POLKADOT PLATE,29,30.43,3,1,2.776666666666667,10.143333333333333,9.666666666666666,0.02306805074971165,Low
37474,SET/4 2 TONE EGG SHAPE MIXING BOWLS,1,9.95,1,0,9.95,9.95,1.0,0.0,Low
37475,SET/4 COLOURFUL MIXING BOWLS,70,661.9799999999999,43,27,9.826279069767441,15.394883720930231,1.627906976744186,0.6228373702422145,Medium
37476,CONDIMENT TRAY 4 BOWLS AND 4 SPOONS,37,399.02,26,9,11.486666666666666,15.346923076923076,1.4230769230769231,0.20761245674740486,Medium
37479B,CUBIC MUG FLOCK BLUE ON BROWN,131,78.08999999999999,21,16,1.572857142857143,3.718571428571428,6.238095238095238,0.3690888119953864,Low
37479P,CUBIC MUG FLOCK PINK ON BROWN,163,142.23,32,15,2.233636363636364,4.4446875,5.09375,0.34602076124567477,Medium
37482P,CUBIC MUG PINK POLKADOT,494,349.35,47,30,2.7468749999999997,7.432978723404256,10.51063829787234,0.6920415224913495,Medium
37487B,YELLOW/ORANGE FLOWER DESIGN PLATE,68,19.72,2,2,0.29,9.86,34.0,0.0461361014994233,Low
37488A,YELLOW PINK FLOWER DESIGN BIG BOWL,28,10.92,3,3,0.38999999999999996,3.64,9.333333333333334,0.06920415224913494,Low
37489A,YELLOW/PINK FLOWER DESIGN BIG MUG,33,14.43,14,14,0.494,1.0307142857142857,2.357142857142857,0.32295271049596314,Low
37489B,BLUE/YELLOW FLOWER DESIGN BIG MUG,31,16.77,12,12,0.65,1.3975,2.5833333333333335,0.27681660899653976,Low
37489C,GREEN/BLUE FLOWER DESIGN BIG MUG,23,13.65,8,8,0.78,1.70625,2.875,0.1845444059976932,Low
37489D,PINK/GREEN FLOWER DESIGN BIG MUG,40,17.16,16,16,0.48176470588235293,1.0725,2.5,0.3690888119953864,Low
37491A,YELLOW/PINK CERAMIC CANDLE HOLDER,6,19.81,4,0,3.3075,4.9525,1.5,0.0,Low
37491B,BLUE/YELLOW CERAMIC CANDLE HOLDER,4,6.6,1,1,1.65,6.6,4.0,0.02306805074971165,Low
37491C,GREEN/BLUE CERAMIC CANDLE HOLDER,8,13.2,1,1,1.65,13.2,8.0,0.02306805074971165,Low
37491D,PURPLE/BLUE CERAMIC CANDLE HOLDER,4,9.879999999999999,2,1,2.4699999999999998,4.9399999999999995,2.0,0.02306805074971165,Low
37495,FAIRY CAKE BIRTHDAY CANDLE SET,440,1622.24,92,75,4.016630434782608,17.63304347826087,4.782608695652174,1.7301038062283738,High
37500,TEA TIME TEAPOT IN GIFT BOX,380,2360.68,113,53,7.21141592920354,20.890973451327433,3.3628318584070795,1.2226066897347174,Very High
37501,TEA TIME TEA SET IN GIFT BOX,133,906.83,49,28,6.676530612244897,18.50673469387755,2.7142857142857144,0.6459054209919263,High
37509,NEW ENGLAND MUG W GIFT BOX,2,5.1,2,2,2.55,2.55,1.0,0.0461361014994233,Low
40001,WHITE BAMBOO RIBS LAMPSHADE,821,675.2299999999999,56,23,1.084642857142857,12.05767857142857,14.660714285714286,0.530565167243368,Medium
40003,WHITE BAMBOO RIBS LAMPSHADE,155,179.23000000000002,15,10,1.6380000000000001,11.948666666666668,10.333333333333334,0.2306805074971165,Medium
40005B,BLUE ORGANDY ROUND LAMPSHADE W BEA,12,10.2,4,4,0.85,2.55,3.0,0.0922722029988466,Low
40016,CHINESE DRAGON PAPER LANTERNS,5556,2136.34,97,54,2.2792783505154635,22.02412371134021,57.27835051546392,1.245674740484429,High
40046A,RED DAISY PAPER LAMPSHADE,50,62.5,6,6,1.25,10.416666666666666,8.333333333333334,0.13840830449826988,Low
44089A,PINK GAUZE BUTTERFLY LAMPSHADE,15,6.3,4,4,0.42,1.575,3.75,0.0922722029988466,Low
44089C,LILAC GAUZE BUTTERFLY LAMPSHADE,24,10.08,6,6,0.42,1.68,4.0,0.13840830449826988,Low
44091A,BLUE CRUSOE CHECK LAMPSHADE,9,3.78,3,3,0.42,1.26,3.0,0.06920415224913494,Low
44092B,BLUE WHITE PLASTIC RINGS LAMPSHADE,14,11.899999999999999,5,4,0.85,2.38,2.8,0.0922722029988466,Low
44092C,PURPLE/COPPER HANGING LAMPSHADE,20,17.0,8,5,0.85,2.125,2.5,0.11534025374855825,Low
44228,CANNABIS LEAF BEAD CURTAIN,36,30.599999999999998,2,2,0.85,15.299999999999999,18.0,0.0461361014994233,Low
44234,ASSORTED CIRCULAR MOBILE,693,154.77,33,17,0.4285294117647059,4.69,21.0,0.39215686274509803,Medium
44235,ASS COL CIRCLE MOBILE ,538,200.04,13,11,0.41600000000000004,15.387692307692307,41.38461538461539,0.2537485582468281,Medium
44236,PINK/PURPLE CIRCLE CURTAIN,52,56.52,6,6,1.3414285714285714,9.42,8.666666666666666,0.13840830449826988,Low
44242A,LILAC FEATHERS CURTAIN,12,9.48,1,1,0.79,9.48,12.0,0.02306805074971165,Low
44242B,PINK FEATHERS CURTAIN,52,50.28,3,3,0.9433333333333334,16.76,17.333333333333332,0.06920415224913494,Low
44265,M/COLOUR POM-POM CURTAIN,2,8.5,1,1,4.25,8.5,2.0,0.02306805074971165,Low
45013,FOLDING SHOE TIDY,3,8.850000000000001,2,2,2.95,4.425000000000001,1.5,0.0461361014994233,Low
46000M,POLYESTER FILLER PAD 45x45cm,1021,1582.55,137,92,1.55,11.551459854014599,7.452554744525547,2.122260668973472,High
46000P,POLYESTER FILLER PAD 65CMx65CM,18,76.5,6,5,4.25,12.75,3.0,0.11534025374855825,Low
46000R,POLYESTER FILLER PAD 45x30cm,103,149.35,38,22,1.45,3.930263157894737,2.710526315789474,0.5074971164936563,Medium
46000S,POLYESTER FILLER PAD 40x40cm,1556,2256.2,185,128,1.45,12.195675675675675,8.41081081081081,2.952710495963091,Very High
46000U,POLYESTER FILLER PAD 30CMx30CM,107,133.75,26,16,1.25,5.144230769230769,4.115384615384615,0.3690888119953864,Medium
46115B,GREEN POP ART MAO CUSHION COVER ,12,2.28,2,1,0.19,1.14,6.0,0.02306805074971165,Low
46118,FUNKY MONKEY CUSHION COVER,232,317.17,46,12,2.807608695652174,6.8950000000000005,5.043478260869565,0.27681660899653976,Medium
46126A,ELVIS WALLHANGING / CURTAIN,52,69.84,8,5,1.5525,8.73,6.5,0.11534025374855825,Low
46138B,BLUE CHENILLE SHAGGY CUSHION COVER ,43,43.15,12,8,1.0333333333333334,3.595833333333333,3.5833333333333335,0.1845444059976932,Low
46775D,SUNSET COLOUR CHUNKY KNITTED THROW,60,720.93,39,12,11.514871794871794,18.485384615384614,1.5384615384615385,0.27681660899653976,High
46776A,WOVEN BUBBLE GUM CUSHION COVER,155,651.95,70,6,4.203714285714286,9.313571428571429,2.2142857142857144,0.13840830449826988,Medium
46776B,WOVEN BERRIES CUSHION COVER ,161,679.67,88,6,4.211818181818182,7.7235227272727265,1.8295454545454546,0.13840830449826988,Medium
46776C,WOVEN FROST CUSHION COVER,117,492.79,59,6,4.221525423728814,8.352372881355933,1.9830508474576272,0.13840830449826988,Medium
46776D,WOVEN SUNSET CUSHION COVER ,89,378.29,37,3,4.200810810810811,10.224054054054054,2.4054054054054053,0.06920415224913494,Medium
46776E,WOVEN CANDY CUSHION COVER ,67,288.43,38,5,4.24421052631579,7.590263157894737,1.763157894736842,0.11534025374855825,Medium
46776F,WOVEN ROSE GARDEN CUSHION COVER ,210,883.12,89,6,4.2064044943820225,9.922696629213483,2.359550561797753,0.13840830449826988,High
46776a,WOVEN BUBBLE GUM CUSHION COVER,5,20.65,1,0,4.13,20.65,5.0,0.0,Low
46776b,WOVEN BERRIES CUSHION COVER ,1,4.13,1,0,4.13,4.13,1.0,0.0,Low
46776e,WOVEN CANDY CUSHION COVER ,1,4.13,1,0,4.13,4.13,1.0,0.0,Low
46776f,WOVEN ROSE GARDEN CUSHION COVER ,7,28.91,1,0,4.13,28.91,7.0,0.0,Low
47013A,WINE BOTTLE DRESSING LT.BLUE,14,3.0399999999999996,4,4,0.205,0.7599999999999999,3.5,0.0922722029988466,Low
47013C,WINE BOTTLE DRESSING DARK BLUE,52,12.97,12,7,0.43,1.0808333333333333,4.333333333333333,0.16147635524798157,Low
47016,LIGHT DECORATION BATTERY OPERATED,2,4.2,1,1,2.1,4.2,2.0,0.02306805074971165,Low
47021G,SET/6 BEAD COASTERS GAUZE BAG GOLD,582,309.29999999999995,27,12,1.9044444444444442,11.455555555555554,21.555555555555557,0.27681660899653976,Medium
47310M,"SMALL POP BOX,FUNKY MONKEY",410,570.4499999999999,121,23,1.568360655737705,4.714462809917355,3.3884297520661155,0.530565167243368,Medium
47341A,FUSCHIA TABLE RUN FLOWER ,27,38.75,5,5,1.75,7.75,5.4,0.11534025374855825,Low
47341B,BLUE TABLE RUN FLOWER,45,56.25,11,11,1.25,5.113636363636363,4.090909090909091,0.2537485582468281,Low
47343A,FUSCHIA FLOWER PURSE WITH BEADS,159,145.17000000000002,14,13,0.9714285714285714,10.369285714285715,11.357142857142858,0.29988465974625145,Medium
47344B,BLUE FLOWER DES PURSE,44,43.66,6,6,0.9700000000000001,7.276666666666666,7.333333333333333,0.13840830449826988,Low
47348A,FUSCHIA VOILE POINTY SHOE DEC,97,50.31,15,11,0.702,3.354,6.466666666666667,0.2537485582468281,Low
47351B,BLUE  VOILE LAMPSHADE,86,234.50000000000003,9,7,2.905555555555556,26.055555555555557,9.555555555555555,0.16147635524798157,Medium
47367B,PAIR PADDED HANGERS PINK CHECK,112,376.27,43,11,3.3988372093023256,8.75046511627907,2.604651162790698,0.2537485582468281,Medium
47369A,PINK GREEN EMBROIDERY COSMETIC BAG,33,93.19,20,6,2.93,4.6594999999999995,1.65,0.13840830449826988,Low
47369B,BLUE GREEN EMBROIDERY COSMETIC BAG,35,97.13,22,3,3.2627272727272727,4.415,1.5909090909090908,0.06920415224913494,Low
47420,ASSORTED COLOUR SUCTION CUP HOOK,196,37.24,13,11,0.19,2.8646153846153846,15.076923076923077,0.2537485582468281,Low
47421,ASSORTED COLOUR LIZARD SUCTION HOOK,994,393.0,55,16,0.4160655737704918,7.1454545454545455,18.072727272727274,0.3690888119953864,Medium
47422,ASSORTED MONKEY SUCTION CUP HOOK,617,246.18,45,16,0.41625,5.470666666666667,13.71111111111111,0.3690888119953864,Medium
47469,ASSORTED SHAPES PHOTO CLIP SILVER ,469,238.60999999999999,12,10,0.635625,19.884166666666665,39.083333333333336,0.2306805074971165,Medium
47471,RAINBOW PEGS PHOTO CLIP STRING,290,189.88,39,19,0.9984615384615384,4.868717948717949,7.435897435897436,0.4382929642445213,Medium
47480,HANGING PHOTO CLIP ROPE LADDER,746,1274.1699999999998,86,29,2.4241860465116276,14.815930232558138,8.674418604651162,0.6689734717416378,High
47481,50CM METAL STRING WITH  7 CLIPS,225,171.79,23,15,1.0608695652173912,7.469130434782608,9.782608695652174,0.34602076124567477,Medium
47503A,ASS FLORAL PRINT MULTI SCREWDRIVER,2734,1254.1200000000001,163,123,0.5077976190476191,7.693987730061351,16.773006134969325,2.837370242214533,High
47503H,ASS FLORAL PRINT SPIRIT LEVEL ,100,110.86,37,30,1.4994999999999998,2.996216216216216,2.7027027027027026,0.6920415224913495,Low
47503J,SET/3 FLORAL GARDEN TOOLS IN BAG,3,23.85,2,1,7.95,11.925,1.5,0.02306805074971165,Low
47504H,ENGLISH ROSE SPIRIT LEVEL ,978,964.38,118,68,1.7283898305084744,8.17271186440678,8.288135593220339,1.5686274509803921,High
47504K,ENGLISH ROSE GARDEN SECATEURS,2018,2048.66,212,141,1.5555555555555556,9.663490566037735,9.518867924528301,3.2525951557093427,High
47518F,ICON PLACEMAT POP ART ELVIS,827,113.64,28,19,0.14142857142857143,4.058571428571429,29.535714285714285,0.4382929642445213,Low
47518f,ICON PLACEMAT POP ART ELVIS,5,20.73,5,0,4.146,4.146,1.0,0.0,Low
47556B,TEA TIME TEA TOWELS ,2600,6045.0,2,1,2.325,3022.5,1300.0,0.02306805074971165,Very High
47559B,TEA TIME OVEN GLOVE,2077,2584.9,287,152,1.457854671280277,9.006620209059234,7.2369337979094075,3.5063437139561704,Very High
47559b,TEA TIME OVEN GLOVE,103,342.65,28,0,3.31,12.237499999999999,3.6785714285714284,0.0,Medium
47563A,RETRO LONGBOARD IRONING BOARD COVER,285,551.51,105,31,2.583714285714286,5.25247619047619,2.7142857142857144,0.7151095732410611,Medium
47566,PARTY BUNTING,18283,99445.23,1685,708,5.797928193054738,59.017940652818986,10.850445103857567,16.33217993079585,Very High
47566B,TEA TIME PARTY BUNTING,2379,11275.27,365,192,5.564371584699454,30.891150684931507,6.517808219178082,4.429065743944636,Very High
47566b,TEA TIME PARTY BUNTING,199,1651.1499999999999,102,0,8.300588235294118,16.187745098039215,1.9509803921568627,0.0,High
47567B,TEA TIME KITCHEN APRON,602,3414.5,133,81,6.340522388059702,25.672932330827066,4.526315789473684,1.8685121107266434,Very High
47570B,TEA TIME TABLE CLOTH,185,1727.23,31,23,11.450645161290323,55.71709677419355,5.967741935483871,0.530565167243368,High
47570b,TEA TIME TABLE CLOTH,2,42.019999999999996,2,0,21.009999999999998,21.009999999999998,1.0,0.0,Low
47574A,ENGLISH ROSE SCENTED HANGING FLOWER,548,665.2,114,36,1.8998260869565216,5.835087719298246,4.807017543859649,0.8304498269896194,Medium
47574B,ENGLISH ROSE SCENTED HANGING HEART,4,17.0,2,2,4.25,8.5,2.0,0.0461361014994233,Low
47578A,ENGLISH ROSE SMALL SCENTED FLOWER,213,197.43,45,26,1.1552173913043478,4.387333333333333,4.733333333333333,0.5997693194925029,Medium
47579,TEA TIME BREAKFAST BASKET,1,2.1,1,1,2.1,2.1,1.0,0.02306805074971165,Low
47580,TEA TIME DES TEA COSY,388,1116.72,110,55,3.303,10.152000000000001,3.5272727272727273,1.2687427912341407,High
47585A,PINK FAIRY CAKE CUSHION COVER,264,1129.44,83,23,4.854216867469879,13.607710843373495,3.180722891566265,0.530565167243368,High
47586A,PINK FAIRY CAKE CUSHION COVER,21,53.55,8,7,2.55,6.69375,2.625,0.16147635524798157,Low
47589,CONGRATULATIONS BUNTING,13,70.85,3,3,5.45,23.616666666666664,4.333333333333333,0.06920415224913494,Low
47590A,BLUE HAPPY BIRTHDAY BUNTING,1990,10491.75,390,228,5.864717948717949,26.901923076923076,5.102564102564102,5.259515570934256,Very High
47590B,PINK HAPPY BIRTHDAY BUNTING,2323,12050.12,393,238,5.82266497461929,30.661882951653947,5.910941475826972,5.490196078431373,Very High
47590b,PINK HAPPY BIRTHDAY BUNTING,12,129.48,9,0,10.79,14.386666666666665,1.3333333333333333,0.0,Medium
47591B,SCOTTIES CHILDRENS APRON,209,344.78999999999996,56,9,1.6485714285714284,6.1569642857142854,3.732142857142857,0.20761245674740486,Medium
47591D,PINK FAIRY CAKE CHILDRENS APRON,3207,6052.45,439,250,2.157881548974943,13.786902050113895,7.305239179954442,5.767012687427912,Very High
47591b,SCOTTIES CHILDRENS APRON,1,4.13,1,0,4.13,4.13,1.0,0.0,Low
47591d,PINK FAIRY CAKE CHILDRENS APRON,134,672.24,56,0,4.968928571428571,12.004285714285714,2.392857142857143,0.0,Medium
47593A,CAROUSEL PONIES BABY BIB,33,14.37,12,10,0.5853846153846154,1.1975,2.75,0.2306805074971165,Low
47593B,SCOTTIE DOGS BABY BIB,1987,946.13,245,68,0.6978542510121458,3.8617551020408163,8.110204081632654,1.5686274509803921,High
47593b,SCOTTIE DOGS BABY BIB,6,4.98,1,0,0.83,4.98,6.0,0.0,Low
47594A,CAROUSEL DESIGN WASHBAG,108,199.84,50,26,1.9125999999999999,3.9968,2.16,0.5997693194925029,Medium
47594B,SCOTTIES DESIGN WASHBAG,170,314.54999999999995,56,26,1.9028571428571428,5.6169642857142845,3.0357142857142856,0.5997693194925029,Medium
47599A,PINK PARTY BAGS,2456,4649.5,165,102,2.2805988023952097,28.17878787878788,14.884848484848485,2.3529411764705883,Very High
47599B,BLUE PARTY BAGS ,1480,2822.32,118,69,2.182372881355932,23.917966101694915,12.542372881355933,1.591695501730104,Very High
48111,DOORMAT 3 SMILEY CATS,1172,7708.48,233,111,9.613290598290599,33.08360515021459,5.030042918454936,2.5605536332179932,Very High
48116,DOORMAT MULTICOLOUR STRIPE,1491,9080.68,201,88,9.6681592039801,45.17751243781095,7.417910447761194,2.029988465974625,Very High
48129,DOORMAT TOPIARY,904,6009.84,205,125,8.774320388349514,29.31629268292683,4.409756097560976,2.883506343713956,Very High
48138,DOORMAT UNION FLAG,3751,25534.15,616,313,8.891294498381876,41.45154220779221,6.089285714285714,7.220299884659746,Very High
48173C,DOORMAT BLACK FLOCK ,1799,10000.66,188,105,8.200425531914894,53.195,9.569148936170214,2.422145328719723,Very High
48173c,DOORMAT BLACK FLOCK ,15,252.95000000000002,7,0,16.830000000000002,36.135714285714286,2.142857142857143,0.0,Medium
48184,DOORMAT ENGLISH ROSE ,2035,14300.15,407,227,8.640073710073711,35.135503685503686,5.0,5.236447520184544,Very High
48185,DOORMAT FAIRY CAKE,3615,23872.91,365,143,10.12136612021858,65.40523287671233,9.904109589041095,3.298731257208766,Very High
48187,DOORMAT NEW ENGLAND,3807,24108.39,600,314,8.464717607973423,40.18065,6.345,7.243367935409458,Very High
48188,DOORMAT WELCOME PUPPIES,2064,12107.02,287,163,8.819268292682928,42.18473867595819,7.191637630662021,3.7600922722029986,Very High
48189,DOORMAT FRIENDSHIP ,27,451.10999999999996,17,0,16.712352941176473,26.535882352941172,1.588235294117647,0.0,Medium
48194,DOORMAT HEARTS,3416,22114.42,592,286,9.247993254637437,37.355439189189184,5.77027027027027,6.597462514417532,Very High
51008,AFGHAN SLIPPER SOCK PAIR,519,1690.5500000000002,22,16,3.4272727272727277,76.84318181818183,23.59090909090909,0.3690888119953864,High
51014A,"FEATHER PEN,HOT PINK",3842,2000.06,239,106,0.6593305439330543,8.368451882845187,16.07531380753138,2.445213379469435,High
51014C,"FEATHER PEN,COAL BLACK",2687,1405.73,174,71,0.7213714285714286,8.07890804597701,15.442528735632184,1.637831603229527,High
51014L,"FEATHER PEN,LIGHT PINK",2059,1069.1399999999999,149,72,0.6530666666666666,7.175436241610737,13.818791946308725,1.6608996539792389,High
51014c,"FEATHER PEN,COAL BLACK",1,0.83,1,0,0.83,0.83,1.0,0.0,Low
51020A,SUMMER FUN DESIGN SHOWER CAP,325,116.32999999999998,18,16,0.5566666666666666,6.462777777777777,18.055555555555557,0.3690888119953864,Low
51020B,STRIPY DESIGN SHOWER CAP,197,70.57,15,13,0.6739999999999999,4.704666666666666,13.133333333333333,0.29988465974625145,Low
62018,SOMBRERO ,4415,5716.85,61,39,1.812295081967213,93.7188524590164,72.37704918032787,0.8996539792387545,Very High
62043B,BLUE CHECK BAG W HANDLE 34X20CM,17,14.110000000000001,5,5,0.8299999999999998,2.822,3.4,0.11534025374855825,Low
62074B,ELEPHANT CLIP W SUCTION CUP,16,6.72,4,4,0.42,1.68,4.0,0.0922722029988466,Low
62086A,PINK RETRO BIG FLOWER BAG,88,171.6,14,13,1.95,12.257142857142856,6.285714285714286,0.29988465974625145,Medium
62094B,TURQ ICE CREAM BUM BAG ,19,63.21,8,2,4.08125,7.90125,2.375,0.0461361014994233,Low
62096A,PINK/YELLOW FLOWERS HANDBAG,106,132.5,8,7,1.25,16.5625,13.25,0.16147635524798157,Medium
62096B,PURPLE/TURQ FLOWERS HANDBAG,2,2.5,1,1,1.25,2.5,2.0,0.02306805074971165,Low
62097B,BLUE STRIPES SHOULDER BAG,9,7.470000000000001,3,2,0.83,2.49,3.0,0.0461361014994233,Low
70006,LOVE HEART POCKET WARMER,2702,1863.98,120,72,1.7202459016393443,15.533166666666666,22.516666666666666,1.6608996539792389,High
70007,HI TEC ALPINE HAND WARMER,841,956.36,107,46,2.124351851851852,8.937943925233645,7.859813084112149,1.061130334486736,High
71038,WHITE HANGING BEADS CANDLE HOLDER,238,1239.5,47,34,5.3999999999999995,26.372340425531913,5.0638297872340425,0.7843137254901961,High
71050,SMALL SINGLE FLAME CANDLE HOLDER,33,11.55,6,5,0.3499999999999999,1.925,5.5,0.11534025374855825,Low
71053,WHITE METAL LANTERN,1944,8419.32,333,149,4.824941176470588,25.28324324324324,5.837837837837838,3.4371395617070357,Very High
71101E,STANDING FAIRY POLE SUPPORT ,346,278.5,22,17,0.8322727272727272,12.659090909090908,15.727272727272727,0.39215686274509803,Medium
71143,SILVER BOOK MARK WITH BEADS,178,196.35999999999999,37,1,1.641081081081081,5.3070270270270266,4.8108108108108105,0.02306805074971165,Medium
71215,METAL BASE FOR CANDLES,11,4.62,2,2,0.42,2.31,5.5,0.0461361014994233,Low
71270,PHOTO CLIP LINE,236,334.98,49,16,1.7107999999999999,6.836326530612245,4.816326530612245,0.3690888119953864,Medium
71279,PINK GLASS CANDLEHOLDER,175,558.37,38,20,3.677179487179487,14.693947368421053,4.605263157894737,0.461361014994233,Medium
71403,"PINK/WHITE ""KEEP CLEAN"" BULLET BIN",76,283.96000000000004,33,12,4.502727272727273,8.604848484848485,2.303030303030303,0.27681660899653976,Medium
71406C,BLACK ORANGE SQUEEZER,138,57.96,21,13,0.42000000000000004,2.7600000000000002,6.571428571428571,0.29988465974625145,Low
71459,HANGING JAM JAR T-LIGHT HOLDER,13605,10858.89,440,226,0.9382312925170068,24.679295454545453,30.920454545454547,5.213379469434833,Very High
71477,COLOUR GLASS. STAR T-LIGHT HOLDER,6748,20650.66,316,155,4.023260188087774,65.35018987341772,21.354430379746834,3.575547866205306,Very High
71495A,CD WALL TIDY BLUE OFFICE,103,40.379999999999995,8,2,0.71375,5.047499999999999,12.875,0.0461361014994233,Low
71495B,CD WALL TIDY RED FLOWERS,163,61.05,8,4,0.55125,7.63125,20.375,0.0922722029988466,Low
71496A,A4 WALL TIDY BLUE OFFICE,127,80.96000000000001,12,5,1.0875000000000001,6.746666666666667,10.583333333333334,0.11534025374855825,Low
71496B,A4 WALL TIDY RED FLOWERS,13,7.37,4,4,0.56,1.8425,3.25,0.0922722029988466,Low
71510,SQUARE METAL CANDLEHOLDER BASE,52,36.519999999999996,8,5,0.8099999999999999,4.5649999999999995,6.5,0.11534025374855825,Low
72024U,LILAC VOTIVE CANDLE,72,15.120000000000001,3,3,0.21,5.04,24.0,0.06920415224913494,Low
72051S,BAG OF SILVER STONES,130,89.53,13,5,0.6746153846153846,6.886923076923077,10.0,0.11534025374855825,Low
72122,COFFEE SCENT PILLAR CANDLE,324,335.79,61,38,1.1914516129032255,5.504754098360656,5.311475409836065,0.8765859284890426,Medium
72127,COLUMBIAN CANDLE ROUND ,169,210.60999999999999,30,25,1.284516129032258,7.020333333333332,5.633333333333334,0.5767012687427913,Medium
72128,COLUMBIAN CANDLE ROUND,193,152.04999999999998,36,28,0.9033333333333332,4.2236111111111105,5.361111111111111,0.6459054209919263,Medium
72130,COLUMBIAN CANDLE ROUND,219,133.34,27,20,0.7432142857142857,4.938518518518519,8.11111111111111,0.461361014994233,Medium
72131,COLUMBIAN CANDLE RECTANGLE,136,236.39999999999998,18,14,1.8999999999999997,13.133333333333333,7.555555555555555,0.32295271049596314,Medium
72132,COLUMBIAN CUBE CANDLE,28,54.599999999999994,12,9,1.95,4.55,2.3333333333333335,0.20761245674740486,Low
72133,COLUMBIAN CANDLE RECTANGLE,45,63.51,16,11,1.4635294117647057,3.969375,2.8125,0.2537485582468281,Low
72134,COLUMBIAN  CUBE CANDLE ,105,58.62,11,6,0.9872727272727272,5.329090909090909,9.545454545454545,0.13840830449826988,Low
72140E,BEST DAD CANDLE LETTERS,31,26.349999999999998,8,8,0.85,3.2937499999999997,3.875,0.1845444059976932,Low
72225C,LAVENDER SCENT CAKE CANDLE,624,165.6,17,12,0.28058823529411764,9.741176470588234,36.705882352941174,0.27681660899653976,Medium
72232,FENG SHUI PILLAR CANDLE,3317,630.23,65,45,0.19,9.695846153846155,51.03076923076923,1.0380622837370241,Medium
72349B,SET/6 PURPLE BUTTERFLY T-LIGHTS,729,1486.69,114,51,2.4736206896551725,13.041140350877193,6.394736842105263,1.1764705882352942,High
72349b,SET/6 PURPLE BUTTERFLY T-LIGHTS,159,658.51,82,0,4.144634146341463,8.030609756097562,1.9390243902439024,0.0,Medium
72351A,SET/6 TURQUOISE BUTTERFLY T-LIGHTS,1264,2498.75,153,78,2.293974358974359,16.33169934640523,8.261437908496733,1.799307958477509,Very High
72351B,SET/6 PINK  BUTTERFLY T-LIGHTS,2096,4007.8500000000004,186,87,2.3841176470588237,21.547580645161293,11.268817204301076,2.006920415224913,Very High
72351a,SET/6 TURQUOISE BUTTERFLY T-LIGHTS,15,62.269999999999996,12,0,4.1499999999999995,5.189166666666666,1.25,0.0,Low
72369A,PINK CLEAR GLASS CANDLE PLATE,30,39.92,5,3,1.6533333333333333,7.984,6.0,0.06920415224913494,Low
72586,SET OF 6 HALLOWEEN GHOST T-LIGHTS,691,317.83,83,36,0.6486746987951807,3.8292771084337347,8.325301204819278,0.8304498269896194,Medium
72598,SET/12 TAPER CANDLES,607,605.89,93,38,1.2690526315789472,6.5149462365591395,6.526881720430108,0.8765859284890426,Medium
72709,IVORY SCULPTED RND CANDLE ,44,37.39999999999999,7,4,0.85,5.342857142857142,6.285714285714286,0.0922722029988466,Low
72741,GRAND CHOCOLATECANDLE,5958,8196.0,292,195,1.5990443686006826,28.068493150684933,20.404109589041095,4.498269896193772,Very High
72760B,VINTAGE CREAM 3 BASKET CAKE STAND,409,4145.389999999999,153,104,11.102941176470589,27.094052287581697,2.673202614379085,2.3990772779700116,Very High
72780,BLACK SILOUETTE CANDLE PLATE,137,116.44999999999999,20,18,0.85,5.8225,6.85,0.4152249134948097,Low
72783,BLACK SIL'T SQU CANDLE PLATE ,16,33.6,2,2,2.1,16.8,8.0,0.0461361014994233,Low
72798C,SET/4 GARDEN ROSE DINNER CANDLE,7,11.549999999999999,3,3,1.6499999999999997,3.8499999999999996,2.3333333333333335,0.06920415224913494,Low
72799C,PINK PILLAR CANDLE SILVER FLOCK,81,129.47,19,17,2.4173684210526316,6.814210526315789,4.2631578947368425,0.39215686274509803,Medium
72799E,IVORY PILLAR CANDLE SILVER FLOCK,451,916.9900000000001,76,43,2.8266233766233766,12.065657894736844,5.934210526315789,0.991926182237601,High
72799F,IVORY PILLAR CANDLE GOLD FLOCK,144,421.13000000000005,30,19,3.036666666666667,14.037666666666668,4.8,0.4382929642445213,Medium
72800B, 4 PURPLE FLOCK DINNER CANDLES,142,285.7,38,31,2.45051282051282,7.518421052631578,3.736842105263158,0.7151095732410611,Medium
72800C,4 PINK DINNER CANDLE SILVER FLOCK,130,259.72,35,26,2.642857142857143,7.42057142857143,3.7142857142857144,0.5997693194925029,Medium
72800D,4 BLUE DINNER CANDLES SILVER FLOCK,87,226.67,31,20,2.7054838709677416,7.311935483870967,2.806451612903226,0.461361014994233,Medium
72800E,4 IVORY DINNER CANDLES SILVER FLOCK,538,1205.64,136,62,2.5973381294964026,8.865,3.9558823529411766,1.4302191464821221,High
72801C,4 ROSE PINK DINNER CANDLES,145,180.65,19,13,1.5610526315789475,9.507894736842106,7.631578947368421,0.29988465974625145,Medium
72801D,4 SKY BLUE DINNER CANDLES,75,113.21,18,10,1.588888888888889,6.289444444444444,4.166666666666667,0.2306805074971165,Low
72801G,4 BURGUNDY WINE DINNER CANDLES,45,57.46,13,9,1.343076923076923,4.42,3.4615384615384617,0.20761245674740486,Low
72801c,4 ROSE PINK DINNER CANDLES,39,95.94,25,0,2.46,3.8376,1.56,0.0,Low
72801d,4 SKY BLUE DINNER CANDLES,75,184.7,44,0,2.463409090909091,4.197727272727272,1.7045454545454546,0.0,Medium
72802A,ROSE SCENT CANDLE IN JEWELLED BOX,323,1329.91,63,44,4.749375,21.10968253968254,5.126984126984127,1.0149942329873125,High
72802B,OCEAN SCENT CANDLE IN JEWELLED BOX,1028,1993.48,82,54,4.176585365853659,24.310731707317075,12.536585365853659,1.245674740484429,High
72802C,VANILLA SCENT CANDLE JEWELLED BOX,1395,2688.19,105,63,4.532056074766356,25.601809523809525,13.285714285714286,1.453287197231834,Very High
72802a,ROSE SCENT CANDLE IN JEWELLED BOX,7,58.03,2,0,8.29,29.015,3.5,0.0,Low
72802c,VANILLA SCENT CANDLE JEWELLED BOX,1,8.29,1,0,8.29,8.29,1.0,0.0,Low
72803A,ROSE SCENT CANDLE JEWELLED DRAWER,529,722.47,41,30,4.261463414634147,17.621219512195122,12.902439024390244,0.6920415224913495,High
72803b,OCEAN SCENT CANDLE JEWELLED DRAWER,1,8.47,1,0,8.47,8.47,1.0,0.0,Low
72807A,SET/3 ROSE CANDLE IN JEWELLED BOX,393,1845.57,107,53,5.72,17.248317757009346,3.6728971962616823,1.2226066897347174,High
72807B,SET/3 OCEAN SCENT CANDLE JEWEL BOX,395,1822.21,110,56,5.369285714285715,16.565545454545454,3.590909090909091,1.2918108419838525,High
72807C,SET/3 VANILLA SCENTED CANDLE IN BOX,721,3145.05,157,83,5.298535031847134,20.032165605095543,4.592356687898089,1.914648212226067,Very High
72807a,SET/3 ROSE CANDLE IN JEWELLED BOX,8,66.32,5,0,8.29,13.264,1.6,0.0,Low
72807b,SET/3 OCEAN SCENT CANDLE JEWEL BOX,4,33.16,4,0,8.29,8.29,1.0,0.0,Low
72807c,SET/3 VANILLA SCENTED CANDLE IN BOX,5,41.449999999999996,5,0,8.29,8.29,1.0,0.0,Low
72811,SMALL ZINC/GLASS CANDLEHOLDER,53,78.92999999999999,8,6,1.8175,9.866249999999999,6.625,0.13840830449826988,Low
72812,LARGE ZINC GLASS CANDLEHOLDER,34,116.06,11,3,3.7609090909090908,10.55090909090909,3.090909090909091,0.06920415224913494,Low
72815,3 WICK CHRISTMAS BRIAR CANDLE ,3,15.97,2,1,6.11,7.985,1.5,0.02306805074971165,Low
72816,SET/3 CHRISTMAS DECOUPAGE CANDLES,892,1005.32,69,26,1.9310144927536232,14.569855072463769,12.927536231884059,0.5997693194925029,High
72817,SET OF 2 CHRISTMAS DECOUPAGE CANDLE,1212,1232.27,161,74,1.2376687116564418,7.6538509316770185,7.527950310559007,1.7070357554786622,High
72818,CHRISTMAS DECOUPAGE CANDLE,1845,821.98,76,51,0.7696153846153846,10.815526315789475,24.276315789473685,1.1764705882352942,High
72819,CUPID DESIGN SCENTED CANDLES,225,509.07,43,28,2.9211627906976743,11.838837209302325,5.232558139534884,0.6459054209919263,Medium
72821,CUPID SCENTED CANDLE IN GLASS,11,18.15,4,4,1.65,4.5375,2.75,0.0922722029988466,Low
75011,BLUE DAISY MOBILE,172,138.76,12,9,0.7999999999999999,11.563333333333333,14.333333333333334,0.20761245674740486,Medium
75013B,"STRING OF 8 BUTTERFLIES,PINK",25,41.25,6,6,1.65,6.875,4.166666666666667,0.13840830449826988,Low
75049L,LARGE CIRCULAR MIRROR MOBILE,7102,6812.98,205,71,1.6756937799043061,33.234048780487804,34.64390243902439,1.637831603229527,Very High
75131,METAL TUBE CHIME ON BAMBOO,490,529.21,15,13,1.8033333333333335,35.28066666666667,32.666666666666664,0.29988465974625145,Medium
75172,PAINTED SEA SHELL METAL WINDCHIME,93,85.31,8,8,1.53,10.66375,11.625,0.1845444059976932,Low
75178,ASSTD COL BUTTERFLY/CRYSTAL W/CHIME,459,218.87,13,6,1.3415384615384613,16.836153846153845,35.30769230769231,0.13840830449826988,Medium
77079,DOLPHIN WINDMILL,1,2.12,1,1,2.12,2.12,1.0,0.02306805074971165,Low
77101A,UNION FLAG WINDSOCK,387,426.94,22,16,1.345,19.406363636363636,17.59090909090909,0.3690888119953864,Medium
78033,FLAG OF ST GEORGE CHAIR,38,185.3,8,6,5.525,23.1625,4.75,0.13840830449826988,Medium
78034B,BLUE NETTING STORAGE HANGER,8,15.6,6,6,1.95,2.6,1.3333333333333333,0.13840830449826988,Low
78124,MAGAZINE RACK GEBRA ASSORTED ,198,256.5,18,16,1.3333333333333333,14.25,11.0,0.3690888119953864,Medium
79000,MOROCCAN TEA GLASS,4162,3357.3399999999997,125,69,1.01512,26.858719999999998,33.296,1.591695501730104,Very High
79026B,"S/4 ICON COASTER,ELVIS LIVES",25,10.61,9,7,0.4855555555555556,1.1788888888888889,2.7777777777777777,0.16147635524798157,Low
79030D,"TUMBLER, BAROQUE",581,350.23,47,26,1.4721276595744681,7.4517021276595745,12.361702127659575,0.5997693194925029,Medium
79030G,"TUMBLER, NEW ENGLAND",1403,733.49,67,44,1.875820895522388,10.947611940298508,20.940298507462686,1.0149942329873125,High
79051A,SMOKEY GREY COLOUR D.O.F. GLASS,823,289.54999999999995,41,32,0.37857142857142856,7.062195121951218,20.073170731707318,0.7381776239907728,Medium
79062D,"RETRO TIN ASHTRAY,REVOLUTIONARY",52,19.4,4,4,0.38,4.85,13.0,0.0922722029988466,Low
79063C,"RETRO PILL BOX KEY CHAIN,THE KING",235,43.65,14,13,0.18928571428571428,3.117857142857143,16.785714285714285,0.29988465974625145,Low
79063D,"RETRO PILL BOX , REVOLUTIONARY",189,35.14,11,9,0.21,3.194545454545455,17.181818181818183,0.20761245674740486,Low
79066K,RETRO MOD TRAY,783,689.34,146,69,1.0782876712328768,4.721506849315069,5.363013698630137,1.591695501730104,High
79066k,RETRO MOD TRAY,17,27.77,10,0,1.636,2.777,1.7,0.0,Low
79067,CORONA MEXICAN TRAY,172,719.69,38,16,5.865263157894737,18.93921052631579,4.526315789473684,0.3690888119953864,High
79071B,ENGLISH ROSE METAL WASTE BIN,20,59.0,11,10,2.95,5.363636363636363,1.8181818181818181,0.2306805074971165,Low
79144B,PAINTED LIGHTBULB STAR+ MOON,180,103.23,53,14,0.7132075471698113,1.947735849056604,3.3962264150943398,0.32295271049596314,Low
79144C,PAINTED LIGHTBULB RAINBOW DESIGN,152,98.12,51,5,0.7815686274509804,1.9239215686274511,2.980392156862745,0.11534025374855825,Low
79149B,SILICON STAR BULB  BLUE,18,7.56,8,8,0.42,0.945,2.25,0.1845444059976932,Low
79151B,"SILICON CUBE 25W, BLUE",11,4.62,2,2,0.42,2.31,5.5,0.0461361014994233,Low
79157B,UBO-LIGHT TRIOBASE BLUE,4,3.4,2,2,0.85,1.7,2.0,0.0461361014994233,Low
79157V,UBO-LIGHT TRIOBASE PURPLE,5,4.25,3,3,0.85,1.4166666666666667,1.6666666666666667,0.06920415224913494,Low
79160,HEART SHAPE WIRELESS DOORBELL,444,795.83,49,30,2.0834615384615387,16.24142857142857,9.061224489795919,0.6920415224913495,High
79161A,ST GEORGE SET OF 10 PARTY LIGHTS,2,5.9,2,2,2.95,2.95,1.0,0.0461361014994233,Low
79163,BLACK CHAMPAGNE GLASS,1529,626.55,35,25,0.498,17.90142857142857,43.68571428571428,0.5767012687427913,Medium
79164,BLACK WINE GLASS,1666,697.62,19,12,0.642,36.71684210526316,87.6842105263158,0.27681660899653976,High
79190A,RETRO PLASTIC 70'S TRAY,384,179.35999999999999,63,24,0.6090476190476191,2.8469841269841267,6.095238095238095,0.5536332179930795,Medium
79190B,RETRO PLASTIC POLKA TRAY,707,288.36,57,24,0.5775438596491228,5.058947368421053,12.403508771929825,0.5536332179930795,Medium
79190D,RETRO PLASTIC DAISY TRAY,265,126.98,47,16,0.6136170212765958,2.7017021276595745,5.638297872340425,0.3690888119953864,Low
79191B,RETRO PLASTIC POLKA TRAY,159,138.29999999999998,30,23,0.9289999999999999,4.609999999999999,5.3,0.530565167243368,Medium
79191C,RETRO PLASTIC ELEPHANT TRAY,1105,812.53,65,57,0.8364615384615384,12.500461538461538,17.0,1.314878892733564,High
79191D,RETRO PLASTIC DAISY TRAY,35,37.61,16,7,1.2925,2.350625,2.1875,0.16147635524798157,Low
79192A,RETRO PLASTIC 70'S TRAY,3,3.75,2,2,1.25,1.875,1.5,0.0461361014994233,Low
79302M,"ART LIGHTS,FUNK MONKEY",370,1037.54,62,26,3.553809523809524,16.734516129032258,5.967741935483871,0.5997693194925029,High
79321,CHILLI LIGHTS,10302,54096.36,661,205,6.7953973013493245,81.84018154311649,15.585476550680786,4.728950403690888,Very High
79323B,BLACK CHERRY LIGHTS,8,54.0,1,1,6.75,54.0,8.0,0.02306805074971165,Low
79323P,PINK CHERRY LIGHTS,4,27.0,1,1,6.75,27.0,4.0,0.02306805074971165,Low
79329,PINK FLOCK GLASS CANDLEHOLDER,12,12.18,2,2,1.015,6.09,6.0,0.0461361014994233,Low
79331,PINK FLOCK GLASS CANDLEHOLDER,26,17.5,3,3,0.8033333333333333,5.833333333333333,8.666666666666666,0.06920415224913494,Low
79336,LIGHT PINK FLOCK GLASS CANDLEHOLDER,36,13.679999999999998,3,2,0.38000000000000006,4.56,12.0,0.0461361014994233,Low
79337,BLUE FLOCK GLASS CANDLEHOLDER,644,259.96,10,9,0.634,25.996,64.4,0.20761245674740486,Medium
79403,FROSTED WHITE BASE ,95,85.52,15,9,1.062,5.701333333333333,6.333333333333333,0.20761245674740486,Low
79406,FROSTED WHITE BASE ,144,34.12,8,6,0.3725,4.265,18.0,0.13840830449826988,Low
81950B,FLOWER BLUE CLOCK WITH SUCKER,116,33.64,8,8,0.29,4.205,14.5,0.1845444059976932,Low
81950V,FLOWER PURPLE CLOCK W/SUCKER,20,8.6,6,6,0.57,1.4333333333333333,3.3333333333333335,0.13840830449826988,Low
81952B,ROUND BLUE CLOCK WITH SUCKER,200,38.0,9,9,0.19,4.222222222222222,22.22222222222222,0.20761245674740486,Low
81952V,ROUND PURPLE CLOCK WITH SUCKER,365,69.35,24,22,0.19,2.889583333333333,15.208333333333334,0.5074971164936563,Low
81953B,ROUND BLUE CLOCK WITH SUCKER,11,2.09,3,2,0.19,0.6966666666666667,3.6666666666666665,0.0461361014994233,Low
81953P,ROUND ARTICULATED PINK CLOCK W/SUCK,28,5.32,3,2,0.19000000000000003,1.7733333333333334,9.333333333333334,0.0461361014994233,Low
82001S,VINYL RECORD FRAME SILVER,1582,5750.21,127,49,4.426640625,45.27724409448819,12.456692913385826,1.130334486735871,Very High
82001s,VINYL RECORD FRAME SILVER,122,910.12,27,0,7.46,33.70814814814815,4.518518518518518,0.0,High
82011A,"BATHROOM SCALES, TROPICAL BEACH",18,67.5,12,8,3.75,5.625,1.5,0.1845444059976932,Low
82011B,BATHROOM SCALES RUBBER DUCKS,43,146.85,21,11,3.673809523809524,6.992857142857143,2.0476190476190474,0.2537485582468281,Medium
82011C,BATHROOM SCALES FOOTPRINTS IN SAND,51,172.05,20,17,3.6700000000000004,8.602500000000001,2.55,0.39215686274509803,Medium
82095,HEART BUTTONS JEWELLERY BOX,68,356.11,30,4,5.318666666666667,11.870333333333333,2.2666666666666666,0.0922722029988466,Medium
82482,WOODEN PICTURE FRAME WHITE FINISH,8986,23057.06,1100,410,3.1030650994575044,20.960963636363637,8.16909090909091,9.457900807381776,Very High
82483,WOOD 2 DRAWER CABINET WHITE FINISH,2386,15123.92,543,241,6.952326007326008,27.852523020257827,4.394106813996316,5.559400230680508,Very High
82484,WOOD BLACK BOARD ANT WHITE FINISH,6012,35966.92,685,285,8.440540145985402,52.50645255474452,8.776642335766423,6.5743944636678195,Very High
82486,WOOD S/3 CABINET ANT WHITE FINISH,2136,18343.92,605,235,9.12376026272578,30.320528925619833,3.530578512396694,5.4209919261822375,Very High
82494L,WOODEN FRAME ANTIQUE WHITE ,6735,19599.49,910,392,3.2622028353326065,21.537901098901102,7.4010989010989015,9.042675893886967,Very High
82494l,WOODEN FRAME ANTIQUE WHITE ,264,2211.6,61,0,8.310655737704916,36.25573770491803,4.327868852459017,0.0,High
82551,LAUNDRY 15C METAL SIGN,2918,4542.889999999999,351,156,1.7629745042492915,12.942706552706552,8.313390313390313,3.598615916955018,Very High
82552,WASHROOM METAL SIGN,3012,4674.83,364,184,1.657445652173913,12.84293956043956,8.274725274725276,4.244521337946944,Very High
82567,"AIRLINE LOUNGE,METAL SIGN",711,1408.07,291,86,2.007216494845361,4.83872852233677,2.443298969072165,1.983852364475202,High
82578,KITCHEN METAL SIGN,2058,1217.8500000000001,305,142,0.7530944625407167,3.9929508196721315,6.747540983606557,3.275663206459054,High
82580,BATHROOM METAL SIGN,5881,3473.21,631,210,0.8306466876971609,5.504294770206022,9.32012678288431,4.844290657439446,Very High
82581,TOILET METAL SIGN,3883,2155.89,405,172,0.7287931034482759,5.323185185185185,9.587654320987655,3.967704728950404,High
82582,AREA PATROLLED METAL SIGN,4365,8858.79,437,176,2.3959453302961276,20.271830663615564,9.988558352402746,4.05997693194925,Very High
82583,HOT BATHS METAL SIGN,7258,16946.260000000002,609,206,2.955829307568438,27.826371100164206,11.917898193760262,4.7520184544406,Very High
82599,FANNY'S REST STOPMETAL SIGN,508,1217.73,141,67,2.8935664335664337,8.636382978723404,3.602836879432624,1.5455594002306805,High
82600,NO SINGING METAL SIGN,6013,12833.18,545,221,2.5495810564663026,23.547119266055045,11.03302752293578,5.098039215686274,Very High
82605,OLD DOC RUSSEL METAL SIGN,14,29.4,3,3,2.1,9.799999999999999,4.666666666666667,0.06920415224913494,Low
82613A,"METAL SIGN,CUPCAKE SINGLE HOOK",71,92.38,18,13,1.4516666666666667,5.132222222222222,3.9444444444444446,0.29988465974625145,Low
82613B,"METAL SIGN,CUPCAKE SINGLE HOOK",583,500.24,111,39,1.4934234234234232,4.506666666666667,5.252252252252252,0.8996539792387545,Medium
82613C,"METAL SIGN,CUPCAKE SINGLE HOOK",537,443.38,96,33,1.4461458333333332,4.618541666666666,5.59375,0.7612456747404844,Medium
82613D,METAL SIGN CUPCAKE SINGLE HOOK,696,534.24,111,43,1.369099099099099,4.812972972972973,6.27027027027027,0.991926182237601,Medium
82613a,"METAL SIGN,CUPCAKE SINGLE HOOK",1,2.46,1,0,2.46,2.46,1.0,0.0,Low
82613b,"METAL SIGN,CUPCAKE SINGLE HOOK",4,9.94,4,0,2.485,2.485,1.0,0.0,Low
82613c,"METAL SIGN,CUPCAKE SINGLE HOOK",5,12.399999999999999,4,0,2.485,3.0999999999999996,1.25,0.0,Low
82615,PINK MARSHMALLOW SCARF KNITTING KIT,36,91.8,1,1,2.55,91.8,36.0,0.02306805074971165,Low
82616B,FRAPPUCINO SCARF KNITTING KIT,343,502.74,73,35,1.9437333333333333,6.886849315068493,4.698630136986301,0.8073817762399077,Medium
82616C,MIDNIGHT GLAMOUR SCARF KNITTING KIT,324,501.44,85,40,1.9223529411764706,5.899294117647059,3.8117647058823527,0.922722029988466,Medium
84006,MAGIC TREE -PAPER FLOWERS,918,848.6999999999999,105,46,1.0551428571428572,8.082857142857142,8.742857142857142,1.061130334486736,High
84012,MAGIC SHEEP WOOL GROWING FROM PAPER,1265,1283.99,115,78,1.2425862068965516,11.16513043478261,11.0,1.799307958477509,High
84016,FLAG OF ST GEORGE CAR FLAG,27,12.16,2,1,0.625,6.08,13.5,0.02306805074971165,Low
84029E,RED WOOLLY HOTTIE WHITE HEART.,4734,22025.73,429,228,5.128721461187215,51.34202797202797,11.034965034965035,5.259515570934256,Very High
84029G,KNITTED UNION FLAG HOT WATER BOTTLE,3319,16148.04,459,211,5.203712446351931,35.18091503267974,7.230936819172113,4.867358708189158,Very High
84030E,ENGLISH ROSE HOT WATER BOTTLE,1497,6414.69,334,198,4.949702380952381,19.20565868263473,4.482035928143713,4.567474048442906,Very High
84030e,ENGLISH ROSE HOT WATER BOTTLE,108,877.76,41,0,8.488181818181818,21.40878048780488,2.6341463414634148,0.0,High
84031A,CHARLIE+LOLA RED HOT WATER BOTTLE ,430,1959.91,165,34,4.523454545454546,11.878242424242424,2.606060606060606,0.7843137254901961,High
84031B,CHARLIE LOLA BLUE HOT WATER BOTTLE ,303,1435.72,143,29,4.604758620689656,10.040000000000001,2.1188811188811187,0.6689734717416378,High
84031a,CHARLIE+LOLA RED HOT WATER BOTTLE ,1,16.63,1,0,16.63,16.63,1.0,0.0,Low
84031b,CHARLIE LOLA BLUE HOT WATER BOTTLE ,1,16.63,1,0,16.63,16.63,1.0,0.0,Low
84032A,CHARLIE+LOLA PINK HOT WATER BOTTLE,1003,3384.98,313,78,3.4974203821656054,10.814632587859425,3.2044728434504792,1.799307958477509,Very High
84032B,CHARLIE + LOLA RED HOT WATER BOTTLE,936,2421.59,255,106,3.1212451361867704,9.49643137254902,3.6705882352941175,2.445213379469435,Very High
84033,FLAG OF ST GEORGE ,23,37.95,7,7,1.65,5.421428571428572,3.2857142857142856,0.16147635524798157,Low
84050,PINK HEART SHAPE EGG FRYING PAN,3229,4753.53,256,139,2.165366795366795,18.5684765625,12.61328125,3.2064590542099194,Very High
84051,ASS COLOUR GLOWING TIARAS,281,215.21,25,24,0.8719230769230768,8.6084,11.24,0.5536332179930795,Medium
84077,WORLD WAR 2 GLIDERS ASSTD DESIGNS,54951,13814.009999999998,535,307,0.3207276119402985,25.820579439252334,102.71214953271028,7.081891580161476,Very High
84078A,SET/4 WHITE RETRO STORAGE CUBES ,415,16363.300000000001,155,79,45.23225806451613,105.56967741935485,2.6774193548387095,1.8223760092272203,Very High
84086B,YELLOW/BLUE RETRO RADIO,16,47.2,7,3,2.95,6.742857142857143,2.2857142857142856,0.06920415224913494,Low
84086C,PINK/PURPLE RETRO RADIO,218,622.27,53,13,2.970566037735849,11.740943396226415,4.113207547169812,0.29988465974625145,Medium
84192,ASSORTED COLOUR METAL CAT ,111,138.75,25,19,1.25,5.55,4.44,0.4382929642445213,Medium
84199,GLOW IN DARK DOLPHINS,138,28.98,31,28,0.21,0.9348387096774193,4.451612903225806,0.6459054209919263,Low
84201B,HAPPY BIRTHDAY CARD STRIPEY TEDDY,13,2.4699999999999998,2,2,0.19,1.2349999999999999,6.5,0.0461361014994233,Low
84201C,HAPPY BIRTHDAY CARD TEDDY/CAKE,5,0.95,1,1,0.19,0.95,5.0,0.02306805074971165,Low
84206A,3 BLACK CATS W HEARTS BLANK CARD,24,4.56,3,3,0.19000000000000003,1.5199999999999998,8.0,0.06920415224913494,Low
84206B,CAT WITH SUNGLASSES BLANK CARD,5,0.95,1,1,0.19,0.95,5.0,0.02306805074971165,Low
84206C,CHAMPAGNE TRAY BLANK CARD,8,1.52,2,2,0.19,0.76,4.0,0.0461361014994233,Low
84212,"ASSORTED FLOWER COLOUR ""LEIS""",10315,4934.87,111,72,0.8927927927927929,44.45828828828829,92.92792792792793,1.6608996539792389,Very High
84218,BOX/12 CHICK & EGG IN BASKET,123,223.11,41,37,1.9158536585365853,5.441707317073171,3.0,0.8535178777393311,Medium
84226,HEN HOUSE W FAMILY IN BARN & NEST,51,36.21,10,9,0.829,3.621,5.1,0.20761245674740486,Low
84227,HEN HOUSE W CHICK IN NEST,1,0.42,1,1,0.42,0.42,1.0,0.02306805074971165,Low
84228,HEN HOUSE W CHICK STANDING,297,124.09,27,16,0.5403703703703704,4.595925925925926,11.0,0.3690888119953864,Low
84231,EASTER BUNNY WITH BASKET ON BACK,108,72.63,20,13,0.7271428571428571,3.6315,5.4,0.29988465974625145,Low
84247E,PACK/12 XMAS FUN CARD,140,384.09000000000003,48,23,2.705,8.001875,2.9166666666666665,0.530565167243368,Medium
84247G,"DECOUPAGE,GREETING CARD,",357,158.63,32,17,0.5371874999999999,4.9571875,11.15625,0.39215686274509803,Medium
84247K,"FOLK ART GREETING CARD,pack/12",22,64.9,9,7,2.95,7.211111111111112,2.4444444444444446,0.16147635524798157,Low
84247L,FAWN AND MUSHROOM GREETING CARD,128,62.06,19,8,0.6605263157894736,3.2663157894736843,6.7368421052631575,0.1845444059976932,Low
84247N,PACK/12 BLUE FOLKART CARDS,22,64.9,18,16,2.95,3.605555555555556,1.2222222222222223,0.3690888119953864,Low
84249A,"GREETING CARD,SQUARE, DOUGHNUTS",174,80.46,27,12,0.6629629629629629,2.98,6.444444444444445,0.27681660899653976,Low
84251B,"GREETING CARD, STICKY GORDON",245,70.78,53,12,0.43150943396226416,1.3354716981132075,4.622641509433962,0.27681660899653976,Low
84251C,"GREETING CARD, TWO SISTERS.",127,53.879999999999995,40,2,0.5189999999999999,1.347,3.175,0.0461361014994233,Low
84251G,"GREETING CARD, OVERCROWDED POOL.",270,74.7,53,15,0.4033962264150943,1.409433962264151,5.09433962264151,0.34602076124567477,Low
84270,ASSTD DESIGN BUBBLE GUM RING,17,3.5700000000000003,4,0,0.21,0.8925000000000001,4.25,0.0,Low
84279B,CHERRY BLOSSOM DECORATIVE FLASK,192,774.7,69,48,4.5343478260869565,11.22753623188406,2.782608695652174,1.107266435986159,High
84279P,CHERRY BLOSSOM  DECORATIVE FLASK,377,1565.71,126,79,4.856771653543307,12.426269841269841,2.992063492063492,1.8223760092272203,High
84306,S/3 PINK SQUARE PLANTERS ROSES,10,88.22,9,2,8.88111111111111,9.802222222222222,1.1111111111111112,0.0461361014994233,Low
84313B,BLUE TV TRAY TABLE ,127,518.61,39,6,6.107435897435898,13.297692307692309,3.2564102564102564,0.13840830449826988,Medium
84313C,ORANGE TV TRAY TABLE ,504,1165.9099999999999,43,17,3.9976744186046513,27.114186046511623,11.720930232558139,0.39215686274509803,High
84341B,SMALL PINK MAGIC CHRISTMAS TREE,645,282.38,40,30,0.6804878048780487,7.0595,16.125,0.6920415224913495,Medium
84347,ROTATING SILVER ANGELS T-LIGHT HLDR,9461,26425.579999999998,449,192,3.415258620689655,58.85429844097995,21.071269487750556,4.429065743944636,Very High
84352,SILVER CHRISTMAS TREE BAUBLE STAND ,34,577.35,23,14,17.517391304347825,25.10217391304348,1.4782608695652173,0.32295271049596314,Medium
84356,POMPOM CURTAIN,424,2124.15,82,32,6.083414634146342,25.90426829268293,5.170731707317073,0.7381776239907728,High
84358,FLOOR LAMP SHADE WOOD BASE,33,312.7,13,6,10.543076923076923,24.053846153846152,2.5384615384615383,0.13840830449826988,Medium
84360,TABLE LAMP WHITE SHADE WOOD BASE,78,434.12,20,9,6.554,21.706,3.9,0.20761245674740486,Medium
84375,SET OF 20 KIDS COOKIE CUTTERS,4311,9383.150000000001,517,290,2.518560460652591,18.149226305609286,8.338491295938104,6.6897347174163775,Very High
84378,SET OF 3 HEART COOKIE CUTTERS,6332,8518.4,685,376,1.6291907514450867,12.435620437956203,9.243795620437956,8.673587081891581,Very High
84380,SET OF 3 BUTTERFLY COOKIE CUTTERS,5799,8153.5599999999995,688,325,1.7178818443804036,11.85110465116279,8.428779069767442,7.497116493656286,Very High
84387A,BIRD ON BRANCH CANVAS SCREEN,11,21.45,1,1,1.95,21.45,11.0,0.02306805074971165,Low
84388,WISE MAN STAR SHAPE EGG PAN,24,13.139999999999999,6,6,1.02,2.19,4.0,0.13840830449826988,Low
84402B,PURPLE DRESS JEWELLERY STAND,61,48.19,3,3,0.79,16.063333333333333,20.333333333333332,0.06920415224913494,Low
84406B,CREAM CUPID HEARTS COAT HANGER,2015,7653.17,284,133,4.311608391608392,26.947781690140847,7.095070422535211,3.068050749711649,Very High
84415A,PINK FLOCK SUEDE CUSHION COVER ,12,15.0,2,2,1.25,7.5,6.0,0.0461361014994233,Low
84415B,BLUE FLOCK CUSHION COVER ,8,20.0,3,2,2.9166666666666665,6.666666666666667,2.6666666666666665,0.0461361014994233,Low
84422,PINK/BLUE DISC/MIRROR STRING,566,244.16999999999996,15,8,0.9513333333333333,16.278,37.733333333333334,0.1845444059976932,Medium
84429A,MEDIUM PINK BUDDHA HEAD ,54,182.50000000000003,21,13,3.913809523809524,8.690476190476192,2.5714285714285716,0.29988465974625145,Medium
84452,METAL RABBIT LADDER EASTER ,74,62.9,16,14,0.85,3.93125,4.625,0.32295271049596314,Low
84457,SET/3 RABBITS FLOWER SKIPPPING ROPE,126,112.55999999999999,26,21,0.9944444444444444,4.329230769230769,4.846153846153846,0.4844290657439446,Low
84459A,PINK METAL CHICKEN HEART ,716,1058.18,91,50,2.2159574468085106,11.628351648351648,7.868131868131868,1.1534025374855825,High
84459B,YELLOW METAL CHICKEN HEART ,721,1079.67,91,54,2.0770652173913042,11.864505494505496,7.923076923076923,1.245674740484429,High
84461,12 PINK HEN+CHICKS IN BASKET,41,104.55,14,13,2.55,7.4678571428571425,2.9285714285714284,0.29988465974625145,Low
84462,3 PINK HEN+CHICKS IN BASKET,12,15.0,6,6,1.25,2.5,2.0,0.13840830449826988,Low
84465,15 PINK FLUFFY CHICKS IN BOX,10,29.5,7,7,2.95,4.214285714285714,1.4285714285714286,0.16147635524798157,Low
84466,TOP SECRET PEN SET,46,57.5,10,8,1.25,5.75,4.6,0.1845444059976932,Low
84497,BUTTONS AND STRIPES NOTEBOOK ,13,48.75,7,7,3.75,6.964285714285714,1.8571428571428572,0.16147635524798157,Low
84499,BLACK FLOWER CANDLE PLATE,7,5.949999999999999,2,2,0.85,2.9749999999999996,3.5,0.0461361014994233,Low
84507B,STRIPES DESIGN MONKEY DOLL,39,118.73,22,10,3.4263636363636363,5.396818181818182,1.7727272727272727,0.2306805074971165,Low
84507C,BLUE CIRCLES DESIGN MONKEY DOLL,66,175.73,28,11,2.806206896551724,6.276071428571428,2.357142857142857,0.2537485582468281,Medium
84508A,CAMOUFLAGE DESIGN TEDDY,1631,3448.05,36,17,2.4124999999999996,95.77916666666667,45.30555555555556,0.39215686274509803,Very High
84508B,STRIPES DESIGN TEDDY,56,142.79999999999998,30,21,2.55,4.76,1.8666666666666667,0.4844290657439446,Medium
84508C,BLUE CIRCLES DESIGN TEDDY,56,154.95,25,14,3.0359999999999996,6.1979999999999995,2.24,0.32295271049596314,Medium
84509A,SET OF 4 ENGLISH ROSE PLACEMATS,896,3417.28,230,103,4.501217391304348,14.857739130434783,3.8956521739130436,2.3760092272203,Very High
84509B,SET OF 4 FAIRY CAKE PLACEMATS,217,806.04,79,37,3.8036250000000003,10.203037974683545,2.7468354430379747,0.8535178777393311,High
84509C,SET OF 4 POLKADOT PLACEMATS ,130,498.94,51,20,4.149019607843137,9.78313725490196,2.549019607843137,0.461361014994233,Medium
84509E,SET OF 4 CAROUSEL PLACEMATS ,91,183.45,23,7,3.5413043478260873,7.976086956521739,3.9565217391304346,0.16147635524798157,Medium
84509G,SET OF 4 FAIRY CAKE PLACEMATS ,517,950.49,66,42,3.0195454545454545,14.401363636363637,7.833333333333333,0.9688581314878892,High
84509a,SET OF 4 ENGLISH ROSE PLACEMATS,104,775.84,68,0,7.46,11.409411764705883,1.5294117647058822,0.0,High
84509b,SET OF 4 FAIRY CAKE PLACEMATS,5,37.3,4,0,7.46,9.325,1.25,0.0,Low
84509c,SET OF 4 POLKADOT PLACEMATS ,43,322.22,27,0,7.495555555555556,11.934074074074076,1.5925925925925926,0.0,Medium
84509g,SET OF 4 FAIRY CAKE PLACEMATS ,2,14.92,2,0,7.46,7.46,1.0,0.0,Low
84510A,SET OF 4 ENGLISH ROSE COASTERS,1196,1630.32,239,100,1.7437759336099585,6.821422594142259,5.00418410041841,2.306805074971165,High
84510C,SET OF 4 POLKADOT COASTERS,132,211.32999999999998,54,25,1.7924074074074072,3.913518518518518,2.4444444444444446,0.5767012687427913,Medium
84510E,SET OF 4 GREEN CAROUSEL COASTERS,34,48.29,16,9,1.655625,3.018125,2.125,0.20761245674740486,Low
84510a,SET OF 4 ENGLISH ROSE COASTERS,53,130.48,40,0,2.4625,3.2619999999999996,1.325,0.0,Medium
84510c,SET OF 4 POLKADOT COASTERS,40,98.7,23,0,2.468695652173913,4.291304347826087,1.7391304347826086,0.0,Low
84510e,SET OF 4 GREEN CAROUSEL COASTERS,1,2.46,1,0,2.46,2.46,1.0,0.0,Low
84519A,TOMATO CHARLIE+LOLA COASTER SET,512,905.5500000000001,88,45,2.508522727272727,10.29034090909091,5.818181818181818,1.0380622837370241,High
84519B,CARROT CHARLIE+LOLA COASTER SET,471,773.3,126,63,2.3733858267716537,6.137301587301587,3.738095238095238,1.453287197231834,High
84520B,PACK 20 ENGLISH ROSE PAPER NAPKINS,554,508.36999999999995,80,51,1.1018518518518519,6.3546249999999995,6.925,1.1764705882352942,Medium
84522,PINK PARTY SUNGLASSES,20,36.76,12,6,1.8166666666666667,3.063333333333333,1.6666666666666667,0.13840830449826988,Low
84527,FLAMES SUNGLASSES PINK LENSES,52,95.10000000000001,8,6,2.145,11.887500000000001,6.5,0.13840830449826988,Low
84531A,PINK KNITTED EGG COSY,147,76.69,29,24,0.6940000000000001,2.6444827586206894,5.068965517241379,0.5536332179930795,Low
84531B,BLUE KNITTED EGG COSY,155,85.61,28,24,0.7000000000000001,3.0575,5.535714285714286,0.5536332179930795,Low
84534B,FAIRY CAKE NOTEBOOK A5 SIZE,53,50.72,10,5,1.255,5.072,5.3,0.11534025374855825,Low
84534b,FAIRY CAKE NOTEBOOK A5 SIZE,2,3.32,2,0,1.66,1.66,1.0,0.0,Low
84535A,ENGLISH ROSE NOTEBOOK A6 SIZE,399,186.56,21,19,0.6776190476190477,8.883809523809523,19.0,0.4382929642445213,Medium
84535B,FAIRY CAKES NOTEBOOK A6 SIZE,1332,850.2,155,80,0.9028205128205128,5.485161290322581,8.593548387096774,1.845444059976932,High
84536A,ENGLISH ROSE NOTEBOOK A7 SIZE,3138,1409.8999999999999,341,140,0.5375652173913043,4.134604105571847,9.20234604105572,3.229527104959631,High
84536B,FAIRY CAKES NOTEBOOK A7 SIZE,2102,888.14,178,74,0.5553631284916201,4.989550561797753,11.808988764044944,1.7070357554786622,High
84536a,ENGLISH ROSE NOTEBOOK A7 SIZE,14,11.060000000000002,4,0,0.79,2.7650000000000006,3.5,0.0,Low
84536b,FAIRY CAKES NOTEBOOK A7 SIZE,5,4.050000000000001,1,0,0.81,4.050000000000001,5.0,0.0,Low
84539,KNITTED RABBIT DOLL ,26,42.9,2,1,1.65,21.45,13.0,0.02306805074971165,Low
84548,CROCHET BEAR RED/BLUE  KEYRING,22,36.3,4,3,1.65,9.075,5.5,0.06920415224913494,Low
84549,CROCHET WHITE RABBIT KEYRING ,38,69.38,7,3,2.5585714285714287,9.911428571428571,5.428571428571429,0.06920415224913494,Low
84550,CROCHET LILAC/RED BEAR KEYRING,1,1.65,1,1,1.65,1.65,1.0,0.02306805074971165,Low
84551,CROCHET DOG KEYRING,13,21.45,2,1,1.65,10.725,6.5,0.02306805074971165,Low
84558A,3D DOG PICTURE PLAYING CARDS,333,987.4100000000001,81,49,3.1163414634146345,12.190246913580248,4.111111111111111,1.130334486735871,High
84558a,3D DOG PICTURE PLAYING CARDS,5,29.310000000000002,5,0,5.862,5.862,1.0,0.0,Low
84559A,3D SHEET OF DOG STICKERS,397,375.61,94,34,1.1461702127659574,3.9958510638297873,4.223404255319149,0.7843137254901961,Medium
84559B,3D SHEET OF CAT STICKERS,237,217.29,55,36,1.0139285714285715,3.9507272727272724,4.3090909090909095,0.8304498269896194,Medium
84559a,3D SHEET OF DOG STICKERS,29,48.379999999999995,22,0,1.6695454545454544,2.1990909090909088,1.3181818181818181,0.0,Low
84559b,3D SHEET OF CAT STICKERS,23,38.33,20,0,1.666,1.9164999999999999,1.15,0.0,Low
84562A,PINK/WHITE RIBBED MELAMINE JUG,3,23.85,3,2,7.95,7.95,1.0,0.0461361014994233,Low
84563A,PINK & WHITE BREAKFAST TRAY,96,369.84000000000003,35,11,4.716285714285714,10.566857142857144,2.742857142857143,0.2537485582468281,Medium
84563B,BLUE & WHITE BREAKFAST TRAY,94,346.3,38,18,4.016315789473684,9.113157894736842,2.473684210526316,0.4152249134948097,Medium
84568,GIRLS ALPHABET IRON ON PATCHES ,12442,2678.33,147,18,0.3868027210884354,18.219931972789116,84.63945578231292,0.4152249134948097,Very High
84569A,PACK 3 IRON ON DOG PATCHES,294,355.84,65,26,1.2592307692307692,5.474461538461538,4.523076923076923,0.5997693194925029,Medium
84569B,PACK 3 FIRE ENGINE/CAR PATCHES,85,118.4,19,11,1.7621052631578946,6.231578947368422,4.473684210526316,0.2537485582468281,Low
84569C,PACK 4 FLOWER/BUTTERFLY PATCHES,1,1.25,1,1,1.25,1.25,1.0,0.02306805074971165,Low
84569D,PACK 6 HEART/ICE-CREAM PATCHES,467,560.62,98,32,1.3740816326530612,5.720612244897959,4.76530612244898,0.7381776239907728,Medium
84575A,PINK DOG CANNISTER,14,39.3,4,4,3.95,9.825,3.5,0.0922722029988466,Low
84576,BLUE CAT BISCUIT BARREL PINK HEART,66,148.32,17,8,2.975882352941176,8.724705882352941,3.8823529411764706,0.1845444059976932,Medium
84580,MOUSE TOY WITH PINK T-SHIRT,389,1482.43,165,91,3.863053892215569,8.984424242424243,2.3575757575757574,2.09919261822376,High
84581,DOG TOY WITH PINK CROCHET SKIRT,187,709.71,90,60,3.844,7.885666666666667,2.077777777777778,1.384083044982699,High
84584,PINK GINGHAM CAT WITH SCARF,144,314.51,30,18,2.2963333333333336,10.483666666666666,4.8,0.4152249134948097,Medium
84592,CROCHET ROSE PURSE WITH SUEDE BACK,76,241.24000000000004,22,15,3.5954545454545457,10.965454545454547,3.4545454545454546,0.34602076124567477,Medium
84593,CROCHET ROSE DES CLOTHES HANGER,5,14.750000000000002,1,1,2.95,14.750000000000002,5.0,0.02306805074971165,Low
84595E,LARGE TORTILLA DESIGN RED BOWL,78,154.68,22,8,2.7563636363636363,7.030909090909091,3.5454545454545454,0.1845444059976932,Medium
84596B,SMALL DOLLY MIX DESIGN ORANGE BOWL,5023,2547.42,522,189,0.614593572778828,4.880114942528736,9.622605363984674,4.359861591695502,Very High
84596E,SMALL LICORICE DES PINK BOWL,564,411.68,79,33,0.9810126582278481,5.211139240506329,7.139240506329114,0.7612456747404844,Medium
84596F,SMALL MARSHMALLOWS PINK BOWL,3732,1943.62,435,166,0.631554054054054,4.468091954022988,8.579310344827586,3.829296424452134,High
84596G,SMALL CHOCOLATES PINK BOWL,1855,949.0799999999999,245,84,0.6263967611336032,3.8737959183673465,7.571428571428571,1.9377162629757785,High
84596J,MIXED NUTS LIGHT GREEN BOWL,568,296.45,68,21,0.8294117647058823,4.359558823529412,8.352941176470589,0.4844290657439446,Medium
84596L,BISCUITS SMALL BOWL LIGHT BLUE,1254,629.38,172,49,0.7058720930232558,3.659186046511628,7.290697674418604,1.130334486735871,Medium
84596b,SMALL DOLLY MIX DESIGN ORANGE BOWL,7,17.57,5,0,2.51,3.5140000000000002,1.4,0.0,Low
84596e,SMALL LICORICE DES PINK BOWL,10,25.099999999999998,6,0,2.51,4.183333333333333,1.6666666666666667,0.0,Low
84596f,SMALL MARSHMALLOWS PINK BOWL,16,39.36,12,0,2.46,3.28,1.3333333333333333,0.0,Low
84596g,SMALL CHOCOLATES PINK BOWL,3,7.38,1,0,2.46,7.38,3.0,0.0,Low
84596l,BISCUITS SMALL BOWL LIGHT BLUE,1,2.46,1,0,2.46,2.46,1.0,0.0,Low
84597B,RETRO BROWN BALL ASHTRAY ,41,51.25,5,3,1.25,10.25,8.2,0.06920415224913494,Low
84597C,RETRO PINK BALL ASHTRAY ,46,57.5,13,11,1.25,4.423076923076923,3.5384615384615383,0.2537485582468281,Low
84598,BOYS ALPHABET IRON ON PATCHES,1975,546.04,99,5,0.38494949494949493,5.515555555555555,19.949494949494948,0.11534025374855825,Medium
84600,NEW BAROQUE JEWELLERY BOX ,53,446.89,25,16,9.4516,17.8756,2.12,0.3690888119953864,Medium
84609,TALL ROCOCO CANDLE HOLDER,93,770.59,20,16,9.6295,38.5295,4.65,0.3690888119953864,High
84613A,PINK NEW BAROQUE FLOCK CANDLESTICK,6,27.9,3,3,4.65,9.299999999999999,2.0,0.06920415224913494,Low
84613C,BLUE NEW BAROQUE FLOCK CANDLESTICK,1,4.65,1,1,4.65,4.65,1.0,0.02306805074971165,Low
84614A,PINK BAROQUE FLOCK CANDLE HOLDER,2,11.9,1,1,5.95,11.9,2.0,0.02306805074971165,Low
84616,SILVER ROCCOCO CHANDELIER,14,504.32,9,6,39.39666666666667,56.035555555555554,1.5555555555555556,0.13840830449826988,Medium
84617,NEW BAROQUE BLACK BOXES,3,38.25,3,3,12.75,12.75,1.0,0.06920415224913494,Low
84620,BLUE GINGHAM ROSE CUSHION COVER,2,11.9,1,1,5.95,11.9,2.0,0.02306805074971165,Low
84625A,PINK NEW BAROQUECANDLESTICK CANDLE,478,605.48,42,24,2.6080952380952382,14.416190476190476,11.380952380952381,0.5536332179930795,Medium
84625C,BLUE NEW BAROQUE CANDLESTICK CANDLE,449,536.41,35,20,2.384857142857143,15.325999999999999,12.82857142857143,0.461361014994233,Medium
84629,WHITE 3 FRAME BIRDS AND TREE ,20,150.0,10,10,10.05,15.0,2.0,0.2306805074971165,Medium
84631,FRUIT TREE AND BIRDS WALL PLAQUE,40,340.58,24,7,8.713333333333333,14.190833333333332,1.6666666666666667,0.16147635524798157,Medium
84632,DECORATIVE HANGING SHELVING UNIT,6,359.70000000000005,5,5,59.95,71.94000000000001,1.2,0.11534025374855825,Medium
84637,KITCHEN FLOWER POTS WALL PLAQUE,116,619.59,83,11,5.3020481927710845,7.464939759036145,1.3975903614457832,0.2537485582468281,Medium
84638,SMALL KITCHEN FLOWER POTS PLAQUE,50,331.5,37,11,6.668918918918919,8.95945945945946,1.3513513513513513,0.2537485582468281,Medium
84658,WHITE STITCHED CUSHION COVER,57,412.23,22,14,7.2995652173913035,18.737727272727273,2.590909090909091,0.32295271049596314,Medium
84659A,WHITE TRAVEL ALARM CLOCK,280,676.27,89,19,2.4769662921348314,7.5985393258426965,3.146067415730337,0.4382929642445213,Medium
84660A,WHITE STITCHED WALL CLOCK,843,783.45,42,30,1.6857142857142857,18.65357142857143,20.071428571428573,0.6920415224913495,High
84660B,BLACK STITCHED WALL CLOCK,707,733.28,40,20,2.104,18.332,17.675,0.461361014994233,High
84660C,PINK STITCHED WALL CLOCK,661,693.32,45,20,2.494666666666667,15.407111111111112,14.688888888888888,0.461361014994233,High
84660a,WHITE STITCHED WALL CLOCK,4,29.84,2,0,7.46,14.92,2.0,0.0,Low
84660b,BLACK STITCHED WALL CLOCK,2,15.08,2,0,7.54,7.54,1.0,0.0,Low
84660c,PINK STITCHED WALL CLOCK,18,134.92,16,0,7.5,8.4325,1.125,0.0,Medium
84661A,WHITE SQUARE TABLE CLOCK,104,167.79,20,10,2.7855,8.3895,5.2,0.2306805074971165,Medium
84661B,BLACK SQUARE TABLE CLOCK,115,300.24,29,10,3.3796551724137927,10.353103448275862,3.9655172413793105,0.2306805074971165,Medium
84661C,PINK SQUARE TABLE CLOCK,71,104.84,14,5,3.015,7.488571428571428,5.071428571428571,0.11534025374855825,Low
84661a,WHITE SQUARE TABLE CLOCK,1,4.96,1,0,4.96,4.96,1.0,0.0,Low
84661b,BLACK SQUARE TABLE CLOCK,1,4.96,1,0,4.96,4.96,1.0,0.0,Low
84663A,GRASS HOPPER WOODEN WALL CLOCK ,272,374.12,34,21,2.9629411764705886,11.003529411764706,8.0,0.4844290657439446,Medium
84665,SQUARE CHERRY BLOSSOM CABINET,105,624.75,17,14,5.95,36.75,6.176470588235294,0.32295271049596314,Medium
84666,SQUARE CHERRY BLOSSOM CABINET,24,94.80000000000001,4,4,3.95,23.700000000000003,6.0,0.0922722029988466,Low
84673A,PINK FLY SWAT,92,63.72,43,21,0.7040909090909091,1.481860465116279,2.13953488372093,0.4844290657439446,Low
84673B,BLUE FLY SWAT,179,156.63,66,31,0.9283333333333333,2.373181818181818,2.712121212121212,0.7151095732410611,Medium
84674,FLYING PIG WATERING CAN,193,466.95000000000005,47,31,3.2604166666666665,9.935106382978724,4.1063829787234045,0.7151095732410611,Medium
84675,FROG KING WATERING CAN,9,26.55,2,2,2.95,13.275,4.5,0.0461361014994233,Low
84678,CLASSICAL ROSE SMALL VASE,142,247.04,13,10,2.813846153846154,19.00307692307692,10.923076923076923,0.2306805074971165,Medium
84679,CLASSICAL ROSE TABLE LAMP,6,55.7,2,2,11.95,27.85,3.0,0.0461361014994233,Low
84683,CLASSICAL ROSE CANDLESTAND,194,162.20000000000002,12,6,1.5075,13.516666666666667,16.166666666666668,0.13840830449826988,Medium
84685,BEACH HUT KEY CABINET,34,177.33,21,6,5.938571428571429,8.444285714285716,1.619047619047619,0.13840830449826988,Medium
84686,BEACH HUT MIRROR,49,66.39,8,7,2.9525,8.29875,6.125,0.16147635524798157,Low
84687,BEACH HUT SHELF W 3 DRAWERS,81,504.43,31,16,7.804193548387097,16.27193548387097,2.6129032258064515,0.3690888119953864,Medium
84688,BEACH HUT DESIGN BLACKBOARD,41,203.07,15,7,6.171333333333333,13.538,2.7333333333333334,0.16147635524798157,Medium
84689,S/2 BEACH HUT TREASURE CHESTS,3,9.95,2,2,3.975,4.975,1.5,0.0461361014994233,Low
84691,PACK 20 DOLLY PEGS,242,174.5,4,2,0.7525,43.625,60.5,0.0461361014994233,Medium
84692,BOX OF 24 COCKTAIL PARASOLS,7903,4327.38,583,209,0.6784745762711863,7.422607204116638,13.5557461406518,4.821222606689735,Very High
84705C,PINK FLOCK PHOTO FRAME ,12,15.0,1,1,1.25,15.0,12.0,0.02306805074971165,Low
84706D,CHERRY BLOSSOM TABLE CLOCK ,8,29.599999999999998,4,3,3.6999999999999997,7.3999999999999995,2.0,0.06920415224913494,Low
84706F,RED PEONY TABLE CLOCK,16,47.2,10,9,2.95,4.720000000000001,1.6,0.20761245674740486,Low
84707A,SILVER JEWELLED MIRROR TRINKET TRAY,95,695.23,45,21,9.787555555555555,15.449555555555555,2.111111111111111,0.4844290657439446,High
84707B,PINK JEWELLED MIRROR TRINKET TRAY,34,210.54999999999998,18,13,8.18611111111111,11.697222222222221,1.8888888888888888,0.29988465974625145,Medium
84708B,PINK JEWELLED PHOTO FRAME ,62,326.35,19,13,5.931052631578948,17.176315789473687,3.263157894736842,0.29988465974625145,Medium
84709B,PINK OVAL JEWELLED MIRROR,20,119.0,11,11,5.95,10.818181818181818,1.8181818181818181,0.2537485582468281,Low
84711A,SILVER OVAL SHAPE TRINKET BOX,25,221.8,17,7,8.609411764705882,13.047058823529412,1.4705882352941178,0.16147635524798157,Medium
84711B,PINK OVAL SHAPE TRINKET BOX,20,186.64,13,7,8.999230769230769,14.356923076923076,1.5384615384615385,0.16147635524798157,Medium
84712B,PINK JEWELLED PHOTO FRAME,30,231.56,20,9,7.6825,11.578,1.5,0.20761245674740486,Medium
84715,SET OF 6 ICE CREAM SKITTLES,16,47.2,3,3,2.9500000000000006,15.733333333333334,5.333333333333333,0.06920415224913494,Low
84723,CHERRY BLOSSOM CANVAS ART PICTURE,41,97.95,6,5,3.9499999999999997,16.325,6.833333333333333,0.11534025374855825,Low
84725,FREESTYLE CANVAS ART PICTURE,41,39.65,18,16,1.2444444444444445,2.2027777777777775,2.2777777777777777,0.3690888119953864,Low
84731,3 BIRDS CANVAS SCREEN,2,2.04,2,2,1.02,1.02,1.0,0.0461361014994233,Low
84732B,CUTE BIRD CEATURE SCREEN,22,8.58,2,2,0.39,4.29,11.0,0.0461361014994233,Low
84732D,CUTE RABBIT CEATURE SCREEN ,11,4.29,2,2,0.39,2.145,5.5,0.0461361014994233,Low
84741C,CITRUS GARLAND FELT FLOWERS ,60,117.0,14,14,1.95,8.357142857142858,4.285714285714286,0.32295271049596314,Low
84743C,ORANGE FELT VASE + FLOWERS,1,1.25,1,1,1.25,1.25,1.0,0.02306805074971165,Low
84744,S/6 SEW ON CROCHET FLOWERS,110,140.02,20,17,1.376,7.001,5.5,0.39215686274509803,Medium
84745A,PINK HANGING GINGHAM EASTER HEN,32,13.44,5,5,0.42000000000000004,2.6879999999999997,6.4,0.11534025374855825,Low
84745B,BLUE HANGING GINGHAM EASTER HEN,32,13.44,5,5,0.42000000000000004,2.6879999999999997,6.4,0.11534025374855825,Low
84746,PINK EASTER HENS+FLOWER,14,38.31,9,1,2.6033333333333335,4.256666666666667,1.5555555555555556,0.02306805074971165,Low
84748,FOLK FELT HANGING MULTICOL GARLAND,204,570.86,61,7,3.2162295081967214,9.358360655737705,3.3442622950819674,0.16147635524798157,Medium
84750A,PINK SMALL GLASS CAKE STAND,24,46.8,1,1,1.95,46.8,24.0,0.02306805074971165,Low
84750B,BLACK SMALL GLASS CAKE STAND,61,54.99,12,12,1.17,4.5825000000000005,5.083333333333333,0.27681660899653976,Low
84751B,BLACK MEDIUM GLASS CAKE STAND,17,37.11,8,8,1.9,4.63875,2.125,0.1845444059976932,Low
84754,S/15 SILVER GLASS BAUBLES IN BAG,558,725.52,62,35,1.7536507936507935,11.701935483870967,9.0,0.8073817762399077,High
84755,COLOUR GLASS T-LIGHT HOLDER HANGING,16401,10487.050000000001,621,318,0.7275401929260451,16.887359098228664,26.41062801932367,7.335640138408304,Very High
84760S,SMALL HANGING GLASS+ZINC LANTERN,43,62.349999999999994,8,8,1.45,7.793749999999999,5.375,0.1845444059976932,Low
84763,ZINC FINISH 15CM PLANTER POTS,601,748.34,57,39,1.4157894736842105,13.128771929824563,10.543859649122806,0.8996539792387545,High
84766,SILVER ROCOCO CANDLE STICK,146,340.7,14,11,3.3785714285714286,24.335714285714285,10.428571428571429,0.2537485582468281,Medium
84773,RED ROSE AND LACE C/COVER,3,8.850000000000001,1,1,2.95,8.850000000000001,3.0,0.02306805074971165,Low
84789,ENCHANTED BIRD PLANT CAGE,186,640.72,48,33,4.039791666666667,13.348333333333334,3.875,0.7612456747404844,Medium
84792,ENCHANTED BIRD COATHANGER 5 HOOK,833,3974.32,241,125,5.533209876543211,16.490954356846473,3.4564315352697097,2.883506343713956,Very High
84795B,SUNSET CHECK HAMMOCK,176,1390.64,48,33,9.090833333333334,28.971666666666668,3.6666666666666665,0.7612456747404844,High
84795C,OCEAN STRIPE HAMMOCK ,2,15.9,1,1,7.95,15.9,2.0,0.02306805074971165,Low
84795b,SUNSET CHECK HAMMOCK,16,266.78,14,0,16.654999999999998,19.055714285714284,1.1428571428571428,0.0,Medium
84796A,PINK HAWAIIAN PICNIC HAMPER FOR 2,61,568.13,43,10,9.327209302325581,13.21232558139535,1.4186046511627908,0.2306805074971165,Medium
84796B,BLUE SAVANNAH PICNIC HAMPER FOR 2,256,2393.5899999999997,124,16,9.261209677419354,19.30314516129032,2.064516129032258,0.3690888119953864,Very High
84796a,PINK HAWAIIAN PICNIC HAMPER FOR 2,17,141.10999999999999,12,0,8.305,11.759166666666665,1.4166666666666667,0.0,Medium
84798A,PINK FOXGLOVE ARTIIFCIAL FLOWER,23,58.64999999999999,4,3,2.55,14.662499999999998,5.75,0.06920415224913494,Low
84798B,PURPLE FOXGLOVE ARTIIFCIAL FLOWER,11,28.05,3,2,2.55,9.35,3.6666666666666665,0.0461361014994233,Low
84799,SPRIG LAVENDER ARTIFICIAL FLOWER,224,160.48,10,9,1.001,16.048,22.4,0.20761245674740486,Medium
84800L,LARGE WHITE/PINK ROSE ART FLOWER,360,639.36,22,20,1.9245454545454548,29.061818181818182,16.363636363636363,0.461361014994233,Medium
84800M,MEDIUM WHITE/PINK ROSE ART FLOWER,127,174.31,11,11,1.5372727272727273,15.846363636363636,11.545454545454545,0.2537485582468281,Medium
84800S,SMALL WHITE/PINK ROSE ART FLOWER,107,120.07,9,9,1.2077777777777778,13.341111111111111,11.88888888888889,0.20761245674740486,Low
84801A,PINK HYDRANGEA ART FLOWER,46,96.60000000000001,5,5,2.1,19.32,9.2,0.11534025374855825,Low
84801B,WHITE HYDRANGEA ART FLOWER,22,46.2,3,3,2.1,15.4,7.333333333333333,0.06920415224913494,Low
84802A,WHITE ANEMONE ARTIFICIAL FLOWER,2,3.38,1,1,1.69,3.38,2.0,0.02306805074971165,Low
84802B,PURPLE ANEMONE ARTIFICIAL FLOWER,4,6.76,1,1,1.69,6.76,4.0,0.02306805074971165,Low
84803A,PINK ALLIUM  ARTIFICIAL FLOWER,3,5.07,1,0,1.69,5.07,3.0,0.0,Low
84803B,WHITE ALLIUM  ARTIFICIAL FLOWER,17,28.73,4,3,1.69,7.1825,4.25,0.06920415224913494,Low
84804A,CREAM DELPHINIUM ARTIFICIAL FLOWER,70,180.58,8,8,2.68,22.5725,8.75,0.1845444059976932,Medium
84804B,BLUE DELPHINIUM ARTIFICIAL FLOWER,99,188.37000000000003,6,6,2.23,31.395000000000007,16.5,0.13840830449826988,Medium
84805A,CREAM CLIMBING HYDRANGA ART FLOWER,32,60.0,4,3,2.5,15.0,8.0,0.06920415224913494,Low
84805B,BLUE CLIMBING HYDRANGA ART FLOWER,38,52.5,3,3,2.0833333333333335,17.5,12.666666666666666,0.06920415224913494,Low
84806A,PINK CANDYSTUFT ARTIFICIAL FLOWER,137,96.88999999999999,11,11,1.0645454545454545,8.808181818181817,12.454545454545455,0.2537485582468281,Low
84806B,WHITE CANDYSTUFT ARTIFICIAL FLOWER,308,411.55999999999995,20,18,1.387,20.577999999999996,15.4,0.4152249134948097,Medium
84809A,WHITE CHRYSANTHEMUMS ART FLOWER,55,115.5,8,5,2.1,14.4375,6.875,0.11534025374855825,Low
84809B,PINK CHRYSANTHEMUMS ART FLOWER,18,37.8,1,1,2.1,37.8,18.0,0.02306805074971165,Low
84813,SET OF 4 DIAMOND NAPKIN RINGS,166,1393.79,38,20,10.532105263157895,36.67868421052631,4.368421052631579,0.461361014994233,High
84816,DANISH ROSE BEDSIDE CABINET,13,519.35,10,10,39.95,51.935,1.3,0.2306805074971165,Medium
84817,DANISH ROSE DECORATIVE PLATE,951,710.64,55,48,1.4351785714285714,12.920727272727273,17.29090909090909,1.107266435986159,High
84818,DANISH ROSE PHOTO FRAME,1423,1460.81,99,79,1.3489898989898987,14.755656565656565,14.373737373737374,1.8223760092272203,High
84819,DANISH ROSE ROUND SEWING BOX,811,951.79,62,56,2.2196774193548388,15.351451612903226,13.080645161290322,1.2918108419838525,High
84820,DANISH ROSE TRINKET TRAYS,259,483.05,31,31,3.877741935483871,15.582258064516129,8.35483870967742,0.7151095732410611,Medium
84821,DANISH ROSE DELUXE COASTER,935,407.15,40,35,0.614390243902439,10.178749999999999,23.375,0.8073817762399077,Medium
84823,DANISH ROSE FOLDING CHAIR,112,890.4000000000001,25,25,7.95,35.61600000000001,4.48,0.5767012687427913,High
84824,DANISH ROSE UMBRELLA STAND,2,31.9,2,2,15.95,15.95,1.0,0.0461361014994233,Low
84826,ASSTD DESIGN 3D PAPER STICKERS,1162,389.38,31,28,0.5578787878787879,12.560645161290322,37.483870967741936,0.6459054209919263,Medium
84827,ASS DES PHONE SPONGE CRAFT STICKER,509,153.09,14,12,0.465,10.935,36.357142857142854,0.27681660899653976,Medium
84828,JUNGLE POPSICLES ICE LOLLY HOLDERS,1099,1536.3600000000001,182,82,1.6410326086956522,8.441538461538462,6.038461538461538,1.8915801614763552,High
84832,ZINC WILLIE WINKIE  CANDLE STICK,2933,2712.7,268,137,1.0908487084870848,10.122014925373133,10.944029850746269,3.160322952710496,Very High
84836,ZINC METAL HEART DECORATION,5937,7418.07,535,311,1.3647155963302753,13.865551401869158,11.097196261682242,7.174163783160322,Very High
84840,SWEETHEART CARRY-ALL BASKET,6,76.44,6,3,12.74,12.74,1.0,0.06920415224913494,Low
84842,HELLO SAILOR BATHROOM SET,14,52.5,9,8,3.75,5.833333333333333,1.5555555555555556,0.1845444059976932,Low
84843,WHITE SOAP RACK WITH 2 BOTTLES,172,969.8000000000001,48,36,6.570816326530613,20.20416666666667,3.5833333333333335,0.8304498269896194,High
84846A,SCENTED CANDLE IN DIGITALIS TIN,56,126.04,13,9,2.5869230769230773,9.695384615384615,4.3076923076923075,0.20761245674740486,Low
84847,FLORAL BATHROOM SET,20,75.0,11,9,3.75,6.818181818181818,1.8181818181818181,0.20761245674740486,Low
84849A,HELLO SAILOR BLUE SOAP HOLDER,180,344.34000000000003,53,25,2.3567924528301885,6.496981132075472,3.3962264150943398,0.5767012687427913,Medium
84849B,FAIRY SOAP SOAP HOLDER,266,478.83,76,41,2.053421052631579,6.300394736842105,3.5,0.9457900807381776,Medium
84849D,HOT BATHS SOAP HOLDER,494,859.0,114,64,1.8581739130434782,7.535087719298246,4.333333333333333,1.4763552479815456,High
84854,GIRLY PINK TOOL SET,5,24.75,1,1,4.95,24.75,5.0,0.02306805074971165,Low
84856L,LARGE TAHITI BEACH BAG,2,17.82,2,0,8.91,8.91,1.0,0.0,Low
84856S,SMALL TAHITI BEACH BAG,4,18.6,1,0,4.65,18.6,4.0,0.0,Low
84857B,BLUE MONTE CARLO HANDBAG,24,46.8,1,1,1.95,46.8,24.0,0.02306805074971165,Low
84857C,PINK MONTE CARLO HANDBAG,98,232.32999999999998,10,8,4.763,23.232999999999997,9.8,0.1845444059976932,Medium
84858C,PINK RIVIERA HANDBAG,186,261.68,6,4,5.33,43.61333333333334,31.0,0.0922722029988466,Medium
84859A,SILVER DISCO HANDBAG,129,272.99,35,24,2.485,7.799714285714286,3.6857142857142855,0.5536332179930795,Medium
84859B,BLUE DISCO HANDBAG,31,64.81,11,10,2.346363636363636,5.891818181818182,2.8181818181818183,0.2306805074971165,Low
84859C,PINK DISCO HANDBAG,84,180.51999999999998,22,17,2.429090909090909,8.205454545454545,3.8181818181818183,0.39215686274509803,Medium
84865,NEW BAROQUE BLACK PHOTO ALBUM,27,146.21,14,8,7.307857142857143,10.44357142857143,1.9285714285714286,0.1845444059976932,Medium
84870B,BLUE GEISHA GIRL ,44,146.07999999999998,25,9,3.4415999999999998,5.8431999999999995,1.76,0.20761245674740486,Medium
84870C,GREEN GEISHA GIRL ,46,146.05,28,10,3.1614285714285715,5.216071428571429,1.6428571428571428,0.2306805074971165,Medium
84872A,TEATIME FUNKY FLOWER BACKPACK FOR 2,40,450.08,32,3,11.3675,14.065,1.25,0.06920415224913494,Medium
84872a,TEATIME FUNKY FLOWER BACKPACK FOR 2,26,282.15,21,0,10.855714285714285,13.435714285714285,1.2380952380952381,0.0,Medium
84873A,FUNKY FLOWER PICNIC BAG FOR 4,2,33.9,2,2,16.95,16.95,1.0,0.0461361014994233,Low
84874B,BLUE TRAVEL FIRST AID KIT,41,67.50999999999999,14,7,1.64,4.822142857142857,2.9285714285714284,0.16147635524798157,Low
84875B,GREEN SQUARE COMPACT MIRROR,131,203.51,20,14,2.5524999999999998,10.1755,6.55,0.32295271049596314,Medium
84875D,BLUE SQUARE COMPACT MIRROR,51,63.75,8,8,1.25,7.96875,6.375,0.1845444059976932,Low
84876B,GREEN HEART COMPACT MIRROR,218,315.81,33,17,2.417058823529412,9.57,6.606060606060606,0.39215686274509803,Medium
84876D,BLUE HEART COMPACT MIRROR,128,217.5,16,12,3.59375,13.59375,8.0,0.27681660899653976,Medium
84877A,PINK ROUND COMPACT MIRROR,40,58.16,4,1,2.27,14.54,10.0,0.02306805074971165,Low
84877B,GREEN ROUND COMPACT MIRROR,144,210.56,21,8,2.32,10.026666666666667,6.857142857142857,0.1845444059976932,Medium
84877D,BLUE ROUND COMPACT MIRROR,96,150.93,18,11,2.325,8.385,5.333333333333333,0.2537485582468281,Medium
84879,ASSORTED COLOUR BIRD ORNAMENT,36362,58927.62,1455,678,1.7225745257452574,40.50008247422681,24.99106529209622,15.6401384083045,Very High
84880,WHITE WIRE EGG HOLDER,312,2012.74,76,51,7.74987012987013,26.48342105263158,4.105263157894737,1.1764705882352942,High
84881,BLUE WIRE SPIRAL CANDLE HOLDER,12,82.57,6,5,7.411666666666666,13.761666666666665,2.0,0.11534025374855825,Low
84882,GREEN WIRE STANDING CANDLE HOLDER,38,157.34,18,12,4.368333333333333,8.741111111111111,2.111111111111111,0.27681660899653976,Medium
84884A,ANT WHITE WIRE HEART SPIRAL,301,1201.91,78,52,4.802307692307692,15.409102564102565,3.858974358974359,1.1995386389850058,High
84884a,ANT WHITE WIRE HEART SPIRAL,38,317.71999999999997,26,0,8.345384615384615,12.219999999999999,1.4615384615384615,0.0,Medium
84898F,YELLOW FLOWERS FELT HANDBAG KIT,46,98.63,19,15,2.2068421052631577,5.191052631578947,2.4210526315789473,0.34602076124567477,Low
84905,PINK BUTTERFLY CUSHION COVER ,35,173.48,20,2,4.9590000000000005,8.674,1.75,0.0461361014994233,Medium
84906,PINK B'FLY C/COVER W BOBBLES,35,123.02,12,9,4.8475,10.251666666666667,2.9166666666666665,0.20761245674740486,Low
84907,PINK YELLOW PATCH CUSHION COVER,29,180.93,23,3,6.113478260869566,7.866521739130435,1.2608695652173914,0.06920415224913494,Medium
84910A,PINK PAISLEY CUSHION COVER ,26,192.14,17,6,7.464117647058822,11.30235294117647,1.5294117647058822,0.13840830449826988,Medium
84912A,PINK ROSE WASHBAG,156,560.62,74,25,3.5262162162162163,7.575945945945946,2.108108108108108,0.5767012687427913,Medium
84912B,GREEN ROSE WASHBAG,323,1132.85,160,32,3.4332098765432097,7.0803125,2.01875,0.7381776239907728,High
84913A,SOFT PINK ROSE TOWEL ,273,952.83,124,10,3.4126612903225806,7.684112903225807,2.2016129032258065,0.2306805074971165,High
84913B,MINT GREEN ROSE TOWEL,196,754.07,86,19,3.64,8.76825581395349,2.2790697674418605,0.4382929642445213,High
84915,HAND TOWEL PINK FLOWER AND DAISY,217,372.33,23,8,3.890869565217391,16.188260869565216,9.434782608695652,0.1845444059976932,Medium
84916,HAND TOWEL PALE BLUE W FLOWERS,223,453.39,29,17,3.9479310344827585,15.634137931034482,7.689655172413793,0.39215686274509803,Medium
84917,WHITE HAND TOWEL WITH BUTTERFLY,184,466.3,27,13,3.976666666666667,17.270370370370372,6.814814814814815,0.29988465974625145,Medium
84919,BLUE CUSHION COVER WITH FLOWER,58,381.78000000000003,29,9,6.534827586206896,13.164827586206897,2.0,0.20761245674740486,Medium
84920,PINK FLOWER FABRIC PONY,115,446.23,48,22,4.163541666666666,9.296458333333334,2.3958333333333335,0.5074971164936563,Medium
84921,CREAM AND PINK FLOWERS PONY ,11,41.25,5,5,3.75,8.25,2.2,0.11534025374855825,Low
84922,PINK BUTTERFLY WASHBAG,9,42.29,6,5,4.923333333333333,7.048333333333333,1.5,0.11534025374855825,Low
84923,PINK BUTTERFLY HANDBAG W BOBBLES,162,671.62,98,0,4.146326530612245,6.853265306122449,1.653061224489796,0.0,Medium
84924A,WAKE UP COCKEREL CALENDAR SIGN ,81,348.59000000000003,33,21,4.996363636363636,10.563333333333334,2.4545454545454546,0.4844290657439446,Medium
84924F,PSYCHEDELIC METAL SIGN CALENDAR,10,7.9,3,3,0.79,2.6333333333333333,3.3333333333333335,0.06920415224913494,Low
84925D,LA PALMIERA WALL THERMOMETER,15,38.25,10,8,2.55,3.825,1.5,0.1845444059976932,Low
84925F,PSYCHEDELIC WALL THERMOMETER,79,109.93,14,14,1.9214285714285713,7.852142857142858,5.642857142857143,0.32295271049596314,Low
84926A,WAKE UP COCKEREL TILE COASTER,604,210.51999999999998,35,24,0.6694285714285714,6.014857142857142,17.257142857142856,0.5536332179930795,Medium
84926D,LA PALMIERA TILE COASTER,709,276.53,34,25,0.8079999999999999,8.133235294117647,20.852941176470587,0.5767012687427913,Medium
84926E,FLOWERS TILE COASTER,968,327.79999999999995,39,32,0.5441025641025641,8.405128205128204,24.82051282051282,0.7381776239907728,Medium
84926F,PSYCHEDELIC TILE COASTER,430,195.22,28,18,1.1860714285714287,6.972142857142857,15.357142857142858,0.4152249134948097,Medium
84927A,WAKE UP COCKEREL TILE HOOK,50,70.45,18,12,2.0805555555555557,3.913888888888889,2.7777777777777777,0.27681660899653976,Low
84927D,LA PALMIERA TILE HOOK,47,51.86,14,9,1.5635714285714286,3.704285714285714,3.357142857142857,0.20761245674740486,Low
84927E,FLOWERS TILE HOOK,59,80.16,13,10,1.907142857142857,6.166153846153846,4.538461538461538,0.2306805074971165,Low
84927F,PSYCHEDELIC TILE HOOK,299,182.95,44,36,1.088695652173913,4.157954545454545,6.795454545454546,0.8304498269896194,Medium
84929,ASSTD FRUIT+FLOWERS FRIDGE MAGNETS,2412,637.5600000000001,65,57,0.2896923076923077,9.808615384615386,37.10769230769231,1.314878892733564,Medium
84931A,PINK SCOTTIE DOG W FLOWER PATTERN,133,317.44,51,20,2.511764705882353,6.224313725490196,2.607843137254902,0.461361014994233,Medium
84931B,BLUE SCOTTIE DOG W FLOWER PATTERN,177,424.08,49,21,2.396734693877551,8.65469387755102,3.6122448979591835,0.4844290657439446,Medium
84944,SET OF 6 KASHMIR FOLKART BAUBLES,710,1120.26,83,62,2.0566666666666666,13.49710843373494,8.55421686746988,1.4302191464821221,High
84945,MULTI COLOUR SILVER T-LIGHT HOLDER,10545,8744.43,347,208,0.9520170454545455,25.200086455331412,30.389048991354468,4.798154555940023,Very High
84946,ANTIQUE SILVER TEA GLASS ETCHED,19209,25843.38,905,415,1.5308881578947369,28.55622099447514,21.225414364640883,9.573241061130334,Very High
84947,ANTIQUE SILVER TEA GLASS ENGRAVED,8652,10229.77,347,177,1.471534090909091,29.480605187319885,24.93371757925072,4.083044982698962,Very High
84949,SILVER HANGING T-LIGHT HOLDER,4789,7622.64,290,165,1.8617465753424658,26.284965517241382,16.513793103448275,3.8062283737024223,Very High
84950,ASSORTED COLOUR T-LIGHT HOLDER,3619,2297.03,120,66,0.8163636363636364,19.141916666666667,30.158333333333335,1.5224913494809689,Very High
84951A,SET OF 4 PISTACHIO LOVEBIRD COASTER,475,553.01,93,26,1.8238709677419356,5.946344086021505,5.10752688172043,0.5997693194925029,Medium
84951B,SET OF 4 BLACK LOVEBIRD COASTERS,451,554.78,82,24,1.8233734939759036,6.765609756097561,5.5,0.5536332179930795,Medium
84952A,CLEAR LOVE BIRD T-LIGHT HOLDER,92,264.46999999999997,26,6,3.1765384615384615,10.171923076923076,3.5384615384615383,0.13840830449826988,Medium
84952B,BLACK LOVE BIRD T-LIGHT HOLDER,186,332.14,29,10,2.971724137931034,11.453103448275861,6.413793103448276,0.2306805074971165,Medium
84952C,MIRROR LOVE BIRD T-LIGHT HOLDER,144,255.0,12,7,4.041538461538462,21.25,12.0,0.16147635524798157,Medium
84963A,PINK PAINTED KASHMIRI CHAIR,4,171.8,1,1,42.95,171.8,4.0,0.02306805074971165,Medium
84963B,BLUE PAINTED KASHMIRI CHAIR,3,149.85000000000002,1,1,49.95,149.85000000000002,3.0,0.02306805074971165,Medium
84968A,SET OF 16 VINTAGE ROSE CUTLERY,267,3139.2999999999997,98,32,13.837070707070707,32.03367346938775,2.7244897959183674,0.7381776239907728,Very High
84968B,SET OF 16 VINTAGE IVORY CUTLERY,2,25.5,2,2,12.75,12.75,1.0,0.0461361014994233,Low
84968C,SET OF 16 VINTAGE PISTACHIO CUTLERY,317,3585.99,104,36,14.927403846153847,34.480673076923075,3.048076923076923,0.8304498269896194,Very High
84968D,SET OF 16 VINTAGE RED CUTLERY,157,1661.47,55,27,12.196181818181817,30.208545454545455,2.8545454545454545,0.6228373702422145,High
84968E,SET OF 16 VINTAGE BLACK CUTLERY,132,1522.53,44,15,12.58,34.602954545454544,3.0,0.34602076124567477,High
84968F,SET OF 16 VINTAGE SKY BLUE CUTLERY,177,1905.68,65,25,12.321846153846153,29.318153846153848,2.723076923076923,0.5767012687427913,High
84968a,SET OF 16 VINTAGE ROSE CUTLERY,5,125.32999999999998,3,0,25.136666666666667,41.776666666666664,1.6666666666666667,0.0,Low
84968d,SET OF 16 VINTAGE RED CUTLERY,3,74.88,3,0,24.959999999999997,24.959999999999997,1.0,0.0,Low
84968e,SET OF 16 VINTAGE BLACK CUTLERY,8,200.21,6,0,25.048333333333332,33.36833333333333,1.3333333333333333,0.0,Medium
84968f,SET OF 16 VINTAGE SKY BLUE CUTLERY,1,25.49,1,0,25.49,25.49,1.0,0.0,Low
84969,BOX OF 6 ASSORTED COLOUR TEASPOONS,558,2389.52,210,48,4.66047619047619,11.378666666666666,2.657142857142857,1.107266435986159,Very High
84970L,SINGLE HEART ZINC T-LIGHT HOLDER,6064,6411.52,457,234,1.3050436681222708,14.029584245076588,13.269146608315099,5.397923875432526,Very High
84970S,HANGING HEART ZINC T-LIGHT HOLDER,8879,7650.3099999999995,537,271,1.141173184357542,14.246387337057728,16.534450651769088,6.251441753171857,Very High
84970l,SINGLE HEART ZINC T-LIGHT HOLDER,201,418.98,50,0,2.089,8.3796,4.02,0.0,Medium
84970s,HANGING HEART ZINC T-LIGHT HOLDER,238,496.49,66,0,2.0875757575757574,7.5225757575757575,3.606060606060606,0.0,Medium
84971S,SMALL HEART FLOWERS HOOK ,1761,1540.4499999999998,172,69,1.1178612716763006,8.95610465116279,10.238372093023257,1.591695501730104,High
84971l,LARGE HEART FLOWERS HOOK   ,2,4.92,1,0,2.46,4.92,2.0,0.0,Low
84974,S/2 ZINC HEART DESIGN PLANTERS,39,388.04999999999995,28,26,9.95,13.858928571428569,1.3928571428571428,0.5997693194925029,Medium
84975,HEART SHAPED MIRROR,5,8.45,2,2,1.69,4.225,2.5,0.0461361014994233,Low
84976,RECTANGULAR SHAPED MIRROR,512,446.15000000000003,37,27,1.4297297297297298,12.05810810810811,13.837837837837839,0.6228373702422145,Medium
84977,WIRE FLOWER T-LIGHT HOLDER,1,1.25,1,0,1.25,1.25,1.0,0.0,Low
84978,HANGING HEART JAR T-LIGHT HOLDER,12493,16453.78,728,304,1.4836289222373806,22.60134615384615,17.160714285714285,7.012687427912341,Very High
84984A,GREEN PEONY CUSHION COVER,19,88.35,6,4,4.65,14.725,3.1666666666666665,0.0922722029988466,Low
84984B,RED PEONY CUSHION COVER ,17,79.05,5,4,4.65,15.809999999999999,3.4,0.0922722029988466,Low
84984D,ORIENTAL RED CUSHION COVER ,13,60.45,4,3,4.65,15.1125,3.25,0.06920415224913494,Low
84985A,SET OF 72 GREEN PAPER DOILIES,41,59.449999999999996,18,15,1.45,3.3027777777777776,2.2777777777777777,0.34602076124567477,Low
84987,SET OF 36 TEATIME PAPER DOILIES,3051,4471.17,334,201,1.9834730538922156,13.386736526946107,9.134730538922156,4.6366782006920415,Very High
84988,SET OF 72 PINK HEART PAPER DOILIES,4311,6671.25,510,209,2.1471037181996087,13.080882352941176,8.452941176470588,4.821222606689735,Very High
84989A,75 GREEN FAIRY CAKE CASES,27,14.85,17,16,0.55,0.8735294117647059,1.588235294117647,0.3690888119953864,Low
84989a,75 GREEN FAIRY CAKE CASES,42,87.51,25,0,2.086,3.5004000000000004,1.68,0.0,Low
84990,60 GOLD AND SILVER FAIRY CAKE CASES,2,1.1,2,2,0.55,0.55,1.0,0.0461361014994233,Low
84991,60 TEATIME FAIRY CAKE CASES,18189,9169.97,828,414,0.689585308056872,11.074842995169082,21.967391304347824,9.550173010380623,Very High
84992,72 SWEETHEART FAIRY CAKE CASES,13319,6532.78,615,325,0.6851746031746032,10.62240650406504,21.65691056910569,7.497116493656286,Very High
84993A,75 GREEN PETIT FOUR CASES,343,159.69,55,30,0.5847272727272727,2.9034545454545455,6.236363636363636,0.6920415224913495,Medium
84993B,75 BLACK PETIT FOUR CASES,58,24.36,18,16,0.42,1.3533333333333333,3.2222222222222223,0.3690888119953864,Low
84993a,75 GREEN PETIT FOUR CASES,32,26.56,19,0,0.83,1.3978947368421053,1.6842105263157894,0.0,Low
84997A,GREEN 3 PIECE POLKADOT CUTLERY SET,2573,9933.880000000001,260,143,4.455807692307692,38.207230769230776,9.896153846153846,3.298731257208766,Very High
84997B,RED 3 PIECE RETROSPOT CUTLERY SET,4214,16045.970000000001,370,202,4.370267379679144,43.36748648648649,11.389189189189189,4.659746251441753,Very High
84997C,BLUE 3 PIECE POLKADOT CUTLERY SET,3783,14497.03,335,202,4.257492537313433,43.27471641791045,11.292537313432836,4.659746251441753,Very High
84997D,PINK 3 PIECE POLKADOT CUTLERY SET,5103,19728.2,473,248,4.4071428571428575,41.70866807610994,10.788583509513742,5.7208765859284885,Very High
84997a,GREEN 3 PIECE POLKADOT CUTLERY SET,106,878.74,65,0,8.29,13.519076923076923,1.6307692307692307,0.0,High
84997b,RED 3 PIECE RETROSPOT CUTLERY SET,364,3052.92,67,0,8.582,45.56597014925373,5.432835820895522,0.0,Very High
84997c,BLUE 3 PIECE POLKADOT CUTLERY SET,284,2374.44,62,0,8.588787878787878,38.29741935483871,4.580645161290323,0.0,Very High
84997d,PINK 3 PIECE POLKADOT CUTLERY SET,319,2657.79,73,0,8.426266666666665,36.40808219178082,4.36986301369863,0.0,Very High
85006,SET 4 NURSERY DES ROUND BOXES,55,57.25,9,9,1.55,6.361111111111111,6.111111111111111,0.20761245674740486,Low
85008,SET OF 3 CONEY ISLAND OVAL BOXES,13,66.12,8,7,5.171250000000001,8.265,1.625,0.16147635524798157,Low
85014A,BLACK/BLUE POLKADOT UMBRELLA,1163,6678.72,278,183,6.487913669064748,24.024172661870505,4.183453237410072,4.221453287197232,Very High
85014B,RED RETROSPOT UMBRELLA,1910,10952.2,350,210,6.828942857142858,31.292,5.457142857142857,4.844290657439446,Very High
85014a,BLACK/BLUE POLKADOT UMBRELLA,18,225.32000000000002,14,0,12.515714285714285,16.094285714285714,1.2857142857142858,0.0,Medium
85014b,RED RETROSPOT UMBRELLA,25,313.06,23,0,12.505217391304347,13.611304347826087,1.0869565217391304,0.0,Medium
85015,SET OF 12  VINTAGE POSTCARD SET,2180,1718.54,143,103,1.3232167832167832,12.017762237762238,15.244755244755245,2.3760092272203,High
85016,SET OF 6 VINTAGE NOTELETS KIT,563,560.11,42,22,2.0207142857142855,13.335952380952381,13.404761904761905,0.5074971164936563,Medium
85017A,ENVELOPE 50 ROMANTIC IMAGES,16,13.58,8,2,0.8477777777777777,1.6975,2.0,0.0461361014994233,Low
85017B,ENVELOPE 50 BLOSSOM IMAGES,1077,600.29,158,65,0.6770440251572326,3.799303797468354,6.8164556962025316,1.4994232987312572,Medium
85017C,ENVELOPE 50 CURIOUS IMAGES,49,26.17,10,10,0.6154545454545454,2.617,4.9,0.2306805074971165,Low
85018D,YULETIDE IMAGES S/6 PAPER BOXES,12,30.6,7,6,2.55,4.371428571428572,1.7142857142857142,0.13840830449826988,Low
85019A,ROMANTIC IMAGES NOTEBOOK SET,414,564.35,33,25,2.033333333333333,17.10151515151515,12.545454545454545,0.5767012687427913,Medium
85019B,BLOSSOM  IMAGES NOTEBOOK SET,512,682.97,36,21,1.9597222222222221,18.97138888888889,14.222222222222221,0.4844290657439446,High
85019C,CURIOUS  IMAGES NOTEBOOK SET,182,270.72,11,9,2.997272727272727,24.610909090909093,16.545454545454547,0.20761245674740486,Medium
85020,ROUND PINK HEART MIRROR,85,188.81,22,11,2.5686363636363634,8.582272727272727,3.8636363636363638,0.2537485582468281,Medium
85023B,EAU DE NILE JEWELLED PHOTOFRAME,105,235.35000000000002,13,10,2.515384615384615,18.103846153846156,8.076923076923077,0.2306805074971165,Medium
85024B,EAU DE NILE JEWELLED PHOTOFRAME,193,289.65000000000003,12,12,1.633333333333333,24.137500000000003,16.083333333333332,0.27681660899653976,Medium
85024C,PINK SMALL JEWELLED PHOTOFRAME,12,19.799999999999997,9,8,1.65,2.1999999999999997,1.3333333333333333,0.1845444059976932,Low
85025B,EAU DE NILE HEART SHAPE PHOTO FRAME,329,555.12,38,20,2.337105263157895,14.608421052631579,8.657894736842104,0.461361014994233,Medium
85025C,PINK HEART SHAPE PHOTO FRAME,321,520.91,39,27,2.0585,13.356666666666666,8.23076923076923,0.6228373702422145,Medium
85026B,EAU DE NILE JEWELLED T-LIGHT HOLDER,79,70.27,11,9,0.9918181818181818,6.388181818181818,7.181818181818182,0.20761245674740486,Low
85027L,FRENCH CHATEAU LARGE PLATTER ,70,160.5,18,17,2.95,8.916666666666666,3.888888888888889,0.39215686274509803,Medium
85028L,FRENCH CHATEAU LARGE FRUIT BOWL ,10,19.5,4,4,1.95,4.875,2.5,0.0922722029988466,Low
85028S,FRENCH CHATEAU SMALL FRUITBOWL,24,51.599999999999994,8,8,2.025,6.449999999999999,3.0,0.1845444059976932,Low
85030,FRENCH CHATEAU OVAL PLATTER,15,29.25,6,6,1.95,4.875,2.5,0.13840830449826988,Low
85031A,ROMANTIC IMAGES SCRAP BOOK SET,16,45.9,7,7,3.892857142857143,6.557142857142857,2.2857142857142856,0.16147635524798157,Low
85031B,BLOSSOM IMAGES SCRAP BOOK SET,1,4.95,1,1,4.95,4.95,1.0,0.02306805074971165,Low
85031C,CURIOUS IMAGES SCRAP BOOK SET,3,14.85,1,1,4.95,14.85,3.0,0.02306805074971165,Low
85032A,ROMANTIC IMAGES GIFT WRAP SET,789,776.49,135,82,1.0937037037037038,5.751777777777778,5.844444444444444,1.8915801614763552,High
85032B,BLOSSOM IMAGES GIFT WRAP SET,786,739.99,133,84,1.0780451127819548,5.563834586466165,5.909774436090226,1.9377162629757785,High
85032C,CURIOUS IMAGES GIFT WRAP SET,683,718.54,140,72,1.1924113475177305,5.132428571428571,4.878571428571429,1.6608996539792389,High
85032D,YULETIDE IMAGES GIFT WRAP SET,687,561.34,93,57,1.1588297872340425,6.035913978494624,7.387096774193548,1.314878892733564,Medium
85034A,3 GARDENIA MORRIS BOXED CANDLES,498,911.4,74,58,2.7704999999999997,12.316216216216215,6.72972972972973,1.3379469434832756,High
85034B,3 WHITE CHOC MORRIS BOXED CANDLES,945,1628.78,120,80,2.7206557377049183,13.573166666666667,7.875,1.845444059976932,High
85034C,3 ROSE MORRIS BOXED CANDLES,1129,1800.0,158,109,2.2984848484848484,11.39240506329114,7.1455696202531644,2.51441753171857,High
85034a,3 GARDENIA MORRIS BOXED CANDLES,3,24.869999999999997,3,0,8.29,8.29,1.0,0.0,Low
85034b,3 WHITE CHOC MORRIS BOXED CANDLES,1,8.29,1,0,8.29,8.29,1.0,0.0,Low
85035A,GARDENIA 3 WICK MORRIS BOXED CANDLE,276,782.3,81,59,3.7861904761904763,9.658024691358024,3.4074074074074074,1.3610149942329872,High
85035B,CHOCOLATE 3 WICK MORRIS BOX CANDLE,619,1054.1,70,38,3.307,15.058571428571428,8.842857142857143,0.8765859284890426,High
85035C,ROSE 3 WICK MORRIS BOX CANDLE,1137,1760.66,130,86,2.517462686567164,13.543538461538462,8.746153846153845,1.983852364475202,High
85035a,GARDENIA 3 WICK MORRIS BOXED CANDLE,2,16.94,2,0,8.47,8.47,1.0,0.0,Low
85035b,CHOCOLATE 3 WICK MORRIS BOX CANDLE,1,8.47,1,0,8.47,8.47,1.0,0.0,Low
85035c,ROSE 3 WICK MORRIS BOX CANDLE,1,8.47,1,0,8.47,8.47,1.0,0.0,Low
85036A,GARDENIA 1 WICK MORRIS BOXED CANDLE,211,714.35,60,48,3.9118749999999998,11.905833333333334,3.5166666666666666,1.107266435986159,High
85036B,CHOCOLATE 1 WICK MORRIS BOX CANDLE,361,581.43,49,40,2.215918367346939,11.865918367346938,7.36734693877551,0.922722029988466,Medium
85036C,ROSE 1 WICK MORRIS BOXED CANDLE,742,1066.8600000000001,84,66,2.427241379310345,12.700714285714287,8.833333333333334,1.5224913494809689,High
85036a,GARDENIA 1 WICK MORRIS BOXED CANDLE,2,16.58,1,0,8.29,16.58,2.0,0.0,Low
85036b,CHOCOLATE 1 WICK MORRIS BOX CANDLE,1,8.47,1,0,8.47,8.47,1.0,0.0,Low
85038,6 CHOCOLATE LOVE HEART T-LIGHTS,1061,2171.26,142,70,2.542191780821918,15.290563380281691,7.471830985915493,1.6147635524798154,High
85039A,SET/4 RED MINI ROSE CANDLE IN BOWL,704,1010.62,162,26,1.6261728395061728,6.238395061728395,4.345679012345679,0.5997693194925029,High
85039B,S/4 IVORY MINI ROSE CANDLE IN BOWL,806,1174.6299999999999,172,38,1.6247398843930634,6.829244186046511,4.686046511627907,0.8765859284890426,High
85039C,S/4 BLACK MINI ROSE CANDLE IN BOWL,305,265.77,67,9,1.5844776119402983,3.9667164179104475,4.552238805970149,0.20761245674740486,Medium
85039a,SET/4 RED MINI ROSE CANDLE IN BOWL,40,131.81,29,0,3.297241379310345,4.545172413793104,1.3793103448275863,0.0,Medium
85040A,S/4 PINK FLOWER CANDLES IN BOWL,888,1607.32,164,86,2.0394674556213017,9.800731707317073,5.414634146341464,1.983852364475202,High
85040B,SET/4 BLUE FLOWER CANDLES IN BOWL,137,229.47,35,28,1.6975,6.556285714285714,3.914285714285714,0.6459054209919263,Medium
85040a,S/4 PINK FLOWER CANDLES IN BOWL,32,105.28,21,0,3.29,5.013333333333334,1.5238095238095237,0.0,Low
85045,GREEN CHRISTMAS TREE STRING 20LIGHT,42,191.1,11,9,4.886363636363637,17.37272727272727,3.8181818181818183,0.20761245674740486,Medium
85047,WHITE BEADED GARLAND STRING 20LIGHT,3,19.049999999999997,2,2,6.35,9.524999999999999,1.5,0.0461361014994233,Low
85048,15CM CHRISTMAS GLASS BALL 20 LIGHTS,1359,10910.61,261,170,9.306958174904944,41.80310344827586,5.206896551724138,3.9215686274509802,Very High
85049A,TRADITIONAL CHRISTMAS RIBBONS,3001,3842.36,323,204,1.4897256097560976,11.895851393188854,9.291021671826625,4.705882352941177,Very High
85049B,LUSH GREENS RIBBONS,54,67.5,13,13,1.25,5.1923076923076925,4.153846153846154,0.29988465974625145,Low
85049C,ROMANTIC PINKS RIBBONS ,1215,1515.69,224,162,1.3552838427947598,6.766473214285715,5.424107142857143,3.7370242214532867,High
85049D,BRIGHT BLUES RIBBONS ,547,694.99,107,85,1.2957798165137615,6.495233644859813,5.11214953271028,1.9607843137254901,High
85049E,SCANDINAVIAN REDS RIBBONS,2860,3783.61,409,248,1.4938313253012048,9.250880195599022,6.992665036674817,5.7208765859284885,Very High
85049F,BABY BOOM RIBBONS ,378,477.34,88,70,1.2898901098901099,5.424318181818181,4.295454545454546,1.6147635524798154,Medium
85049G,CHOCOLATE BOX RIBBONS ,1608,1999.19,258,161,1.4033955223880596,7.748798449612403,6.232558139534884,3.7139561707035758,High
85049H,URBAN BLACK RIBBONS ,848,869.1,184,58,1.0584491978609627,4.723369565217391,4.608695652173913,1.3379469434832756,High
85049a,TRADITIONAL CHRISTMAS RIBBONS,244,812.84,36,0,3.2977777777777777,22.57888888888889,6.777777777777778,0.0,High
85049b,LUSH GREENS RIBBONS,2,4.92,2,0,2.46,2.46,1.0,0.0,Low
85049c,ROMANTIC PINKS RIBBONS ,1,2.46,1,0,2.46,2.46,1.0,0.0,Low
85049d,BRIGHT BLUES RIBBONS ,2,4.92,2,0,2.46,2.46,1.0,0.0,Low
85049e,SCANDINAVIAN REDS RIBBONS,109,360.71,42,0,3.2950000000000004,8.588333333333333,2.5952380952380953,0.0,Medium
85049g,CHOCOLATE BOX RIBBONS ,113,276.42,51,0,2.4284313725490194,5.42,2.215686274509804,0.0,Medium
85053,FRENCH ENAMEL CANDLEHOLDER,1693,3649.4900000000002,317,157,2.6198136645962733,11.512586750788644,5.340694006309148,3.621683967704729,Very High
85054,FRENCH ENAMEL POT W LID,587,1430.63,115,66,3.4877586206896556,12.440260869565218,5.104347826086957,1.5224913494809689,High
85055,FRENCH ENAMEL UTENSIL HOLDER,45,183.71,16,9,5.15125,11.481875,2.8125,0.20761245674740486,Medium
85059,FRENCH ENAMEL WATER BASIN,411,1273.11,128,62,4.116821705426357,9.946171875,3.2109375,1.4302191464821221,High
85061W,WHITE JEWELLED HEART DECORATION,2146,1882.1499999999999,162,77,1.1002958579881656,11.61820987654321,13.246913580246913,1.776239907727797,High
85062,PEARL CRYSTAL PUMPKIN T-LIGHT HLDR,1462,2429.5,159,97,1.7914999999999999,15.279874213836479,9.19496855345912,2.23760092272203,Very High
85064,CREAM SWEETHEART LETTER RACK,215,976.25,30,20,6.697333333333333,32.541666666666664,7.166666666666667,0.461361014994233,High
85066,CREAM SWEETHEART MINI CHEST,1784,22594.2,519,289,14.308129770992366,43.534104046242774,3.4373795761079,6.666666666666667,Very High
85067,CREAM SWEETHEART WALL CABINET,7,126.65,5,5,18.55,25.330000000000002,1.4,0.11534025374855825,Low
85071A,BLUE CHARLIE+LOLA PERSONAL DOORSIGN,1041,583.23,111,77,0.8838938053097345,5.254324324324324,9.378378378378379,1.776239907727797,Medium
85071B,RED CHARLIE+LOLA PERSONAL DOORSIGN,1290,684.62,125,88,0.8929133858267717,5.47696,10.32,2.029988465974625,High
85071C,"CHARLIE+LOLA""EXTREMELY BUSY"" SIGN",683,428.0,105,62,1.2516981132075473,4.076190476190476,6.504761904761905,1.4302191464821221,Medium
85071D,CHARLIE+LOLA MY ROOM DOOR SIGN,403,249.48999999999998,84,58,0.8260465116279069,2.9701190476190473,4.7976190476190474,1.3379469434832756,Medium
85078,SCANDINAVIAN 3 HEARTS NAPKIN RING,1932,696.8,124,46,1.001290322580645,5.619354838709677,15.580645161290322,1.061130334486736,High
85084,HOLLY TOP CHRISTMAS STOCKING,20,17.0,7,6,0.85,2.4285714285714284,2.857142857142857,0.13840830449826988,Low
85086A,CANDY SPOT HEART DECORATION,146,122.08,50,8,0.8331999999999999,2.4415999999999998,2.92,0.1845444059976932,Low
85087,CANDY SPOT CUSHION COVER,339,1129.99,125,7,3.48024,9.03992,2.712,0.16147635524798157,High
85088,CANDY SPOT HAND BAG,259,534.83,51,18,2.3871153846153845,10.48686274509804,5.078431372549019,0.4152249134948097,Medium
85089,CANDY SPOT BUNNY,13,38.35,5,5,2.95,7.67,2.6,0.11534025374855825,Low
85092,CANDY SPOT TEA COSY,27,40.05,2,2,2.3,20.025,13.5,0.0461361014994233,Low
85093,CANDY SPOT EGG WARMER HARE,708,475.18,88,20,0.8860674157303371,5.399772727272727,8.045454545454545,0.461361014994233,Medium
85094,CANDY SPOT EGG WARMER RABBIT,640,242.13,90,29,0.6907777777777777,2.6903333333333332,7.111111111111111,0.6689734717416378,Medium
85095,THREE CANVAS LUGGAGE TAGS,150,243.49,48,9,1.8197916666666665,5.072708333333334,3.125,0.20761245674740486,Medium
85096,HILDA CANDY SPOT RABBIT,25,109.23,16,10,4.660588235294118,6.826875,1.5625,0.2306805074971165,Low
85099B,JUMBO BAG RED RETROSPOT,48371,94159.81,2089,635,2.4861972498814606,45.07410722833892,23.155098133078027,14.648212226066898,Very High
85099C,JUMBO  BAG BAROQUE BLACK WHITE,13900,28047.74,933,306,2.605185577942736,30.061886387995713,14.89817792068596,7.0588235294117645,Very High
85099F,JUMBO BAG STRAWBERRY,17237,32495.59,812,315,2.3821568627450977,40.01919950738916,21.22783251231527,7.26643598615917,Very High
85099f,JUMBO BAG STRAWBERRY,46,232.05999999999997,10,0,5.05,23.205999999999996,4.6,0.0,Medium
85103,SILVER T-LIGHT SETTING,143,924.29,28,6,7.292142857142857,33.01035714285714,5.107142857142857,0.13840830449826988,High
85104,SILVER GLASS T-LIGHT SET,201,525.75,17,13,3.2276470588235298,30.926470588235293,11.823529411764707,0.29988465974625145,Medium
85106,CUT GLASS HEXAGON T-LIGHT HOLDER,649,1142.31,20,9,2.261,57.1155,32.45,0.20761245674740486,High
85107,CUT GLASS T-LIGHT HOLDER OCTAGON,249,541.39,27,21,2.51448275862069,20.05148148148148,9.222222222222221,0.4844290657439446,Medium
85109,PINK BOUDOIR T-LIGHT HOLDER,12,10.2,1,1,0.85,10.2,12.0,0.02306805074971165,Low
85111,SILVER GLITTER FLOWER VOTIVE HOLDER,1409,437.59,57,40,0.49448275862068963,7.677017543859649,24.719298245614034,0.922722029988466,Medium
85114A,BLACK ENCHANTED FOREST PLACEMAT,649,1105.21,56,20,2.0494642857142855,19.735892857142858,11.589285714285714,0.461361014994233,High
85114B,IVORY ENCHANTED FOREST PLACEMAT,477,902.49,77,36,2.204025974025974,11.720649350649351,6.194805194805195,0.8304498269896194,High
85114C,RED ENCHANTED FOREST PLACEMAT,516,920.22,75,37,1.9419230769230769,12.2696,6.88,0.8535178777393311,High
85114a,BLACK ENCHANTED FOREST PLACEMAT,49,161.7,15,0,3.2993333333333337,10.78,3.2666666666666666,0.0,Medium
85114b,IVORY ENCHANTED FOREST PLACEMAT,36,118.86,14,0,3.2950000000000004,8.49,2.5714285714285716,0.0,Low
85114c,RED ENCHANTED FOREST PLACEMAT,162,534.66,35,0,3.298,15.276,4.628571428571429,0.0,Medium
85115B,S/4 BLACK DISCO PARTITION PANEL,3,24.87,1,0,8.29,24.87,3.0,0.0,Low
85116,BLACK CANDELABRA T-LIGHT HOLDER,941,1106.8799999999999,89,30,1.4657777777777776,12.436853932584269,10.573033707865168,0.6920415224913495,High
85118,HEART T-LIGHT HOLDER,146,144.51999999999998,10,5,1.541,14.451999999999998,14.6,0.11534025374855825,Medium
85119,WATERING CAN SINGLE HOOK PISTACHIO,1,3.36,1,0,3.36,3.36,1.0,0.0,Low
85123A,WHITE HANGING HEART T-LIGHT HOLDER,37641,104462.75,2198,856,3.1178384376387043,47.52627388535032,17.12511373976342,19.74625144175317,Very High
85123a,WHITE HANGING HEART T-LIGHT HOLDER,292,1952.48,67,0,6.64044776119403,29.141492537313432,4.358208955223881,0.0,High
85124B,BLUE JUICY FRUIT PHOTO FRAME,93,264.06,39,23,3.178205128205128,6.770769230769231,2.3846153846153846,0.530565167243368,Medium
85124C,GREEN JUICY FRUIT PHOTO FRAME,94,261.89,39,23,2.9928205128205128,6.715128205128205,2.41025641025641,0.530565167243368,Medium
85125,SMALL ROUND CUT GLASS CANDLESTICK,161,760.39,33,14,5.201212121212122,23.042121212121213,4.878787878787879,0.32295271049596314,High
85126,LARGE ROUND CUTGLASS CANDLESTICK,2,27.14,1,0,13.57,27.14,2.0,0.0,Low
85127,SMALL SQUARE CUT GLASS CANDLESTICK,187,1106.54,51,17,6.9253846153846155,21.696862745098038,3.6666666666666665,0.39215686274509803,High
85129B,BEADED CRYSTAL HEART GREEN SMALL,119,168.59,31,10,1.9122580645161291,5.438387096774194,3.838709677419355,0.2306805074971165,Medium
85129C,BEADED CRYSTAL HEART BLUE SMALL,80,107.31,15,8,1.7373333333333332,7.154,5.333333333333333,0.1845444059976932,Low
85129D,BEADED CRYSTAL HEART PINK SMALL,207,342.74,65,16,1.9433846153846153,5.272923076923077,3.1846153846153844,0.3690888119953864,Medium
85130A,BEADED PEARL HEART WHITE LARGE,77,127.05,10,10,1.65,12.705,7.7,0.2306805074971165,Low
85130B,BEADED CRYSTAL HEART GREEN LARGE,834,760.4300000000001,62,44,1.382741935483871,12.265,13.451612903225806,1.0149942329873125,High
85130C,BEADED CRYSTAL HEART BLUE  LARGE,482,437.22,46,37,1.077659574468085,9.504782608695653,10.478260869565217,0.8535178777393311,Medium
85130D,BEADED CRYSTAL HEART PINK LARGE,565,569.29,62,41,1.5017460317460318,9.182096774193548,9.112903225806452,0.9457900807381776,Medium
85131A,BEADED PEARL HEART WHITE ON STICK,996,901.48,119,19,0.9148739495798318,7.57546218487395,8.369747899159664,0.4382929642445213,High
85131B,BEADED CRYSTAL HEART GREEN ON STICK,623,521.11,172,2,0.8377906976744186,3.0297093023255814,3.622093023255814,0.0461361014994233,Medium
85131C,BEADED CRYSTAL HEART BLUE ON STICK,193,178.85,50,5,0.8714,3.577,3.86,0.11534025374855825,Medium
85131D,BEADED CRYSTAL HEART PINK ON STICK,850,725.26,206,5,0.8429126213592232,3.5206796116504853,4.12621359223301,0.11534025374855825,High
85132A,CHARLIE + LOLA BISCUITS TINS,545,1561.77,110,38,5.117454545454545,14.197909090909091,4.954545454545454,0.8765859284890426,High
85132B,CHARLIE AND LOLA TABLE TINS,529,1156.1699999999998,75,44,3.5270666666666664,15.415599999999998,7.053333333333334,1.0149942329873125,High
85132C,CHARLIE AND LOLA FIGURES TINS,1520,3562.3199999999997,211,96,3.986509433962264,16.88303317535545,7.203791469194313,2.214532871972318,Very High
85132a,CHARLIE + LOLA BISCUITS TINS,8,92.19999999999999,8,0,11.524999999999999,11.524999999999999,1.0,0.0,Low
85132b,CHARLIE AND LOLA TABLE TINS,9,74.60999999999999,9,0,8.29,8.29,1.0,0.0,Low
85132c,CHARLIE AND LOLA FIGURES TINS,3,24.869999999999997,3,0,8.29,8.29,1.0,0.0,Low
85135A,YELLOW DRAGONFLY HELICOPTER,19,151.05,8,6,7.95,18.88125,2.375,0.13840830449826988,Medium
85135B,BLUE DRAGONFLY HELICOPTER,65,524.5500000000001,45,28,8.051739130434783,11.656666666666668,1.4444444444444444,0.6459054209919263,Medium
85135C,RED DRAGONFLY HELICOPTER,106,856.38,67,41,8.074705882352943,12.781791044776119,1.5820895522388059,0.9457900807381776,High
85136A,YELLOW SHARK HELICOPTER,71,572.41,53,35,8.04925925925926,10.800188679245283,1.3396226415094339,0.8073817762399077,Medium
85136B,BLUE SHARK HELICOPTER,2,15.9,2,2,7.95,7.95,1.0,0.0461361014994233,Low
85136C,RED SHARK HELICOPTER,52,421.18,36,20,8.079444444444444,11.699444444444445,1.4444444444444444,0.461361014994233,Medium
85141,JARDIN ETCHED GLASS FRUITBOWL,120,619.94,39,32,5.7587179487179485,15.895897435897437,3.076923076923077,0.7381776239907728,Medium
85144,JARDIN ETCHED GLASS BUTTER DISH,220,582.7,41,38,3.9690476190476187,14.21219512195122,5.365853658536586,0.8765859284890426,Medium
85145,JARDIN ETCHED GLASS LARGE BELL JAR,37,163.75,13,12,5.303846153846154,12.596153846153847,2.8461538461538463,0.27681660899653976,Medium
85146,JARDIN ETCHED GLASS SMALL BELL JAR,45,171.11,9,8,4.418,19.012222222222224,5.0,0.1845444059976932,Medium
85150,LADIES & GENTLEMEN METAL SIGN,4037,9383.43,478,196,3.0745511482254697,19.63060669456067,8.44560669456067,4.521337946943484,Very High
85152,HAND OVER THE CHOCOLATE   SIGN ,8246,15928.730000000001,677,270,2.3584683357879235,23.5284047267356,12.180206794682423,6.228373702422145,Very High
85159A,"BLACK TEA,COFFEE,SUGAR JARS",453,783.3499999999999,47,38,1.9734042553191489,16.667021276595744,9.638297872340425,0.8765859284890426,High
85159B,"WHITE TEA,COFFEE,SUGAR JARS",622,1134.5,59,45,2.090677966101695,19.228813559322035,10.542372881355933,1.0380622837370241,High
85160A,WHITE BIRD GARDEN DESIGN MUG,6,7.5,1,0,1.25,7.5,6.0,0.0,Low
85160B,BLACK BIRD GARDEN DESIGN MUG,106,62.239999999999995,16,15,1.366470588235294,3.8899999999999997,6.625,0.34602076124567477,Low
85160a,WHITE BIRD GARDEN DESIGN MUG,1,16.13,1,0,16.13,16.13,1.0,0.0,Low
85161,ACRYLIC GEOMETRIC LAMP,35,568.65,20,8,17.94857142857143,28.432499999999997,1.75,0.1845444059976932,Medium
85163A,WHITE BAROQUE WALL CLOCK ,66,559.0,32,15,11.20625,17.46875,2.0625,0.34602076124567477,Medium
85163B,BLACK BAROQUE WALL CLOCK ,84,783.68,36,10,12.721666666666668,21.76888888888889,2.3333333333333335,0.2306805074971165,High
85167B,BLACK GRAND BAROQUE PHOTO FRAME,50,109.94,8,7,4.0275,13.7425,6.25,0.16147635524798157,Low
85168B,BLACK BAROQUE CARRIAGE CLOCK,51,432.78999999999996,35,5,8.475142857142856,12.36542857142857,1.457142857142857,0.11534025374855825,Medium
85169A,IVORY LOVE BIRD CANDLE,812,813.02,88,44,1.3231460674157303,9.238863636363636,9.227272727272727,1.0149942329873125,High
85169B,BLACK LOVE BIRD CANDLE,329,356.06,62,17,1.4383870967741934,5.742903225806452,5.306451612903226,0.39215686274509803,Medium
85169C,EAU DE NIL LOVE BIRD CANDLE,429,452.86,46,14,1.218913043478261,9.844782608695652,9.326086956521738,0.32295271049596314,Medium
85169D,PINK LOVE BIRD CANDLE,351,356.08,50,20,1.3084,7.1216,7.02,0.461361014994233,Medium
85170A,SET/6 IVORY BIRD T-LIGHT CANDLES,1,2.1,1,1,2.1,2.1,1.0,0.02306805074971165,Low
85170B,SET/6 BLACK BIRD T-LIGHT CANDLES,215,316.75,39,13,2.3964102564102565,8.121794871794872,5.512820512820513,0.29988465974625145,Medium
85170C,SET/6 EAU DE NIL BIRD T-LIGHTS,335,608.53,72,26,2.6856944444444446,8.451805555555556,4.652777777777778,0.5997693194925029,Medium
85170D,SET/6 PINK BIRD T-LIGHT CANDLES,451,796.99,100,30,2.7365,7.9699,4.51,0.6920415224913495,High
85172,HYACINTH BULB T-LIGHT CANDLES,1314,569.68,43,34,0.6895652173913043,13.248372093023255,30.558139534883722,0.7843137254901961,Medium
85173,SET/6 FROG PRINCE T-LIGHT CANDLES,479,795.02,86,40,2.90367816091954,9.244418604651162,5.569767441860465,0.922722029988466,High
85174,S/4 CACTI CANDLES,613,2927.08,157,55,7.02828025477707,18.643821656050957,3.9044585987261144,1.2687427912341407,Very High
85175,CACTI T-LIGHT CANDLES,5321,2278.9,143,84,0.9854545454545454,15.936363636363637,37.20979020979021,1.9377162629757785,Very High
85176,SEWING SUSAN 21 NEEDLE SET,918,880.4699999999999,172,50,1.2030232558139533,5.119011627906977,5.337209302325581,1.1534025374855825,High
85177,BASKET OF FLOWERS SEWING KIT,812,644.2099999999999,63,40,1.04,10.225555555555554,12.88888888888889,0.922722029988466,Medium
85178,VICTORIAN SEWING KIT,2518,2822.58,140,77,1.3965248226950355,20.161285714285714,17.985714285714284,1.776239907727797,Very High
85179A,GREEN BITTY LIGHT CHAIN,193,380.79,59,15,2.8252542372881355,6.45406779661017,3.2711864406779663,0.34602076124567477,Medium
85179C,PINK BITTY LIGHT CHAIN,106,201.31,36,7,2.8925,5.591944444444445,2.9444444444444446,0.16147635524798157,Medium
85179a,GREEN BITTY LIGHT CHAIN,1,2.46,1,0,2.46,2.46,1.0,0.0,Low
85180A,RED HEARTS LIGHT CHAIN ,503,1042.66,63,32,3.13359375,16.55015873015873,7.984126984126984,0.7381776239907728,High
85180B,PINK HEARTS LIGHT CHAIN ,271,587.1999999999999,48,19,3.28375,12.233333333333333,5.645833333333333,0.4382929642445213,Medium
85183A,CHARLIE & LOLA WASTEPAPER BIN BLUE,667,852.04,86,60,1.5657954545454544,9.907441860465116,7.755813953488372,1.384083044982699,High
85183B,CHARLIE & LOLA WASTEPAPER BIN FLORA,996,1323.37,118,84,1.8833613445378152,11.215,8.440677966101696,1.9377162629757785,High
85184C,S/4 VALENTINE DECOUPAGE HEART BOX,1652,2985.84,193,116,3.1743814432989694,15.470673575129535,8.55958549222798,2.675893886966551,Very High
85184c,SET 4 VALENTINE DECOUPAGE HEART BOX,2,11.58,2,0,5.79,5.79,1.0,0.0,Low
85185B,PINK HORSE SOCK PUPPET,297,900.3900000000001,71,51,3.411081081081081,12.68154929577465,4.183098591549296,1.1764705882352942,High
85185D,FROG SOCK PUPPET,15,44.25000000000001,8,7,2.95,5.531250000000001,1.875,0.16147635524798157,Low
85186A,EASTER BUNNY GARLAND OF FLOWERS,567,273.64,79,35,0.631625,3.4637974683544304,7.177215189873418,0.8073817762399077,Medium
85186C,BUNNY EGG GARLAND,528,269.17,78,32,0.6543037974683544,3.4508974358974362,6.769230769230769,0.7381776239907728,Medium
85187,S/12 MINI RABBIT EASTER,337,556.53,69,53,1.8753521126760564,8.065652173913042,4.884057971014493,1.2226066897347174,Medium
85188A,GREEN METAL SWINGING BUNNY,319,278.16999999999996,42,29,0.9799999999999999,6.623095238095237,7.595238095238095,0.6689734717416378,Medium
85188B,PINK METAL SWINGING BUNNY,78,68.69999999999999,10,8,1.009,6.869999999999999,7.8,0.1845444059976932,Low
85189,HANGING BUTTERFLY  EGG,9,7.6499999999999995,3,2,0.85,2.55,3.0,0.0461361014994233,Low
85194L,HANGING SPRING FLOWER EGG LARGE,947,822.89,73,52,1.02986301369863,11.272465753424658,12.972602739726028,1.1995386389850058,High
85194S,HANGING SPRING FLOWER EGG SMALL,1197,489.16999999999996,72,50,0.6436111111111111,6.794027777777777,16.625,1.1534025374855825,Medium
85195,HANGING HEART BASKET,11,23.1,3,3,2.1,7.7,3.6666666666666665,0.06920415224913494,Low
85197,SET OF 12 MINI BUNNIES IN A BUCKET,34,71.4,19,18,2.1,3.7578947368421054,1.7894736842105263,0.4152249134948097,Low
85198,ASSORTED FARMYARD ANIMALS IN BUCKET,90,74.58,9,6,1.0866666666666667,8.286666666666667,10.0,0.13840830449826988,Low
85199L,LARGE HANGING IVORY & RED WOOD BIRD,977,663.4300000000001,95,52,0.8388421052631578,6.983473684210527,10.284210526315789,1.1995386389850058,Medium
85199S,SMALL HANGING IVORY/RED WOOD BIRD,2660,1302.31,261,101,0.5927611940298507,4.989693486590038,10.191570881226054,2.3298731257208765,High
85200,BUNNY EGG BOX,183,228.75,26,24,1.25,8.798076923076923,7.038461538461538,0.5536332179930795,Medium
85202,HANGING WOOD AND FELT HEART,672,313.13,106,34,0.5484821428571428,2.954056603773585,6.339622641509434,0.7843137254901961,Medium
85203,HANGING WOOD AND FELT BUTTERFLY ,895,408.99,127,45,0.5677272727272727,3.2203937007874015,7.047244094488189,1.0380622837370241,Medium
85204,HANGING WOOD AND FELT FLOWER,2050,325.36,104,40,0.3334285714285714,3.1284615384615386,19.71153846153846,0.922722029988466,Medium
85205B,PINK FELT EASTER RABBIT GARLAND,122,323.15,29,22,2.8713333333333333,11.14310344827586,4.206896551724138,0.5074971164936563,Medium
85206A,CREAM FELT EASTER EGG BASKET,974,1568.93,114,99,1.7577391304347825,13.762543859649123,8.543859649122806,2.283737024221453,High
85206B,PINK FELT EASTER EGG BASKET,14,23.099999999999998,4,4,1.65,5.7749999999999995,3.5,0.0922722029988466,Low
85208,SET/12 FUNKY FELT FLOWER PEG IN BAG,223,416.91,48,22,2.0664583333333333,8.685625,4.645833333333333,0.5074971164936563,Medium
85211,S/4 GROOVY CAT MAGNETS,149,175.16,24,15,1.794230769230769,7.298333333333333,6.208333333333333,0.34602076124567477,Medium
85212,MINI PAINTED GARDEN DECORATION ,2451,740.15,79,60,0.5020253164556961,9.36898734177215,31.025316455696203,1.384083044982699,High
85213,MINI  ZINC GARDEN DECORATIONS ,829,330.54999999999995,33,23,0.8269696969696969,10.016666666666666,25.12121212121212,0.530565167243368,Medium
85214,TUB 24 PINK FLOWER PEGS,164,271.03999999999996,58,36,1.6734482758620688,4.673103448275861,2.8275862068965516,0.8304498269896194,Medium
85215,ASSORTED CHEESE FRIDGE MAGNETS,223,180.70999999999998,18,8,0.9811111111111112,10.039444444444444,12.38888888888889,0.1845444059976932,Medium
85216,ASSORTED CAKES FRIDGE MAGNETS,55,35.75,8,6,0.65,4.46875,6.875,0.13840830449826988,Low
85224,ASSORTED COLOUR SILK GLASSES CASE,3,6.300000000000001,1,1,2.1,6.300000000000001,3.0,0.02306805074971165,Low
85225,BLING KEY RING STAND,6,6.25,3,3,1.0833333333333333,2.0833333333333335,2.0,0.06920415224913494,Low
85227,SET OF 6 3D KIT CARDS FOR KIDS,1477,1359.3999999999999,223,115,1.1168558951965064,6.0959641255605375,6.623318385650224,2.6528258362168398,High
85230A,OPIUM SCENTED VOTIVE CANDLE,840,203.27999999999997,18,14,0.2633333333333333,11.293333333333331,46.666666666666664,0.32295271049596314,Medium
85230B,CINNAMON SCENTED VOTIVE CANDLE,1288,333.2,39,30,0.2776923076923077,8.543589743589743,33.02564102564103,0.6920415224913495,Medium
85230E,STRAWBRY SCENTED VOTIVE CANDLE,1101,267.45,24,17,0.26666666666666666,11.143749999999999,45.875,0.39215686274509803,Medium
85230F,JASMINE VOTIVE CANDLE,338,90.33999999999999,12,11,0.27666666666666667,7.528333333333332,28.166666666666668,0.2537485582468281,Low
85230G,ORANGE VOTIVE CANDLE,1032,257.03999999999996,25,20,0.2708,10.2816,41.28,0.461361014994233,Medium
85231B,CINAMMON SET OF 9 T-LIGHTS,868,777.5799999999999,151,74,1.073896103896104,5.1495364238410595,5.748344370860927,1.7070357554786622,High
85231G,ORANGE SCENTED SET/9 T-LIGHTS,594,501.27,81,49,0.9924390243902439,6.188518518518518,7.333333333333333,1.130334486735871,Medium
85231b,CINAMMON SET OF 9 T-LIGHTS,3,4.92,3,0,1.64,1.64,1.0,0.0,Low
85231g,ORANGE SCENTED SET/9 T-LIGHTS,6,9.78,6,0,1.63,1.63,1.0,0.0,Low
85232A,SET/3 POLKADOT STACKING TINS,78,389.55,29,22,5.624137931034483,13.432758620689656,2.689655172413793,0.5074971164936563,Medium
85232B,SET OF 3 BABUSHKA STACKING TINS,274,1356.3,13,7,4.950000000000001,104.33076923076922,21.076923076923077,0.16147635524798157,High
85232D,SET/3 DECOUPAGE STACKING TINS,193,992.52,69,45,5.95536231884058,14.384347826086957,2.7971014492753623,1.0380622837370241,High
90000A,RASPBERRY ANT COPPER FLOWER NECKLAC,13,77.91,8,6,6.0200000000000005,9.73875,1.625,0.13840830449826988,Low
90000B,MIDNIGHT BLUE COPPER FLOWER NECKLAC,11,67.83,7,2,6.170000000000001,9.69,1.5714285714285714,0.0461361014994233,Low
90000D,COPPER/OLIVE GREEN FLOWER NECKLACE,21,129.85,14,4,6.1899999999999995,9.275,1.5,0.0922722029988466,Medium
90001A,ANTIQUE RASPBERRY FLOWER EARRINGS,5,20.950000000000003,4,1,4.175000000000001,5.237500000000001,1.25,0.02306805074971165,Low
90001B,ANTIQUE MID BLUE FLOWER EARRINGS,5,21.15,3,2,4.216666666666667,7.05,1.6666666666666667,0.0461361014994233,Low
90001C,ANTIQUE OPAL WHITE FLOWER EARRINGS,5,21.130000000000003,5,2,4.226000000000001,4.226000000000001,1.0,0.0461361014994233,Low
90001D,ANTIQUE OLIVE GREEN FLOWER EARRINGS,7,29.73,5,3,4.246,5.946,1.4,0.06920415224913494,Low
90002D,FLOWER BURST SILVER RING CRYSTAL,13,48.71,9,5,3.7455555555555557,5.412222222222223,1.4444444444444444,0.11534025374855825,Low
90003B,ROSE COLOUR PAIR HEART HAIR SLIDES,15,56.31,10,3,3.7600000000000002,5.631,1.5,0.06920415224913494,Low
90003C,MIDNIGHT BLUE PAIR HEART HAIR SLIDE,32,119.84,24,5,3.7441666666666666,4.993333333333333,1.3333333333333333,0.11534025374855825,Low
90003D,CRYSTAL PAIR HEART HAIR SLIDES,30,112.26,16,7,3.73875,7.01625,1.875,0.16147635524798157,Low
90003E,GREEN PAIR HEART HAIR SLIDES,23,86.11,14,2,3.744285714285714,6.150714285714286,1.6428571428571428,0.0461361014994233,Low
90005A,JADE GREEN ENAMEL HAIR COMB,14,28.02,10,0,2.022,2.802,1.4,0.0,Low
90010A,MIDNIGHT BLUE GLASS/SILVER BRACELET,18,167.3,15,5,9.322,11.153333333333334,1.2,0.11534025374855825,Medium
90010B,BLACK/WHITE GLASS/SILVER BRACELET,11,100.08999999999999,7,3,9.184285714285712,14.298571428571426,1.5714285714285714,0.06920415224913494,Low
90010E,AMBER GLASS/SILVER BRACELET,25,227.89,16,7,9.098125,14.243125,1.5625,0.16147635524798157,Medium
90011A,MIDNIGHT BLUE CRYSTAL DROP EARRINGS,6,17.509999999999998,6,1,2.918333333333333,2.918333333333333,1.0,0.02306805074971165,Low
90011B,BLACK CRYSTAL DROP EARRINGS,12,35.27,7,2,2.9314285714285715,5.038571428571429,1.7142857142857142,0.0461361014994233,Low
90011C,GREEN CRYSTAL DROP EARRINGS,2,5.8,2,0,2.9,2.9,1.0,0.0,Low
90011D,PURPLE CRYSTAL DROP EARRINGS,3,8.76,3,0,2.92,2.92,1.0,0.0,Low
90011E,AMBER CRYSTAL DROP EARRINGS,3,8.76,3,0,2.92,2.92,1.0,0.0,Low
90012A,MIDNIGHT BLUE DROP CRYSTAL NECKLACE,11,53.760000000000005,5,2,7.212000000000001,10.752,2.2,0.0461361014994233,Low
90012B,BLACK DROP CRYSTAL NECKLACE,13,45.35000000000001,3,2,5.283333333333333,15.116666666666669,4.333333333333333,0.0461361014994233,Low
90013A,MIDNIGHT BLUE VINTAGE EARRINGS,52,195.32,32,3,3.759375,6.10375,1.625,0.06920415224913494,Medium
90013B,BLACK VINTAGE EARRINGS,36,149.41000000000003,31,0,4.1574193548387095,4.819677419354839,1.1612903225806452,0.0,Medium
90013C,GREEN VINTAGE EARRINGS ,39,158.08,28,4,4.115357142857143,5.645714285714286,1.3928571428571428,0.0922722029988466,Medium
90013D,PURPLE VINTAGE EARRINGS,6,25.17,3,0,4.180000000000001,8.39,2.0,0.0,Low
90014A,SILVER/MOP ORBIT NECKLACE,27,217.59,21,8,9.185238095238095,10.361428571428572,1.2857142857142858,0.1845444059976932,Medium
90014B,GOLD M PEARL  ORBIT NECKLACE,17,158.73999999999998,15,7,9.256,10.582666666666665,1.1333333333333333,0.16147635524798157,Medium
90014C,SILVER/BLACK ORBIT NECKLACE,5,43.199999999999996,4,3,8.3125,10.799999999999999,1.25,0.06920415224913494,Low
90016A,SILVER/M.O.P PENDANT ORBIT NECKLACE,17,105.71000000000001,7,4,7.815714285714286,15.101428571428572,2.4285714285714284,0.0922722029988466,Low
90016B,GOLD/M.O.P PENDANT ORBIT NECKLACE,22,184.66,19,6,8.39578947368421,9.718947368421052,1.1578947368421053,0.13840830449826988,Medium
90016C,SILVER/BLACK PENDANT ORBIT NECKLACE,3,24.96,3,0,8.32,8.32,1.0,0.0,Low
90018A,SILVER M.O.P ORBIT DROP EARRINGS,46,193.33,37,8,4.194054054054054,5.225135135135136,1.2432432432432432,0.1845444059976932,Medium
90018B,GOLD M.O.P ORBIT DROP EARRINGS,22,92.28,17,5,4.19,5.4282352941176475,1.2941176470588236,0.11534025374855825,Low
90018C,SILVER BLACK ORBIT DROP EARRINGS,12,50.400000000000006,9,3,4.183333333333334,5.6000000000000005,1.3333333333333333,0.06920415224913494,Low
90019A,SILVER M.O.P ORBIT BRACELET,38,197.09,27,8,5.245555555555556,7.29962962962963,1.4074074074074074,0.1845444059976932,Medium
90019B,GOLD M.O.P ORBIT BRACELET,18,96.52000000000001,18,2,5.362222222222223,5.362222222222223,1.0,0.0461361014994233,Low
90019C,SILVER BLACK ORBIT BRACELET,13,68.73,11,3,5.307272727272728,6.248181818181819,1.1818181818181819,0.06920415224913494,Low
90020,FILIGREE DIAMANTE CHAIN,1,12.48,1,0,12.48,12.48,1.0,0.0,Low
90021,LASER CUT MULTI STRAND NECKLACE,1,11.95,1,1,11.95,11.95,1.0,0.02306805074971165,Low
90022,EDWARDIAN DROP EARRINGS JET BLACK,24,90.2,20,4,3.7600000000000002,4.51,1.2,0.0922722029988466,Low
90023,FILIGREE DIAMANTE EARRINGS,13,55.02,9,2,4.224444444444445,6.113333333333333,1.4444444444444444,0.0461361014994233,Low
90024B,NEW BAROQUE B'FLY NECKLACE RED,8,67.28,6,2,8.38,11.213333333333333,1.3333333333333333,0.0461361014994233,Low
90024C,NEW BAROQUE B'FLY NECKLACE GREEN,4,33.81,3,1,8.436666666666667,11.270000000000001,1.3333333333333333,0.02306805074971165,Low
90024D,NEW BAROQUE B'FLY NECKLACE PINK,2,16.82,2,1,8.41,8.41,1.0,0.02306805074971165,Low
90024E,NEW BAROQUE B'FLY NECKLACE MONTANA,2,16.810000000000002,2,0,8.405000000000001,8.405000000000001,1.0,0.0,Low
90024F,NEW BAROQUE B'FLY NECKLACE CRYSTAL,5,42.13,4,1,8.4075,10.5325,1.25,0.02306805074971165,Low
90025A,BAROQUE BUTTERFLY EARRINGS BLACK,2,7.5,2,2,3.75,3.75,1.0,0.0461361014994233,Low
90025B,BAROQUE BUTTERFLY EARRINGS RED,1,3.73,1,0,3.73,3.73,1.0,0.0,Low
90025D,BAROQUE BUTTERFLY EARRINGS PINK,3,11.19,3,0,3.73,3.73,1.0,0.0,Low
90025E,BAROQUE BUTTERFLY EARRINGS MONTANA,1,3.73,1,0,3.73,3.73,1.0,0.0,Low
90025F,BAROQUE BUTTERFLY EARRINGS CRYSTAL,4,14.96,4,1,3.74,3.74,1.0,0.02306805074971165,Low
90026A,GLASS BEAD HOOP NECKLACE BLACK,2,17.0,1,1,8.5,17.0,2.0,0.02306805074971165,Low
90026B,GLASS BEAD HOOP NECKLACE MONTANA,3,25.32,3,2,8.44,8.44,1.0,0.0461361014994233,Low
90026C,GLASS BEAD HOOP NECKLACE GREEN,4,33.82,3,2,8.44,11.273333333333333,1.3333333333333333,0.0461361014994233,Low
90026D,GLASS BEAD HOOP NECKLACE AMETHYST,3,25.5,3,3,8.5,8.5,1.0,0.06920415224913494,Low
90027A,GLASS BEAD HOOP EARRINGS BLACK,6,17.66,3,1,2.936666666666667,5.886666666666667,2.0,0.02306805074971165,Low
90027B,GLASS BEAD HOOP EARRINGS MONTANA,3,8.76,3,0,2.92,2.92,1.0,0.0,Low
90027C,GLASS BEAD HOOP EARRINGS GREEN,5,14.5,5,0,2.9,2.9,1.0,0.0,Low
90027D,GLASS BEAD HOOP EARRINGS AMETHYST,9,28.4,6,1,3.2583333333333333,4.733333333333333,1.5,0.02306805074971165,Low
90028,NEW BAROQUE LARGE NECKLACE BLK/WHIT,16,134.16,14,1,8.381428571428572,9.582857142857142,1.1428571428571428,0.02306805074971165,Medium
90029,NEW BAROQUE SMALL NECKLACE BLACK,5,42.14,4,2,8.41,10.535,1.25,0.0461361014994233,Low
90030A,SPOTTED WHITE NATURAL SEED NECKLACE,72,72.0,7,7,1.0,10.285714285714286,10.285714285714286,0.16147635524798157,Low
90030B,RED KUKUI COCONUT SEED NECKLACE,122,190.73000000000002,25,13,3.1552000000000002,7.629200000000001,4.88,0.29988465974625145,Medium
90030C,BROWN KUKUI COCONUT SEED NECKLACE,77,91.7,11,8,2.3363636363636364,8.336363636363636,7.0,0.1845444059976932,Low
90031,BILI NUT AND WOOD NECKLACE,50,59.89,7,5,2.412857142857143,8.555714285714286,7.142857142857143,0.11534025374855825,Low
90032,IVORY SHELL HEART NECKLACE,21,103.13,8,4,5.855,12.89125,2.625,0.0922722029988466,Low
90033,IVORY SHELL HEART EARRINGS,10,25.07,9,1,2.502222222222222,2.785555555555556,1.1111111111111112,0.02306805074971165,Low
90034,WHITE SILVER NECKLACE SHELL GLASS,2,20.17,2,0,10.085,10.085,1.0,0.0,Low
90035A,"PEARL & SHELL 42""NECKL. GREEN",5,53.62,3,1,10.706666666666665,17.87333333333333,1.6666666666666667,0.02306805074971165,Low
90035C,"PEARL & SHELL 42""NECKL. IVORY",2,21.5,1,1,10.75,21.5,2.0,0.02306805074971165,Low
90036A,FLOWER GARLAND NECKLACE RED,6,47.7,4,3,7.95,11.925,1.5,0.06920415224913494,Low
90036B,"FLOWER GLASS GARLAND NECKL.36""GREEN",4,31.8,2,2,7.95,15.9,2.0,0.0461361014994233,Low
90036C,"FLOWER GLASS GARLAND NECKL.36""BLUE",9,71.4,5,2,7.92,14.280000000000001,1.8,0.0461361014994233,Low
90036D,"FLOWER GLASS GARLAND NECKL.36""BLACK",12,95.35000000000001,5,4,7.94,19.07,2.4,0.0922722029988466,Low
90036E,"FLOWER GLASS GARLD NECKL36""AMETHYST",14,110.95,11,4,7.922727272727273,10.086363636363636,1.2727272727272727,0.0922722029988466,Low
90036F,"FLOWER GLASS GARLD NECKL36""TURQUOIS",8,64.08,5,1,8.046000000000001,12.815999999999999,1.6,0.02306805074971165,Low
90037A,TINY CRYSTAL BRACELET RED,1,2.48,1,0,2.48,2.48,1.0,0.0,Low
90037B,TINY CRYSTAL BRACELET GREEN,10,25.28,5,1,2.506,5.056,2.0,0.02306805074971165,Low
90037C,TINY CRYSTAL BRACELET BLUE,5,12.52,5,0,2.504,2.504,1.0,0.0,Low
90038A,GLASS AND PAINTED BEADS BRACELET TO,15,56.15,10,1,3.7399999999999998,5.615,1.5,0.02306805074971165,Low
90038B,GLASS AND PAINTED BEADS BRACELET OL,13,48.77,8,1,3.7525,6.09625,1.625,0.02306805074971165,Low
90038C,GLASS AND BEADS BRACELET IVORY,9,33.69,4,1,3.735,8.4225,2.25,0.02306805074971165,Low
90039A,FIRE POLISHED GLASS BRACELET RED,8,29.96,3,1,3.736666666666667,9.986666666666666,2.6666666666666665,0.02306805074971165,Low
90039B,FIRE POLISHED GLASS BRACELET MONTAN,11,41.31,6,1,3.76,6.885000000000001,1.8333333333333333,0.02306805074971165,Low
90039C,FIRE POLISHED GLASS BRACELET BLACK,6,22.48,6,1,3.7466666666666666,3.7466666666666666,1.0,0.02306805074971165,Low
90039D,FIRE POLISHED GLASS BRACELET GREEN,21,78.69,9,2,3.743333333333333,8.743333333333332,2.3333333333333335,0.0461361014994233,Low
90040A,MURANO STYLE GLASS BRACELET RED,14,54.29,5,2,3.908,10.858,2.8,0.0461361014994233,Low
90040B,MURANO STYLE GLASS BRACELET BLACK,18,66.7,11,2,3.7318181818181815,6.0636363636363635,1.6363636363636365,0.0461361014994233,Low
90040C,MURANO STYLE GLASS BRACELET GOLD,15,54.42,10,3,3.6689999999999996,5.442,1.5,0.06920415224913494,Low
90041,PEARL AND CHERRY QUARTZ BRACLET,5,18.27,4,1,3.6925,4.5675,1.25,0.02306805074971165,Low
90042A,FRESHWATER PEARL BRACELET GOLD,3,7.6499999999999995,2,1,2.55,3.8249999999999997,1.5,0.02306805074971165,Low
90042C,FRESHWATER PEARL BRACELET IVORY,5,12.7,5,0,2.54,2.54,1.0,0.0,Low
90043,COPPER AND BRASS BAG CHARM,4,24.810000000000002,2,2,7.455,12.405000000000001,2.0,0.0461361014994233,Low
90046,WHITE WITH METAL BAG CHARM,3,14.85,1,1,4.95,14.85,3.0,0.02306805074971165,Low
90048,GREEN WITH METAL BAG CHARM,3,14.85,1,1,4.95,14.85,3.0,0.02306805074971165,Low
90049,IVORY GOLD METAL BAG CHARM,5,34.77,3,2,8.290000000000001,11.590000000000002,1.6666666666666667,0.0461361014994233,Low
90050,CRACKED GLAZE NECKLACE IVORY,8,55.72,4,2,6.98,13.93,2.0,0.0461361014994233,Low
90051,CRACKED GLAZE NECKLACE RED,10,70.16,7,3,7.0442857142857145,10.022857142857143,1.4285714285714286,0.06920415224913494,Low
90052,CRACKED GLAZE NECKLACE BROWN,2,14.14,2,0,7.07,7.07,1.0,0.0,Low
90053,CRACKED GLAZE EARRINGS IVORY,4,9.99,4,0,2.4975,2.4975,1.0,0.0,Low
90054,CRACKED GLAZE EARRINGS RED,9,22.58,9,1,2.5088888888888885,2.5088888888888885,1.0,0.02306805074971165,Low
90055,CRACKED GLAZE EARRINGS BROWN,5,12.53,5,1,2.506,2.506,1.0,0.02306805074971165,Low
90056,CHUNKY CRACKED GLAZE NECKLACE IVORY,4,43.510000000000005,4,0,10.877500000000001,10.877500000000001,1.0,0.0,Low
90057,DIAMANTE RING ASSORTED IN BOX.,1008,1311.3600000000001,22,21,1.3472727272727274,59.607272727272736,45.81818181818182,0.4844290657439446,High
90058A,CRYSTAL STUD EARRINGS CLEAR DISPLAY,324,123.12,7,7,0.38,17.58857142857143,46.285714285714285,0.16147635524798157,Low
90058B,CRYSTAL STUD EARRINGS ASSORTED COL ,612,232.56,15,15,0.38,15.504,40.8,0.34602076124567477,Medium
90059A,DIAMANTE HAIR GRIP PACK/2 CRYSTAL,45,74.53,27,1,1.6588888888888889,2.7603703703703704,1.6666666666666667,0.02306805074971165,Low
90059B,DIAMANTE HAIR GRIP PACK/2 BLACK DIA,16,26.52,10,3,1.6619999999999997,2.652,1.6,0.06920415224913494,Low
90059C,DIAMANTE HAIR GRIP PACK/2 MONTANA,15,24.79,10,3,1.654,2.479,1.5,0.06920415224913494,Low
90059D,DIAMANTE HAIR GRIP PACK/2 PERIDOT,25,41.449999999999996,19,1,1.6605263157894736,2.1815789473684206,1.3157894736842106,0.02306805074971165,Low
90059E,DIAMANTE HAIR GRIP PACK/2 RUBY,25,41.37,15,3,1.6553333333333333,2.758,1.6666666666666667,0.06920415224913494,Low
90059F,DIAMANTE HAIR GRIP PACK/2 LT ROSE,21,34.69,14,3,1.6528571428571428,2.4778571428571428,1.5,0.06920415224913494,Low
90060B,FIRE POLISHED GLASS NECKL GOLD,1,5.95,1,1,5.95,5.95,1.0,0.02306805074971165,Low
90060D,FIRE POLISHED GLASS NECKL BRONZE,3,17.85,3,3,5.95,5.95,1.0,0.06920415224913494,Low
90060F,FIRE POLISHED GLASS NECKL GREEN,6,35.160000000000004,6,0,5.86,5.86,1.0,0.0,Low
90062,CARNIVAL BRACELET,44,558.03,26,6,12.656538461538462,21.462692307692308,1.6923076923076923,0.13840830449826988,Medium
90063A,WHITE VINT ART DECO CRYSTAL NECKLAC,12,102.0,8,7,8.5,12.75,1.5,0.16147635524798157,Low
90063B,BLACK VINT ART DEC CRYSTAL NECKLACE,9,76.32,6,5,8.47,12.719999999999999,1.5,0.11534025374855825,Low
90064A,WHITE VINTAGE CRYSTAL EARRINGS,10,38.7,6,3,3.9500000000000006,6.45,1.6666666666666667,0.06920415224913494,Low
90064B,BLACK VINTAGE  CRYSTAL EARRINGS,12,45.0,7,6,3.75,6.428571428571429,1.7142857142857142,0.13840830449826988,Low
90065A,WHITE VINTAGE CRYSTAL BRACELET,7,47.25,4,3,6.75,11.8125,1.75,0.06920415224913494,Low
90065B,BLACK VINT ART DEC CRYSTAL BRACELET,2,13.5,2,1,6.75,6.75,1.0,0.02306805074971165,Low
90067A,PINK VINTAGE VICTORIAN EARRINGS,14,41.150000000000006,7,3,2.9285714285714284,5.878571428571429,2.0,0.06920415224913494,Low
90067B,BROWN VINTAGE VICTORIAN EARRINGS,2,5.8,2,0,2.9,2.9,1.0,0.0,Low
90068,"RUBY GLASS NECKLACE 42""",1,7.5,1,0,7.5,7.5,1.0,0.0,Low
90069,RUBY GLASS CLUSTER NECKLACE,2,15.0,1,1,7.5,15.0,2.0,0.02306805074971165,Low
90070,RUBY GLASS CLUSTER BRACELET,20,122.64000000000001,14,3,6.180000000000001,8.760000000000002,1.4285714285714286,0.06920415224913494,Low
90071,RUBY GLASS CLUSTER EARRINGS,44,54.62,33,1,1.2387878787878788,1.655151515151515,1.3333333333333333,0.02306805074971165,Low
90072,RUBY DROP CHANDELIER EARRINGS,21,83.42,14,2,4.083571428571429,5.958571428571429,1.5,0.0461361014994233,Low
90073,VINTAGE ENAMEL & CRYSTAL EARRINGS,27,134.70000000000002,18,4,5.008333333333334,7.483333333333334,1.5,0.0922722029988466,Medium
90074,BLACK DIAMOND CLUSTER NECKLACE,4,37.239999999999995,3,1,9.43,12.413333333333332,1.3333333333333333,0.02306805074971165,Low
90075,MONTANA DIAMOND CLUSTER NECKLACE,4,37.66,3,0,9.363333333333333,12.553333333333333,1.3333333333333333,0.0,Low
90076,MONTANA DIAMOND CLUSTER EARRINGS,9,24.12,4,1,2.8425,6.03,2.25,0.02306805074971165,Low
90077,BLACK DIAMOND CLUSTER EARRINGS,3,8.82,3,0,2.94,2.94,1.0,0.0,Low
90078,PINK/WHITE GLASS DEMI CHOKER,2,15.0,1,1,7.5,15.0,2.0,0.02306805074971165,Low
90079,VINTAGE ENAMEL & CRYSTAL NECKLACE,10,49.760000000000005,4,2,4.9925,12.440000000000001,2.5,0.0461361014994233,Low
90081A,LILY BROOCH AMETHYST COLOUR,15,74.25,8,7,4.95,9.28125,1.875,0.16147635524798157,Low
90081B,LILY BROOCH WHITE/SILVER COLOUR,1,4.95,1,0,4.95,4.95,1.0,0.0,Low
90081C,LILY BROOCH OLIVE COLOUR,20,99.60000000000001,15,6,4.99,6.640000000000001,1.3333333333333333,0.13840830449826988,Low
90082A,DIAMANTE BOW BROOCH GREEN COLOUR,30,193.2,18,8,6.483333333333333,10.733333333333333,1.6666666666666667,0.1845444059976932,Medium
90082B,DIAMANTE BOW BROOCH RED COLOUR,25,158.75,10,8,6.35,15.875,2.5,0.1845444059976932,Medium
90082D,DIAMANTE BOW BROOCH BLACK COLOUR,9,58.03,5,4,6.438,11.606,1.8,0.0922722029988466,Low
90083,CRYSTAL CZECH CROSS PHONE CHARM,25,23.47,9,2,1.4699999999999998,2.6077777777777778,2.7777777777777777,0.0461361014994233,Low
90084,PINK CRYSTAL GUITAR PHONE CHARM,1,0.85,1,1,0.85,0.85,1.0,0.02306805074971165,Low
90085,CRYSTAL STILETTO PHONE CHARM,34,36.76,10,2,1.48,3.6759999999999997,3.4,0.0461361014994233,Low
90086,CRYSTAL FROG PHONE CHARM,102,77.78999999999999,28,5,1.5003571428571427,2.7782142857142853,3.642857142857143,0.11534025374855825,Low
90087,CRYSTAL SEA HORSE PHONE CHARM,107,61.459999999999994,25,4,1.4872,2.4583999999999997,4.28,0.0922722029988466,Low
90089,PINK CRYSTAL SKULL PHONE CHARM,20,13.94,9,2,1.3166666666666667,1.5488888888888888,2.2222222222222223,0.0461361014994233,Low
90092,BLUE CRYSTAL BOOT PHONE CHARM,1,1.66,1,0,1.66,1.66,1.0,0.0,Low
90093,CLEAR CRYSTAL STAR PHONE CHARM,52,28.569999999999997,10,5,1.1889999999999998,2.8569999999999998,5.2,0.11534025374855825,Low
90094,NECKLACE+BRACELET SET FRUIT SALAD ,14,35.699999999999996,13,12,2.55,2.7461538461538457,1.0769230769230769,0.27681660899653976,Low
90096,NECKLACE+BRACELET SET BLUE BLOSSOM,45,112.21,26,3,2.4815384615384612,4.315769230769231,1.7307692307692308,0.06920415224913494,Low
90098,NECKLACE+BRACELET PINK BUTTERFLY,29,73.95,10,9,2.55,7.3950000000000005,2.9,0.20761245674740486,Low
90099,NECKLACE+BRACELET SET BLUE HIBISCUS,27,76.38,16,12,2.8637499999999996,4.77375,1.6875,0.27681660899653976,Low
90100,NECKLACE+BRACELET SET PINK DAISY,1,2.55,1,1,2.55,2.55,1.0,0.02306805074971165,Low
90101,WHITE FRANGIPANI NECKLACE,39,98.07000000000001,17,3,2.510588235294118,5.768823529411765,2.2941176470588234,0.06920415224913494,Low
90102,WHITE FRANGIPANI HAIR CLIP,10,8.5,1,1,0.85,8.5,10.0,0.02306805074971165,Low
90103,PURPLE FRANGIPANI NECKLACE,29,72.66,16,2,2.5,4.54125,1.8125,0.0461361014994233,Low
90104,PURPLE FRANGIPANI HAIRCLIP,28,23.16,12,1,0.8291666666666666,1.93,2.3333333333333335,0.02306805074971165,Low
90108,BLUE BLOSSOM HAIR CLIP,70,81.96000000000001,12,6,1.755,6.830000000000001,5.833333333333333,0.13840830449826988,Low
90112,PINK DOLLY HAIR CLIPS,2,2.1,1,0,1.05,2.1,2.0,0.0,Low
90114,SUMMER DAISIES BAG CHARM,167,417.96,88,11,2.4803409090909088,4.749545454545454,1.8977272727272727,0.2537485582468281,Medium
90115,SUMMER BUTTERFLIES BAG CHARM,54,134.53,31,0,2.485483870967742,4.339677419354839,1.7419354838709677,0.0,Medium
90116,FRUIT SALAD BAG CHARM,64,145.52,45,3,2.4153333333333333,3.233777777777778,1.4222222222222223,0.06920415224913494,Medium
90118,PINK DAISY BAG CHARM,30,74.64,19,1,2.472631578947368,3.928421052631579,1.5789473684210527,0.02306805074971165,Low
90119,METALIC LEAVES BAG CHARMS,83,205.06,36,3,2.4691666666666667,5.696111111111112,2.3055555555555554,0.06920415224913494,Medium
90120A,PINK MURANO TWIST BRACELET,7,29.73,3,0,4.243333333333333,9.91,2.3333333333333335,0.0,Low
90120B,BLUE MURANO TWIST BRACELET,39,164.12,15,5,4.201333333333333,10.941333333333334,2.6,0.11534025374855825,Medium
90120C,GREEN MURANO TWIST BRACELET,51,215.20000000000002,22,6,4.202272727272727,9.781818181818183,2.3181818181818183,0.13840830449826988,Medium
90120D,WHITE MURANO TWIST BRACELET,10,41.79,5,2,4.208,8.358,2.0,0.0461361014994233,Low
90122A,PINK CRYSTAL+GLASS BRACELET,21,104.53,14,3,4.9871428571428575,7.466428571428572,1.5,0.06920415224913494,Low
90122B,JADE CRYSTAL+GLASS BRACELET,6,29.93,6,1,4.988333333333333,4.988333333333333,1.0,0.02306805074971165,Low
90122C,TURQUOISE CRYSTAL+GLASS BRACELET,24,119.23,11,3,4.986363636363636,10.83909090909091,2.1818181818181817,0.06920415224913494,Low
90123A,PINK HEART OF GLASS BRACELET,15,89.12,9,8,5.935555555555556,9.902222222222223,1.6666666666666667,0.1845444059976932,Low
90123B,TURQUOISE HEART OF GLASS BRACELET,9,53.42,5,4,5.924,10.684000000000001,1.8,0.0922722029988466,Low
90123C,GREEN HEART OF GLASS BRACELET,14,83.29,6,5,5.948333333333333,13.881666666666668,2.3333333333333335,0.11534025374855825,Low
90123D,WHITE HEART OF GLASS BRACELET,6,35.31,5,2,5.872,7.062,1.2,0.0461361014994233,Low
90124A,PINK MURANO TWIST NECKLACE,8,79.66,6,4,9.959999999999999,13.276666666666666,1.3333333333333333,0.0922722029988466,Low
90124B,BLUE MURANO TWIST NECKLACE,12,119.89,11,3,9.994545454545454,10.899090909090908,1.0909090909090908,0.06920415224913494,Low
90124C,GREEN MURANO TWIST NECKLACE,11,109.53999999999999,8,4,9.96125,13.692499999999999,1.375,0.0922722029988466,Low
90125A,PINK BERTIE GLASS BEAD BAG CHARM,115,106.24,10,4,1.5399999999999998,10.623999999999999,11.5,0.0922722029988466,Low
90125B,AQUA BERTIE GLASS BEAD BAG CHARM,30,48.06,12,3,2.0741666666666667,4.005,2.5,0.06920415224913494,Low
90125C,TURQUOISE BERTIE GLASS BEAD CHARM,77,69.85,7,2,1.4785714285714284,9.978571428571428,11.0,0.0461361014994233,Low
90125D,PURPLE BERTIE GLASS BEAD BAG CHARM,95,110.03,19,3,2.0989473684210522,5.791052631578947,5.0,0.06920415224913494,Low
90125E,AMBER BERTIE GLASS BEAD BAG CHARM,11,21.05,10,1,1.9419999999999997,2.105,1.1,0.02306805074971165,Low
90126A,PINK BERTIE MOBILE PHONE CHARM,1,3.36,1,0,3.36,3.36,1.0,0.0,Low
90126C,AMBER BERTIE MOBILE PHONE CHARM,2,6.58,1,0,3.29,6.58,2.0,0.0,Low
90127A,PINK BEADS+HAND PHONE CHARM,2,4.92,1,0,2.46,4.92,2.0,0.0,Low
90128A,PINK LEAVES AND BEADS PHONE CHARM,3,7.43,2,0,2.485,3.715,1.5,0.0,Low
90128B,BLUE LEAVES AND BEADS PHONE CHARM,2,3.76,2,1,1.88,1.88,1.0,0.02306805074971165,Low
90128C,GREEN LEAVES AND BEADS PHONE CHARM,2,4.97,2,0,2.485,2.485,1.0,0.0,Low
90128D,PURPLE LEAVES AND BEADS PHONE CHAR,2,4.97,2,0,2.485,2.485,1.0,0.0,Low
90129A,PINK GLASS TASSLE BAG CHARM ,45,82.98,20,3,1.8370000000000002,4.149,2.25,0.06920415224913494,Low
90129B,TURQUOISE GLASS TASSLE BAG CHARM ,57,121.38,20,6,2.035,6.069,2.85,0.13840830449826988,Low
90129C,GREEN GLASS TASSLE BAG CHARM,35,79.76,16,6,2.130625,4.985,2.1875,0.13840830449826988,Low
90129D,AMBER GLASS TASSLE BAG CHARM,14,33.440000000000005,7,2,2.0157142857142856,4.777142857142858,2.0,0.0461361014994233,Low
90129E,PURPLE GLASS TASSLE BAG CHARM,42,77.03999999999999,14,1,1.7328571428571427,5.502857142857143,3.0,0.02306805074971165,Low
90129F,RED GLASS TASSLE BAG CHARM,40,88.03,16,5,2.1325,5.501875,2.5,0.11534025374855825,Low
90130A,WHITE STONE/CRYSTAL EARRINGS,6,17.5,6,1,2.9166666666666665,2.9166666666666665,1.0,0.02306805074971165,Low
90130B,TURQ STONE/CRYSTAL EARRINGS,39,113.97,31,3,2.9183870967741936,3.6764516129032256,1.2580645161290323,0.06920415224913494,Low
90130C,GREEN STONE/CRYSTAL EARRINGS,14,40.95,13,0,2.9223076923076925,3.1500000000000004,1.0769230769230769,0.0,Low
90130D,RED STONE/CRYSTAL EARRINGS,3,8.7,3,0,2.9,2.9,1.0,0.0,Low
90131,PINK/AMETHYST/GOLD NECKLACE,5,34.870000000000005,2,1,7.01,17.435000000000002,2.5,0.02306805074971165,Low
90132,LIGHT TOPAZ TEAL/AQUA COL NECKLACE,3,15.16,3,0,5.053333333333334,5.053333333333334,1.0,0.0,Low
90133,TEAL/FUSCHIA COL BEAD NECKLACE,19,94.43,13,3,4.979230769230769,7.2638461538461545,1.4615384615384615,0.06920415224913494,Low
90134,OLD ROSE COMBO BEAD NECKLACE,54,157.5,45,0,2.912,3.5,1.2,0.0,Medium
90135,ORANGE/WHT/FUSCHIA STONES NECKLACE,8,39.660000000000004,2,1,4.965,19.830000000000002,4.0,0.02306805074971165,Low
90135A,ORANGE/FUSCHIA STONES NECKLACE,1,4.98,1,0,4.98,4.98,1.0,0.0,Low
90136,PALE PINK/AMETHYST STONE NECKLACE,3,29.849999999999998,2,2,9.95,14.924999999999999,1.5,0.0461361014994233,Low
90137,PINK COMBO MINI CRYSTALS NECKLACE,3,16.310000000000002,3,0,5.436666666666667,5.436666666666667,1.0,0.0,Low
90138,WHITE/PINK MINI CRYSTALS NECKLACE,10,52.42,7,1,5.367142857142857,7.488571428571428,1.4285714285714286,0.02306805074971165,Low
90140,PINK SWEETIE NECKLACE,2,15.120000000000001,2,0,7.5600000000000005,7.5600000000000005,1.0,0.0,Low
90141A,GREEN PENDANT TRIPLE SHELL NECKLACE,12,63.11,10,2,5.321,6.311,1.2,0.0461361014994233,Low
90141B,IVORY PENDANT TRIPLE SHELL NECKLACE,9,44.86,5,2,5.0120000000000005,8.972,1.8,0.0461361014994233,Low
90141C,TURQ PENDANT TRIPLE SHELL NECKLACE,10,52.31,8,2,5.3012500000000005,6.53875,1.25,0.0461361014994233,Low
90141D,ROSE PENDANT TRIPLE SHELL NECKLACE,4,20.36,2,1,5.23,10.18,2.0,0.02306805074971165,Low
90141E,ORANGE PENDANT TRIPLE SHELL NECKLAC,5,24.75,2,1,4.95,12.375,2.5,0.02306805074971165,Low
90142A,GREEN PENDANT SHELL NECKLACE,1,5.09,1,0,5.09,5.09,1.0,0.0,Low
90142D,MOP PENDANT SHELL NECKLACE,10,49.64,4,3,4.985,12.41,2.5,0.06920415224913494,Low
90143,SILVER BRACELET W PASTEL FLOWER,32,244.68,19,7,7.686315789473684,12.877894736842105,1.6842105263157894,0.16147635524798157,Medium
90144,SILVER DROP EARRINGS WITH FLOWER,18,67.36,14,3,3.7399999999999998,4.811428571428571,1.2857142857142858,0.06920415224913494,Low
90145,SILVER HOOP EARRINGS WITH FLOWER,28,168.0,18,7,6.027777777777778,9.333333333333334,1.5555555555555556,0.16147635524798157,Medium
90146,FINE SILVER NECKLACE W PASTEL FLOWE,17,95.35000000000001,7,3,7.192857142857143,13.621428571428572,2.4285714285714284,0.06920415224913494,Low
90147,CHUNKY SILVER NECKLACE PASTEL FLOWE,32,324.01,23,10,10.19391304347826,14.087391304347825,1.391304347826087,0.2306805074971165,Medium
90148,LONG SILVER NECKLACE PASTEL FLOWER,8,101.73,6,5,12.705,16.955000000000002,1.3333333333333333,0.11534025374855825,Low
90149,SILVER FLOWR PINK SHELL NECKLACE,53,342.76000000000005,4,2,7.21,85.69000000000001,13.25,0.0461361014994233,Medium
90151,SILVER/NATURAL SHELL NECKLACE,8,68.0,4,2,8.5,17.0,2.0,0.0461361014994233,Low
90152A,SILVER/NAT SHELL NECKLACE W PENDANT,5,28.76,5,3,5.752000000000001,5.752000000000001,1.0,0.06920415224913494,Low
90152B,BLUE/GREEN SHELL NECKLACE W PENDANT,2,11.46,2,1,5.73,5.73,1.0,0.02306805074971165,Low
90152C,BLUE/NAT SHELL NECKLACE W PENDANT,1,5.95,1,1,5.95,5.95,1.0,0.02306805074971165,Low
90154,LAZER CUT NECKLACE W PASTEL BEADS,57,421.75,5,5,8.61,84.35,11.4,0.11534025374855825,Medium
90155,RESIN NECKLACE W PASTEL BEADS,9,67.62,7,4,7.517142857142857,9.66,1.2857142857142858,0.0922722029988466,Low
90156,RESIN BRACELET W PASTEL BEADS,4,19.8,3,2,4.95,6.6000000000000005,1.3333333333333333,0.0461361014994233,Low
90157,RIVIERA NECKLACE,10,49.59,5,2,4.968000000000001,9.918000000000001,2.0,0.0461361014994233,Low
90158,ST TROPEZ NECKLACE,45,224.12,35,6,4.9874285714285715,6.403428571428572,1.2857142857142858,0.13840830449826988,Medium
90159,COTE D'AZURE NECKLACE,6,29.790000000000003,5,2,4.968000000000001,5.958,1.2,0.0461361014994233,Low
90160A,PURPLE BOUDICCA LARGE BRACELET,38,264.94,15,10,6.982,17.662666666666667,2.533333333333333,0.2306805074971165,Medium
90160B,RED BOUDICCA LARGE BRACELET,30,209.73,12,7,7.0025,17.4775,2.5,0.16147635524798157,Medium
90160C,TURQ+RED BOUDICCA LARGE BRACELET,54,377.04,26,14,7.003076923076923,14.501538461538463,2.076923076923077,0.32295271049596314,Medium
90160D,PINK BOUDICCA LARGE BRACELET,38,264.7,12,9,6.97,22.058333333333334,3.1666666666666665,0.20761245674740486,Medium
90161A,ANT COPPER RED BOUDICCA BRACELET,24,119.91,21,6,5.002857142857143,5.71,1.1428571428571428,0.13840830449826988,Low
90161B,ANT COPPER TURQ BOUDICCA BRACELET,76,377.88,37,10,4.984594594594594,10.212972972972972,2.054054054054054,0.2306805074971165,Medium
90161C,ANT COPPER LIME BOUDICCA BRACELET,83,412.74,50,13,4.986000000000001,8.2548,1.66,0.29988465974625145,Medium
90161D,ANT COPPER PINK BOUDICCA BRACELET,64,318.89,34,6,4.997941176470588,9.379117647058823,1.8823529411764706,0.13840830449826988,Medium
90162A,ANT SILVER TURQUOISE BOUDICCA RING,6,17.700000000000003,1,1,2.95,17.700000000000003,6.0,0.02306805074971165,Low
90162B,ANT SILVER LIME GREEN BOUDICCA RING,27,79.65,10,7,2.95,7.965000000000001,2.7,0.16147635524798157,Low
90162C,ANT SILVER FUSCHIA BOUDICCA RING,14,41.300000000000004,7,3,2.95,5.9,2.0,0.06920415224913494,Low
90162D,ANT SILVER PURPLE BOUDICCA RING,10,29.500000000000004,5,3,2.95,5.9,2.0,0.06920415224913494,Low
90163A,PINK ROSEBUD & PEARL NECKLACE,12,90.32,9,2,7.537777777777778,10.035555555555554,1.3333333333333333,0.0461361014994233,Low
90163B,WHITE ROSEBUD & PEARL NECKLACE,7,52.72,5,1,7.516,10.544,1.4,0.02306805074971165,Low
90164A,PINK ROSEBUD PEARL BRACELET,27,130.67,14,6,6.333571428571429,9.333571428571428,1.9285714285714286,0.13840830449826988,Medium
90164B,WHITE  ROSEBUD PEARL BRACELET,38,140.98,15,7,5.290666666666667,9.398666666666665,2.533333333333333,0.16147635524798157,Medium
90165A,PINK ROSEBUD PEARL EARRINGS,16,39.98,15,0,2.5,2.6653333333333333,1.0666666666666667,0.0,Low
90165B,WHITE ROSEBUD  PEARL EARRINGS,19,47.43,18,1,2.493888888888889,2.635,1.0555555555555556,0.02306805074971165,Low
90166,PINK & WHITE ROSEBUD RING,21,88.04,15,4,4.176,5.8693333333333335,1.4,0.0922722029988466,Low
90167,BEADED LOVE HEART JEWELLERY SET,10,8.5,1,1,0.85,8.5,10.0,0.02306805074971165,Low
90168,2 DAISIES HAIR COMB,18,52.56,12,1,2.9091666666666662,4.38,1.5,0.02306805074971165,Low
90169,DAISY HAIR COMB,19,47.84,11,1,2.502727272727273,4.34909090909091,1.7272727272727273,0.02306805074971165,Low
90170,DAISY HAIR BAND,85,140.32999999999998,37,6,1.652162162162162,3.7927027027027025,2.2972972972972974,0.13840830449826988,Medium
90173,PAIR BUTTERFLY HAIR CLIPS,32,120.34,17,3,3.7676470588235293,7.078823529411765,1.8823529411764706,0.06920415224913494,Low
90174,BUTTERFLY HAIR BAND,38,95.42,21,4,2.4961904761904763,4.543809523809524,1.8095238095238095,0.0922722029988466,Low
90175A,WHITE GLASS CHUNKY CHARM BRACELET,27,245.63,25,6,9.1012,9.8252,1.08,0.13840830449826988,Medium
90175B,PINK GLASS CHUNKY CHARM BRACELET,10,91.68,9,0,9.17,10.186666666666667,1.1111111111111112,0.0,Low
90175C,BLUE GLASS CHUNKY CHARM BRACELET,9,80.55,6,6,8.95,13.424999999999999,1.5,0.13840830449826988,Low
90175D,TIGRIS EYE CHUNKY CHARM BRACELET,23,210.04,20,2,9.1395,10.501999999999999,1.15,0.0461361014994233,Medium
90176A,CLASSIC DIAMANTE NECKLACE JET,3,22.48,2,1,7.49,11.24,1.5,0.02306805074971165,Low
90176B,DIAMANTE NECKLACE BLACK ,4,30.12,3,1,7.54,10.040000000000001,1.3333333333333333,0.02306805074971165,Low
90176C,DIAMANTE NECKLACE,3,23.32,2,1,7.91,11.66,1.5,0.02306805074971165,Low
90176D,DIAMANTE NECKLACE PURPLE,7,52.5,4,4,7.5,13.125,1.75,0.0922722029988466,Low
90176E,DIAMANTE NECKLACE GREEN,4,29.98,3,2,7.493333333333333,9.993333333333334,1.3333333333333333,0.0461361014994233,Low
90177A,CLASSIC DIAMANTE EARRINGS JET,14,40.900000000000006,9,1,2.9055555555555554,4.544444444444445,1.5555555555555556,0.02306805074971165,Low
90177B,DROP DIAMANTE EARRINGS BLACK DIAMON,14,41.010000000000005,7,2,2.922857142857143,5.858571428571429,2.0,0.0461361014994233,Low
90177C,DROP DIAMANTE EARRINGS CRYSTAL,26,76.23,14,3,2.9235714285714285,5.445,1.8571428571428572,0.06920415224913494,Low
90177D,DROP DIAMANTE EARRINGS PURPLE,25,73.53,14,5,2.934285714285714,5.252142857142857,1.7857142857142858,0.11534025374855825,Low
90177E,DROP DIAMANTE EARRINGS GREEN,14,41.080000000000005,9,1,2.9255555555555555,4.564444444444445,1.5555555555555556,0.02306805074971165,Low
90178A,AMBER CHUNKY GLASS+BEAD NECKLACE,8,95.25,8,6,11.90625,11.90625,1.0,0.13840830449826988,Low
90178B,PURPLE CHUNKY GLASS+BEAD NECKLACE,1,11.95,1,1,11.95,11.95,1.0,0.02306805074971165,Low
90179A,AMBER FINE BEAD NECKLACE W TASSEL,6,35.31,5,2,5.872,7.062,1.2,0.0461361014994233,Low
90179B,PURPLE FINE BEAD NECKLACE W TASSEL,3,17.59,3,0,5.863333333333333,5.863333333333333,1.0,0.0,Low
90179C,BLACK FINE BEAD NECKLACE W TASSEL,6,35.44,6,1,5.906666666666666,5.906666666666666,1.0,0.02306805074971165,Low
90180A,BLACK+WHITE NECKLACE W TASSEL,17,127.24,9,5,9.182222222222222,14.137777777777778,1.8888888888888888,0.11534025374855825,Low
90180B,PURPLE AMETHYST NECKLACE W TASSEL,5,49.81,5,3,9.962,9.962,1.0,0.06920415224913494,Low
90181A,AMBER GLASS/SHELL/PEARL NECKLACE,7,64.04,7,1,9.14857142857143,9.14857142857143,1.0,0.02306805074971165,Low
90181B,AMETHYST GLASS/SHELL/PEARL NECKLACE,15,137.63,14,0,9.177142857142858,9.830714285714285,1.0714285714285714,0.0,Medium
90181C,BLACK GLASS/SHELL/PEARL NECKLACE,1,9.15,1,0,9.15,9.15,1.0,0.0,Low
90182A,AMBER 3 BEAD DROP EARRINGS,8,23.2,8,0,2.9,2.9,1.0,0.0,Low
90182B,AMETHYST 3 BEAD DROP EARRINGS,5,14.5,5,0,2.9,2.9,1.0,0.0,Low
90182C,BLACK 3 BEAD DROP EARRINGS,14,40.96,9,1,2.9122222222222223,4.551111111111111,1.5555555555555556,0.02306805074971165,Low
90183A,AMBER DROP EARRINGS W LONG BEADS,40,117.24000000000001,23,5,2.9213043478260867,5.097391304347826,1.7391304347826086,0.11534025374855825,Low
90183B,AMETHYST DROP EARRINGS W LONG BEADS,21,61.08,17,0,2.9105882352941173,3.592941176470588,1.2352941176470589,0.0,Low
90183C,BLACK DROP EARRINGS W LONG BEADS,9,26.15,9,1,2.9055555555555554,2.9055555555555554,1.0,0.02306805074971165,Low
90183c,BLACK DROP EARRINGS W LONG BEADS,1,2.9,1,0,2.9,2.9,1.0,0.0,Low
90184A,AMBER CHUNKY BEAD BRACELET W STRAP,13,117.73,9,4,9.103333333333332,13.081111111111111,1.4444444444444444,0.0922722029988466,Low
90184B,AMETHYST CHUNKY BEAD BRACELET W STR,33,297.94,21,11,9.054285714285713,14.187619047619048,1.5714285714285714,0.2537485582468281,Medium
90184C,BLACK CHUNKY BEAD BRACELET W STRAP,21,190.51999999999998,17,7,9.101176470588236,11.20705882352941,1.2352941176470589,0.16147635524798157,Medium
90184c,BLACK CHUNKY BEAD BRACELET W STRAP,1,9.15,1,0,9.15,9.15,1.0,0.0,Low
90185A,AMBER DIAMANTE EXPANDABLE RING,31,131.03,13,5,4.202307692307692,10.079230769230769,2.3846153846153846,0.11534025374855825,Medium
90185B,AMETHYST DIAMANTE EXPANDABLE RING,23,97.02,12,3,4.19,8.084999999999999,1.9166666666666667,0.06920415224913494,Low
90185C,BLACK DIAMANTE EXPANDABLE RING,26,110.09,10,5,4.2090000000000005,11.009,2.6,0.11534025374855825,Low
90185D,CRYSTAL DIAMANTE EXPANDABLE RING,35,148.63,11,7,4.239090909090909,13.511818181818182,3.1818181818181817,0.16147635524798157,Medium
90186A,AMETHYST HOOP EARRING FLORAL LEAF,11,32.16,9,3,2.9233333333333333,3.573333333333333,1.2222222222222223,0.06920415224913494,Low
90186B,CRYSTAL HOOP EARRING FLORAL LEAF,22,64.58,15,6,2.9320000000000004,4.3053333333333335,1.4666666666666666,0.13840830449826988,Low
90187A,BLUE DROP EARRINGS W BEAD CLUSTER,1,3.32,1,0,3.32,3.32,1.0,0.0,Low
90187B,GREEN DROP EARRINGS W BEAD CLUSTER,12,40.03,8,1,3.3325,5.00375,1.5,0.02306805074971165,Low
90188,DROP EARRINGS W FLOWER & LEAF,9,22.58,7,2,2.5171428571428573,3.2257142857142855,1.2857142857142858,0.0461361014994233,Low
90189A,SILVER 2 STRAND NECKLACE-LEAF CHARM,2,15.0,2,2,7.5,7.5,1.0,0.0461361014994233,Low
90190A,SILVER/CRYSTAL DROP EARRINGS W LEAF,16,46.76,10,1,2.911,4.676,1.6,0.02306805074971165,Low
90190B,GOLD/AMBER DROP EARRINGS W LEAF,13,38.18,7,1,2.924285714285714,5.454285714285715,1.8571428571428572,0.02306805074971165,Low
90190C,SILVER/AMETHYST DROP EARRINGS LEAF,20,58.43,19,4,2.92,3.075263157894737,1.0526315789473684,0.0922722029988466,Low
90191,SILVER LARIAT 40CM,26,163.82,10,7,9.729000000000001,16.381999999999998,2.6,0.16147635524798157,Medium
90192,JADE DROP EARRINGS W FILIGREE,42,209.1,25,5,4.9956,8.363999999999999,1.68,0.11534025374855825,Medium
90194,SILVER LARIAT BLACK STONE EARRINGS,16,67.87,10,6,4.237,6.787000000000001,1.6,0.13840830449826988,Low
90195A,PURPLE GEMSTONE BRACELET,19,122.84,10,7,7.228999999999999,12.284,1.9,0.16147635524798157,Low
90195B,BLACK GEMSTONE BRACELET,4,29.98,4,3,7.495,7.495,1.0,0.06920415224913494,Low
90196A,PURPLE GEMSTONE NECKLACE 45CM,8,102.0,5,5,12.75,20.4,1.6,0.11534025374855825,Low
90196B,BLACK GEMSTONE NECKLACE 45CM,5,63.480000000000004,5,4,12.696000000000002,12.696000000000002,1.0,0.0922722029988466,Low
90197B,BLACK GLASS BRACELET W HEART CHARMS,35,174.73000000000002,27,1,4.994074074074074,6.471481481481482,1.2962962962962963,0.02306805074971165,Medium
90198A,VINTAGE ROSE BEAD BRACELET RASPBERR,75,315.73,44,8,4.195227272727273,7.175681818181818,1.7045454545454546,0.1845444059976932,Medium
90198B,VINTAGE ROSE BEAD BRACELET BLACK,36,152.4,17,11,4.214705882352941,8.964705882352941,2.1176470588235294,0.2537485582468281,Medium
90199A,5 STRAND GLASS NECKLACE BLACK,11,69.63,6,3,6.3133333333333335,11.604999999999999,1.8333333333333333,0.06920415224913494,Low
90199B,5 STRAND GLASS NECKLACE AMETHYST,9,56.59,8,1,6.28,7.07375,1.125,0.02306805074971165,Low
90199C,5 STRAND GLASS NECKLACE CRYSTAL,19,120.28999999999999,10,7,6.32,12.029,1.9,0.16147635524798157,Low
90199D,5 STRAND GLASS NECKLACE AMBER,6,37.620000000000005,6,2,6.2700000000000005,6.2700000000000005,1.0,0.0461361014994233,Low
90200A,PURPLE SWEETHEART BRACELET,78,328.44,50,14,4.1948,6.5687999999999995,1.56,0.32295271049596314,Medium
90200B,BLACK SWEETHEART BRACELET,93,392.83,47,18,4.204893617021276,8.358085106382978,1.9787234042553192,0.4152249134948097,Medium
90200C,BLUE SWEETHEART BRACELET,50,211.43,26,6,4.22,8.131923076923076,1.9230769230769231,0.13840830449826988,Medium
90200D,PINK SWEETHEART BRACELET,175,725.32,78,21,4.1883333333333335,9.298974358974359,2.2435897435897436,0.4844290657439446,High
90200E,GREEN SWEETHEART BRACELET,103,423.41,44,15,4.187727272727273,9.622954545454546,2.340909090909091,0.34602076124567477,Medium
90201A,PURPLE ENAMEL FLOWER RING,69,202.51000000000002,28,11,2.9217857142857144,7.232500000000001,2.4642857142857144,0.2537485582468281,Medium
90201B,BLACK ENAMEL FLOWER RING,86,252.90000000000003,23,9,2.9347826086956523,10.995652173913046,3.739130434782609,0.20761245674740486,Medium
90201C,RED ENAMEL FLOWER RING,63,185.42000000000002,21,12,2.9342857142857146,8.82952380952381,3.0,0.27681660899653976,Medium
90201D,GREEN ENAMEL FLOWER RING,77,225.84,31,9,2.9203225806451614,7.285161290322581,2.4838709677419355,0.20761245674740486,Medium
90202A,PURPLE ENAMEL FLOWER HAIR TIE,22,64.28,15,1,2.9153333333333333,4.285333333333333,1.4666666666666666,0.02306805074971165,Low
90202B,WHITE ENAMEL FLOWER HAIR TIE,17,49.65,10,2,2.91,4.965,1.7,0.0461361014994233,Low
90202C,GREEN ENAMEL FLOWER HAIR TIE,20,58.71,14,2,2.932857142857143,4.1935714285714285,1.4285714285714286,0.0461361014994233,Low
90202D,PINK ENAMEL FLOWER HAIR TIE,22,64.46000000000001,11,2,2.9145454545454546,5.86,2.0,0.0461361014994233,Low
90204,PAIR OF ENAMEL BUTTERFLY HAIRCLIP,29,96.86,18,8,3.337222222222222,5.381111111111111,1.6111111111111112,0.1845444059976932,Low
90205A,LARGE MINT DIAMANTE HAIRSLIDE,31,51.51,16,6,1.6624999999999999,3.219375,1.9375,0.13840830449826988,Low
90205C,LARGE CRYSTAL DIAMANTE HAIRSLIDE,29,48.209999999999994,15,3,1.6553333333333333,3.2139999999999995,1.9333333333333333,0.06920415224913494,Low
90206A,GOLD DIAMANTE STAR BROOCH,12,59.800000000000004,9,2,4.9944444444444445,6.644444444444445,1.3333333333333333,0.0461361014994233,Low
90206C,CRYSTAL DIAMANTE STAR BROOCH,45,224.73000000000002,31,6,4.990967741935484,7.249354838709678,1.4516129032258065,0.13840830449826988,Medium
90208,PAIR OF PINK FLOWER CLUSTER SLIDE,53,132.7,37,4,2.4975675675675673,3.586486486486486,1.4324324324324325,0.0922722029988466,Medium
90209A,PURPLE ENAMEL+GLASS HAIR COMB,84,163.8,4,3,2.0125,40.95,21.0,0.06920415224913494,Medium
90209B,GREEN ENAMEL+GLASS HAIR COMB,184,355.64,54,7,2.074,6.585925925925926,3.4074074074074074,0.16147635524798157,Medium
90209C,PINK ENAMEL+GLASS HAIR COMB,263,480.5,31,8,2.059354838709677,15.5,8.483870967741936,0.1845444059976932,Medium
90210A,GREY ACRYLIC FACETED BANGLE,34,57.55,10,3,2.415,5.755,3.4,0.06920415224913494,Low
90210B,CLEAR ACRYLIC FACETED BANGLE,41,61.56,7,6,2.1514285714285717,8.794285714285715,5.857142857142857,0.13840830449826988,Low
90210C,RED   ACRYLIC FACETED BANGLE,99,130.51000000000002,10,5,2.206,13.051000000000002,9.9,0.11534025374855825,Medium
90210D,PURPLE ACRYLIC FACETED BANGLE,107,132.05,8,4,1.6,16.50625,13.375,0.0922722029988466,Medium
90211A,DIAMOND LAS VEGAS NECKLACE 45CM,12,70.97,8,3,5.91375,8.87125,1.5,0.06920415224913494,Low
90211B,JET BLACK LAS VEGAS NECKLACE 45CM,9,53.260000000000005,6,2,5.903333333333333,8.876666666666667,1.5,0.0461361014994233,Low
90212B,JET BLACK LAS VEGAS BRACELET ROUND,10,37.62,8,1,3.765,4.7025,1.25,0.02306805074971165,Low
90212C,PURPLE LAS VEGAS BRACELET ROUND,7,26.25,3,2,3.75,8.75,2.3333333333333335,0.0461361014994233,Low
90214A,"LETTER ""A"" BLING KEY RING",130,111.66,56,5,0.9039285714285714,1.9939285714285713,2.3214285714285716,0.11534025374855825,Low
90214B,"LETTER ""B"" BLING KEY RING",37,24.77,22,2,0.8281818181818181,1.125909090909091,1.6818181818181819,0.0461361014994233,Low
90214C,"LETTER ""C"" BLING KEY RING",91,72.77,33,7,0.8336363636363636,2.205151515151515,2.757575757575758,0.16147635524798157,Low
90214D,"LETTER ""D"" BLING KEY RING",68,49.9,32,5,0.865625,1.559375,2.125,0.11534025374855825,Low
90214E,"LETTER ""E"" BLING KEY RING",72,53.199999999999996,30,6,0.8506666666666667,1.7733333333333332,2.4,0.13840830449826988,Low
90214F,"LETTER ""F"" BLING KEY RING",27,15.429999999999998,15,2,0.7606666666666667,1.0286666666666666,1.8,0.0461361014994233,Low
90214G,"LETTER ""G"" BLING KEY RING",60,40.199999999999996,30,5,0.8353333333333333,1.3399999999999999,2.0,0.11534025374855825,Low
90214H,"LETTER ""H"" BLING KEY RING",48,36.76,30,4,0.8546666666666667,1.2253333333333332,1.6,0.0922722029988466,Low
90214I,"LETTER ""I"" BLING KEY RING",38,29.62,13,3,0.7838461538461539,2.2784615384615385,2.923076923076923,0.06920415224913494,Low
90214J,"LETTER ""J"" BLING KEY RING",71,57.21,41,3,0.8602439024390243,1.3953658536585367,1.7317073170731707,0.06920415224913494,Low
90214K,"LETTER ""K"" BLING KEY RING",78,60.699999999999996,38,6,0.8915789473684211,1.5973684210526315,2.0526315789473686,0.13840830449826988,Low
90214L,"LETTER ""L"" BLING KEY RING",94,65.03999999999999,37,4,0.8386486486486486,1.7578378378378376,2.5405405405405403,0.0922722029988466,Low
90214M,"LETTER ""M"" BLING KEY RING",60,49.82,28,3,0.8742857142857143,1.7792857142857144,2.142857142857143,0.06920415224913494,Low
90214N,"LETTER ""N"" BLING KEY RING",41,29.23,24,3,0.8416666666666667,1.2179166666666668,1.7083333333333333,0.06920415224913494,Low
90214O,"LETTER ""O"" BLING KEY RING",16,6.819999999999999,5,1,0.726,1.3639999999999999,3.2,0.02306805074971165,Low
90214P,"LETTER ""P"" BLING KEY RING",39,20.229999999999997,16,4,0.8125,1.2643749999999998,2.4375,0.0922722029988466,Low
90214R,"LETTER ""R"" BLING KEY RING",41,28.009999999999998,25,3,0.8251999999999999,1.1203999999999998,1.64,0.06920415224913494,Low
90214S,"LETTER ""S"" BLING KEY RING",94,71.0,41,5,0.8251219512195122,1.7317073170731707,2.292682926829268,0.11534025374855825,Low
90214T,"LETTER ""T"" BLING KEY RING",24,13.459999999999999,11,1,0.7827272727272727,1.2236363636363636,2.1818181818181817,0.02306805074971165,Low
90214U,"LETTER ""U"" BLING KEY RING",12,3.4799999999999995,1,1,0.29,3.4799999999999995,12.0,0.02306805074971165,Low
90214V,"LETTER ""V"" BLING KEY RING",26,15.979999999999999,14,2,0.8542857142857142,1.1414285714285712,1.8571428571428572,0.0461361014994233,Low
90214W,"LETTER ""W"" BLING KEY RING",16,6.819999999999999,5,1,0.726,1.3639999999999999,3.2,0.02306805074971165,Low
90214Y,"LETTER ""Y"" BLING KEY RING",66,22.839999999999996,8,3,0.7525,2.8549999999999995,8.25,0.06920415224913494,Low
90214Z,"LETTER ""Z"" BLING KEY RING",22,11.84,10,1,0.7819999999999999,1.184,2.2,0.02306805074971165,Low
BANK CHARGES,Bank Charges,12,165.001,11,10,13.750083333333334,15.00009090909091,1.0909090909090908,0.2306805074971165,Medium
C2,CARRIAGE,142,7051.0,141,29,49.87943262411348,50.00709219858156,1.0070921985815602,0.6689734717416378,Very High
DCGS0003,BOXED GLASS ASHTRAY,4,9.94,4,0,2.485,2.485,1.0,0.0,Low
DCGS0004,HAYNES CAMPER SHOULDER BAG,1,16.63,1,0,16.63,16.63,1.0,0.0,Low
DCGS0069,OOH LA LA DOGS COLLAR,1,15.79,1,0,15.79,15.79,1.0,0.0,Low
DCGS0070,CAMOUFLAGE DOG COLLAR,1,12.72,1,0,12.72,12.72,1.0,0.0,Low
DCGS0076,SUNJAR LED NIGHT NIGHT LIGHT,3,48.39,2,0,16.13,24.195,1.5,0.0,Low
DCGSSBOY,BOYS PARTY BAG,47,150.54999999999998,11,0,3.1045454545454545,13.686363636363636,4.2727272727272725,0.0,Medium
DCGSSGIRL,GIRLS PARTY BAG,47,144.43,13,0,3.1330769230769233,11.110000000000001,3.6153846153846154,0.0,Medium
DOT,DOTCOM POSTAGE,706,206248.77,706,1,292.13706798866855,292.13706798866855,1.0,0.02306805074971165,Very High
PADS,PADS TO MATCH ALL CUSHIONS,3,0.003,3,3,0.001,0.001,1.0,0.06920415224913494,Low
POST,POSTAGE,3151,78119.88,1127,331,31.064977817213844,69.31666370896185,2.795918367346939,7.635524798154555,Very High
S,SAMPLES,2,63.05,2,0,31.525,31.525,1.0,0.0,Low
gift_0001_10,Dotcomgiftshop Gift Voucher £10.00,9,74.97,8,0,8.33,9.37125,1.125,0.0,Low
gift_0001_20,Dotcomgiftshop Gift Voucher £20.00,10,167.05,9,0,16.708888888888893,18.561111111111114,1.1111111111111112,0.0,Medium
gift_0001_30,Dotcomgiftshop Gift Voucher £30.00,7,175.53,7,0,25.075714285714287,25.075714285714287,1.0,0.0,Medium
gift_0001_40,Dotcomgiftshop Gift Voucher £40.00,3,100.69999999999999,3,0,33.56666666666666,33.56666666666666,1.0,0.0,Low
gift_0001_50,Dotcomgiftshop Gift Voucher £50.00,4,167.56,4,0,41.89,41.89,1.0,0.0,Medium
